item,item_name,existing_avg,existing_min,cc_avg,cc_min,avg_ratio,min_ratio,cc_item_count,cc_last_seen
4656,Small Pumpkin,207,130,2500000,2500000,12077.29,19230.77,5,2026-05-05 19:24:56
7097,Leg Meat,100,100,1000130,1000130,10001.3,10001.3,1,2026-06-30 07:05:17
31873,Design: Veiled Flame Spessarite,430137044,95662712,50000,50000,8602.74,1913.25,1,2026-06-27 08:25:16
6735,Plans: Ironforge Breastplate,77824322,53992483,10000,10000,7782.43,5399.25,1,2026-06-30 03:05:28
21944,Design: Truesilver Boar,286224085,224999595,48900,48800,5853.25,4610.65,3,2026-07-01 14:45:20
21177,Symbol of Kings,57381378,1625187,10255,10255,5595.45,158.48,8,2026-04-06 21:02:37
55,Apprentice's Boots,520336,326335,100,100,5203.36,3263.35,1,2026-05-21 00:25:11
13907,7 Pound Lobster,3390668,2034401,700,700,4843.81,2906.29,1,2026-07-01 14:25:16
3334,Farmer's Shovel,2415159,2287710,500,500,4830.32,4575.42,1,2026-06-18 02:05:32
22903,Recipe: Insane Strength Potion,55732730,24764841,13099,12800,4254.73,1934.75,3,2026-07-01 14:45:20
21949,Design: Ruby Serpent,192785653,149501998,49800,49800,3871.2,3002.05,1,2026-07-01 02:45:11
10309,Scroll of Agility IV,470,282,999999,999999,2127.66,3546.1,4,2026-07-01 14:25:16
3775,Crippling Poison,130004,40026,51,51,2549.1,784.82,20,2026-05-11 13:04:42
2512,Rough Arrow,4,4,10000,10000,2500.0,2500.0,189,2026-05-22 17:45:31
41586,Terrorshaft Arrow,56,35,85500,85500,1526.79,2442.86,200,2026-06-23 02:05:05
3322,Wispy Cloak,929286,505000,400,400,2323.22,1262.5,2,2026-06-28 09:25:34
1196,Tabar,10000000,10000000,4900,4900,2040.82,2040.82,1,2026-07-01 14:05:16
3033,Solid Shot,2662,10,20000,20000,7.51,2000.0,200,2026-04-06 08:42:27
21947,Design: Gem Studded Band,417396345,83142254,240316,235950,1736.86,352.37,7,2026-07-01 14:45:20
6517,Pioneer Belt,3500000,3500000,2350,2300,1489.36,1521.74,2,2026-07-01 14:25:16
22548,Formula: Enchant Cloak - Major Resistance,50568459,30341075,39400,20000,1283.46,1517.05,7,2026-07-01 14:45:20
2361,Battleworn Hammer,5430000,5430000,4400,4400,1234.09,1234.09,1,2026-05-30 05:25:12
6316,Loch Frenzy Delight,10000,10000,9,9,1111.11,1111.11,8,2026-06-21 12:45:14
2511,Hunter's Boomstick,4643421,2503950,4269,4269,1087.71,586.54,1,2026-06-19 04:05:34
36863,Decahedral Dwarven Dice,24926191,14955715,25500,25500,977.5,586.5,1,2026-07-01 15:05:19
44615,Devout Candle,7453783,699766,8000,8000,931.72,87.47,1,2026-06-15 16:05:16
22540,Formula: Enchant Shield - Shield Block,101656834,60994100,113300,113300,897.24,538.34,1,2026-07-01 02:45:11
5048,Blue Ribboned Wrapping Paper,177614,177614,200,200,888.07,888.07,1,2026-05-22 00:05:27
11732,Libram of Rumination,63797,38278,78,77,817.91,497.12,9,2026-07-01 14:25:16
16056,Schematic: Flawless Arcanite Rifle,73545415,22276546,90021,90021,816.98,247.46,1,2026-06-17 00:45:20
23476,Squire's Shirt,1211987,1211987,1500,1500,807.99,807.99,1,2026-06-30 04:05:31
31861,Great Dawnstone,50000,50000,40000000,40000000,800.0,800.0,1,2026-07-01 15:05:19
11584,Cactus Apple Surprise,7884,5191,10,10,788.4,519.1,10,2026-02-20 19:42:32
23637,Plans: Hand of Eternity,1085767,651460,490000000,490000000,451.29,752.16,1,2026-07-01 14:45:20
21801,Antenna of Invigoration,111110000,111110000,150000,150000,740.73,740.73,1,2026-05-08 17:04:59
11736,Libram of Resilience,49408,35317,70,70,705.83,504.53,12,2026-07-01 14:25:16
961,Healing Herb,22784,15173,33,33,690.42,459.79,3,2026-06-16 02:05:39
37331,Formula: Enchant Cloak - Superior Fire Resistance,94087408,87999696,150000,150000,627.25,586.66,1,2026-06-12 17:44:52
44749,Salted Yeti Cheese,2083,1250,757250,757250,363.54,605.8,8,2026-06-30 01:45:28
3315,Ceremonial Leather Loincloth,10846,6767,4000000,4000000,368.8,591.1,1,2026-07-01 14:05:16
18657,Schematic: Hyper-Radiant Flame Reflector,85880476,54500000,150000,150000,572.54,363.33,1,2026-06-12 17:44:52
22390,Plans: Persuader,11395715,7724247,20000,20000,569.79,386.21,1,2026-06-15 21:05:44
22309,Pattern: Big Bag of Enchantment,45496698,29708820,90000,90000,505.52,330.1,1,2026-06-13 20:05:23
4413,Schematic: Discombobulator Ray,4997390,3168292,10000,10000,499.74,316.83,1,2026-07-01 08:05:07
4071,Glimmering Mail Breastplate,20046,12028,6000000,6000000,299.31,498.84,1,2026-07-01 14:05:16
6096,Apprentice's Shirt,95912,57547,200,200,479.56,287.74,1,2026-04-22 22:23:05
13108,Tigerstrike Mantle,152256,91354,42218509,42218509,277.29,462.14,1,2026-07-01 04:45:04
12698,Plans: Dawnbringer Shoulders,18310488,10986293,40000,40000,457.76,274.66,1,2026-07-01 01:45:13
13499,Recipe: Greater Shadow Protection Potion,4241006,2787926,9999,9999,424.14,278.82,1,2026-06-16 05:05:37
20548,Pattern: Runed Stygian Belt,190642337,75773473,450000,450000,423.65,168.39,1,2026-04-25 09:23:12
20546,Pattern: Runed Stygian Leggings,17780181,10668109,42500,42500,418.36,251.01,1,2026-02-17 05:42:30
20966,Jade Pendant of Blasting,4133571,2295000,10000,10000,413.36,229.5,9,2026-06-20 17:05:18
40,Recruit's Boots,20464286,11250000,50000,50000,409.29,225.0,1,2026-07-01 14:05:16
11151,Formula: Enchant Gloves - Herbalism,1520650,988583,4000,4000,380.16,247.15,1,2026-06-29 17:45:22
10308,Scroll of Intellect IV,4614,2692,999999,999999,216.73,371.47,2,2026-07-01 14:25:16
4411,Schematic: Flame Deflector,3685494,2211296,10000,10000,368.55,221.13,1,2026-06-26 22:05:10
18610,Keen Machete,443763,139173,50000000,50000000,112.67,359.27,1,2026-07-01 14:45:20
24272,Shadowcloth,1827631,453421,5500,5500,332.3,82.44,9,2026-06-29 12:05:21
34837,The 2 Ring,561266724,77810217,1690000,1690000,332.11,46.04,1,2026-05-26 15:45:35
6046,Plans: Steel Weapon Chain,976645,972095,3450,3000,283.09,324.03,4,2026-07-01 14:05:16
1401,Green Tea Leaf,43,26,8400,8400,195.35,323.08,5,2026-05-25 14:45:59
47828,Goblin Beam Welder,602812,194172,1875,1875,321.5,103.56,15,2026-07-01 15:25:22
2680,Spiced Wolf Meat,1321,125,39799,39799,30.13,318.39,2,2026-07-01 14:05:16
6290,Brilliant Smallfish,22,19,5900,5900,268.18,310.53,1,2026-07-01 14:05:16
24271,Spellcloth,1651157,721451,5506,5506,299.88,131.03,19,2026-06-29 21:45:34
5465,Small Spider Leg,110,29,8965,8300,81.5,286.21,272,2026-07-01 14:05:16
3239,Rough Weightstone,10,10,2698,2698,269.8,269.8,5,2026-06-28 22:45:45
10033,Red Mageweave Headband,50859,37094,10000000,10000000,196.62,269.59,1,2026-07-01 14:25:16
41751,Black Mushroom,17829,10754,69,69,258.39,155.86,10,2026-05-31 00:25:37
25875,Deadly Throwing Axe,504999,9999,2000,2000,252.5,5.0,1,2026-04-21 12:42:45
23868,Singed Page,5001155,5001155,20000,20000,250.06,250.06,1,2026-05-11 18:04:49
20555,Plans: Darkrune Helm,60530389,53054010,242999,242999,249.1,218.33,1,2026-05-31 11:45:24
3202,Forest Leather Bracers,1356917,1094973,5500,5500,246.71,199.09,1,2026-07-01 14:05:16
30817,Simple Flour,370416,7617,1510,1510,245.31,5.04,40,2026-07-01 14:05:16
9745,Simple Cape,371694,223016,1600,1600,232.31,139.38,1,2026-07-01 14:25:16
25887,Schematic: Purple Smoke Flare,99501283,59700770,578500,258000,172.0,231.4,4,2026-07-01 14:45:20
4302,Small Green Dagger,700000,700000,3080,3080,227.27,227.27,1,2026-06-20 01:25:35
7026,Linen Belt,14568,4183,66,66,220.73,63.38,1,2026-06-18 07:05:20
16049,Schematic: Dark Iron Bomb,2087606,821064,9999,9999,208.78,82.11,1,2026-06-25 00:45:11
23884,Schematic: Mana Potion Injector,39784986,23870992,197500,195000,201.44,122.42,3,2026-07-01 14:45:20
10389,Hyperion Legplates,9999999,9999999,50000,50000,200.0,200.0,1,2026-07-01 00:05:18
2679,Charred Wolf Meat,2841,1705,15,15,189.4,113.67,7,2026-06-27 16:45:15
18655,Schematic: Major Recombobulator,18442318,16564053,98900,98900,186.47,167.48,1,2026-06-27 14:05:03
38801,Scroll of Enchant Gloves - Herbalism,4000,4000,713406,713406,178.35,178.35,1,2026-04-30 08:04:04
34411,Hot Apple Cider,267158,33753,1500,1500,178.11,22.5,60,2026-05-04 00:24:58
1195,Kobold Mining Shovel,382769,77460,2200,2200,173.99,35.21,3,2026-07-01 14:05:16
12261,Plans: Searing Golden Blade,8615395,2779707,50000,50000,172.31,55.59,1,2026-06-30 07:25:12
14564,Prospector's Mitts,21781,13069,2200000,2200000,101.01,168.34,1,2026-06-29 19:45:25
12728,Plans: Invulnerable Mail,8394206,2996580,50000,50000,167.88,59.93,1,2026-07-01 01:45:13
35,Bent Staff,1667656,1000594,10000,10000,166.77,100.06,1,2026-06-02 16:05:30
4388,Discombobulator Ray,830461,465496,5000,5000,166.09,93.1,1,2026-06-29 09:25:32
8177,Practice Sword,128388,64658,787,700,163.14,92.37,3,2026-07-01 14:25:16
24164,Design: Delicate Eternium Ring,4822228,4532070,30000,30000,160.74,151.07,1,2026-07-01 05:05:03
14514,Pattern: Robe of the Void,7900530,2219528,50000,50000,158.01,44.39,1,2026-06-30 16:45:14
20554,Plans: Darkrune Breastplate,15112447,9067468,100000,100000,151.12,90.67,1,2026-02-03 21:22:36
6709,Moonglow Vest,500000,500000,3500,3500,142.86,142.86,1,2026-04-27 15:43:40
4560,Fine Scimitar,104529,62717,734,730,142.41,85.91,3,2026-07-01 14:05:16
11138,Small Glowing Shard,130,53,1,1,130.0,53.0,458,2026-07-01 14:25:16
9318,Red Firework,12937,12126,100,100,129.37,121.26,30,2026-06-01 22:25:43
18265,Pattern: Flarecore Wraps,6361237,1505888,50000,50000,127.22,30.12,1,2026-05-27 22:25:42
4960,Flash Pellet,6127,1118,49,49,125.04,22.82,25,2026-07-01 14:05:16
4659,Warrior's Girdle,800,800,99999,99999,125.0,125.0,1,2026-07-01 02:45:11
6410,Insignia Bracers,1243775,746265,10000,10000,124.38,74.63,1,2026-06-30 04:45:26
30437,Jagged Red Crystal,541941,325165,4400,4400,123.17,73.9,1,2026-06-08 15:25:18
11109,Special Chicken Feed,122620,118094,1000,1000,122.62,118.09,1,2026-06-29 21:45:34
53,Neophyte's Shirt,303409,134065,2500,2500,121.36,53.63,1,2026-06-25 18:45:06
23345,Scout's Shirt,1200372,720223,10000,10000,120.04,72.02,1,2026-06-24 22:45:18
11737,Libram of Voracity,57798,51230,494,494,117.0,103.7,6,2026-07-01 14:25:16
23197,Idol of the Moon,71543,42926,4996249,4995000,69.84,116.36,2,2026-07-01 14:45:20
23804,Schematic: Power Amplification Goggles,11618888,6971333,100000,100000,116.19,69.71,1,2026-06-19 14:25:32
844,Tanned Leather Gloves,50000,50000,432,432,115.74,115.74,1,2026-06-08 17:45:19
28270,Formula: Enchant Chest - Major Resilience,3343945,2658467,29549,29500,113.17,90.12,4,2026-07-01 15:05:19
45,Squire's Shirt,168883,101330,1500,1500,112.59,67.55,1,2026-06-27 21:25:34
23883,Schematic: Healing Potion Injector,99999595,99999595,888442,888442,112.56,112.56,1,2026-07-01 14:45:20
3285,Tribal Bracers,250651,150391,2300,2300,108.98,65.39,1,2026-07-01 14:05:16
35192,Schematic: Primal-Attuned Goggles,21245953,8312850,194999,194999,108.95,42.63,1,2026-04-11 05:22:27
28399,Filtered Draenic Water,134541,3497,1235,1235,108.94,2.83,1,2026-06-29 22:05:33
22710,Bloodthistle,6019,2265,56,54,107.48,41.94,20,2026-07-01 05:24:59
35202,Design: Amulet of Flowing Life,80336422,51255670,750000,750000,107.12,68.34,1,2026-06-30 13:25:06
117,Tough Jerky,5095,2729,48,48,106.15,56.85,12,2026-07-01 14:05:16
42434,Lovely Cake Slice,13951,9435,1000000,1000000,71.68,105.99,1,2026-06-28 22:25:44
3384,Minor Magic Resistance Potion,10595,6357,100,100,105.95,63.57,3,2026-06-30 03:05:28
4605,Red-speckled Mushroom,10496,6354,100,100,104.96,63.54,1,2026-06-28 00:05:31
22389,Plans: Sageblade,15699972,9419983,150000,150000,104.67,62.8,1,2026-06-29 13:05:17
19726,Bloodvine,11436,9071,908499,908000,79.44,100.1,5,2026-07-01 14:45:20
778,Kobold Excavation Pick,100,100,9999,9999,99.99,99.99,1,2026-06-25 23:05:03
13903,22 Pound Salmon,978735,573165,10100,10100,96.9,56.75,1,2026-02-08 22:22:46
42175,Pattern: Green Lumberjack Shirt,3028993,1087099,31400,31400,96.46,34.62,1,2026-06-30 13:45:11
18679,Frigid Ring,7481291,4488775,80000,80000,93.52,56.11,1,2026-06-15 03:45:16
5205,Sprouted Frond,189,113,10526,10526,55.69,93.15,5,2026-05-29 07:05:19
14861,Vanguard Vambraces,56867,35271,3388925,3252500,59.59,92.21,2,2026-07-01 14:25:16
35954,Sweetened Goat's Milk,99666,59800,1094,1094,91.1,54.66,20,2026-01-07 01:23:06
38513,Boarhide Leggings,171980,103188,1900,1900,90.52,54.31,1,2026-06-30 03:45:28
35195,Schematic: Mayhem Projection Goggles,9009599,7627691,100000,100000,90.1,76.28,1,2026-02-09 04:22:33
22541,Formula: Enchant Shield - Resistance,2609676,2285028,29000,29000,89.99,78.79,4,2026-07-01 14:45:20
3311,Ceremonial Leather Ankleguards,140456,140456,1599,1599,87.84,87.84,1,2026-02-05 15:42:41
3609,Plans: Copper Chain Vest,141,101,8698,8698,61.69,86.12,1,2026-07-01 14:05:16
11813,Formula: Smoking Heart of the Mountain,2581896,1454507,30000,30000,86.06,48.48,1,2026-06-27 19:45:33
42177,Pattern: Red Workman's Shirt,1812071,1112988,21500,21500,84.28,51.77,1,2026-07-01 15:25:22
1179,Ice Cold Milk,20,12,1663,1000,83.15,83.33,9,2026-07-01 14:05:16
20974,Design: Jade Pendant of Blasting,23499099,9726705,284999,270000,82.45,36.02,6,2026-07-01 14:45:20
1445,Blackrock Pauldrons,143119,24873,1750,1750,81.78,14.21,1,2026-06-23 12:45:01
16253,Formula: Enchant Chest - Greater Stats,99838065,41998193,1241499,1229999,80.42,34.14,15,2026-07-01 14:45:20
42172,Pattern: Red Lumberjack Shirt,7760687,4656412,97250,97000,79.8,48.0,3,2026-07-01 15:25:22
36862,Worn Troll Dice,3820271,2804400,48261,48261,79.16,58.11,6,2026-07-01 15:05:19
43413,Glyph of Rapid Charge,23099,13410,300,300,77.0,44.7,24,2026-07-01 15:25:22
6202,Fingerless Gloves,111,111,8500,8500,76.58,76.58,1,2026-06-20 08:25:24
3240,Coarse Weightstone,20,20,1500,1500,75.0,75.0,5,2026-06-27 01:45:27
1438,Warrior's Shield,2224,1334,99900,99900,44.92,74.89,1,2026-06-30 02:25:27
18519,Pattern: Shifting Cloak,18647945,7094804,250000,250000,74.59,28.38,1,2026-06-20 22:05:27
4358,Rough Dynamite,5292,318,71,71,74.54,4.48,100,2026-06-29 10:25:19
31877,Design: Infused Nightseye,3707082,1573000,50000,50000,74.14,31.46,1,2026-06-26 04:04:58
5237,Mind-numbing Poison,118275,9875,1600,1600,73.92,6.17,1,2026-01-10 01:02:59
3647,Bright Bracers,732149,647653,10000,10000,73.21,64.77,1,2026-07-01 13:25:15
4669,Battle Chain Girdle,200,200,14499,14000,72.5,70.0,2,2026-07-01 14:05:16
3889,Russet Hat,718703,431222,10000,10000,71.87,43.12,1,2026-06-19 10:25:31
5083,Pattern: Kodo Hide Bag,4888247,1577911,69750,69750,70.08,22.62,1,2026-06-30 23:05:18
6125,Brawler's Harness,179413,107648,7500000,7500000,41.8,69.67,1,2026-06-22 18:05:13
24167,Design: Living Ruby Pendant,10335961,2239858,150000,150000,68.91,14.93,1,2026-06-24 02:05:24
1468,Murloc Fin,6821,5168,99,99,68.9,52.2,68,2026-07-01 14:05:16
12825,Plans: Blazing Rapier,136834239,89687196,2000000,2000000,68.42,44.84,1,2026-06-12 07:24:43
5066,Fissure Plant,518,284,18600,18600,35.91,65.49,6,2026-06-17 19:25:23
3328,Spider Web Robe,65321,37250,1000,1000,65.32,37.25,1,2026-06-25 14:45:01
38770,Scroll of Enchant Cloak - Minor Resistance,97558,10597,1500,1500,65.04,7.06,1,2026-05-03 13:44:44
24205,Design: Rigid Dawnstone,7075097,2123474,109750,109500,64.47,19.39,3,2026-07-01 14:45:20
32755,Pattern: Mantle of Nimble Thought,12870294,5264869,200000,200000,64.35,26.32,1,2026-06-03 20:24:55
38802,Scroll of Enchant Gloves - Fishing,217476,132514,3400,3400,63.96,38.97,1,2026-06-22 05:25:04
6786,Simple Dress,159112,98286,2491,2476,63.87,39.7,10,2026-07-01 14:25:16
42701,Enchanted Pearl,18193,13403,850000,850000,46.72,63.42,2,2026-07-01 15:25:22
17050,Chan's Imperial Robes,27304476,9070105,450000,450000,60.68,20.16,1,2026-06-01 17:05:17
14375,Sanguine Cuffs,302958,9239,5000,5000,60.59,1.85,1,2026-07-01 14:25:16
14807,Bloodlust Bracelets,35498,27962,1691264,1691264,47.64,60.48,1,2026-07-01 14:25:16
32749,Pattern: Shoulders of Lightning Reflexes,7240293,4401956,120000,120000,60.34,36.68,1,2026-06-24 21:05:18
59,Acolyte's Shoes,656203,482548,11000,11000,59.65,43.87,1,2026-04-03 02:02:31
38876,Scroll of Enchant Weapon - Winter's Might,1745486,1170588,69000101,69000101,39.53,58.94,1,2026-05-30 00:05:26
932,Fel Steed Saddlebags,37281,21318,637,637,58.53,33.47,1,2026-07-01 10:25:15
731,Goretusk Snout,1550,930,27,27,57.41,34.44,1,2026-07-01 08:25:12
3422,Beautiful Wildflowers,570810,65887,10000,10000,57.08,6.59,1,2026-06-19 08:46:05
3335,Farmer's Broom,562929,219156,10000,10000,56.29,21.92,1,2026-05-25 16:45:49
39686,Neo-Dynamic Gear Assembly,489040,109227,8711,8711,56.14,12.54,4,2026-07-01 15:25:22
3419,Red Rose,11220,4470,200,200,56.1,22.35,2,2026-07-01 14:05:16
14510,Pattern: Bottomless Bag,27939,26940,1500000,1500000,53.69,55.68,1,2026-06-30 19:45:14
42173,Pattern: Blue Lumberjack Shirt,2201183,1409242,39600,39600,55.59,35.59,1,2026-07-01 15:25:22
15871,Truesilver Skeleton Key,4829,3367,186920,186920,38.71,55.52,3,2026-07-01 14:45:20
14464,Elunarian Silk Robes,2220000,2220000,40000,40000,55.5,55.5,1,2026-06-25 21:04:56
14855,Vanguard Gauntlets,74373,36208,3000000,2000000,40.34,55.24,2,2026-07-01 14:25:16
23154,Design: Stormy Azure Moonstone,5944609,3568545,107849,107500,55.12,33.2,2,2026-07-01 14:45:20
12824,Plans: Enchanted Battlehammer,136834239,89687196,2500000,2500000,54.73,35.87,1,2026-06-12 07:24:43
7338,Mood Ring,545389,46231,10000,10000,54.54,4.62,1,2026-05-20 11:25:24
2678,Mild Spices,21723,5408,400,400,54.31,13.52,60,2026-07-01 14:05:16
20815,Jeweler's Kit,108489,23002,2000,2000,54.24,11.5,11,2026-06-27 07:45:21
25653,Riding Crop,10276172,9669620,190000,190000,54.09,50.89,8,2026-07-01 14:45:20
14656,Scorpashi Cape,36603,21962,1178505,1178505,32.2,53.66,4,2026-06-30 08:05:15
35953,Mead Basted Caribou,530017,89531,10000,10000,53.0,8.95,5,2026-05-24 17:06:03
6588,Scouting Spaulders,36133,9726,682,680,52.98,14.3,4,2026-07-01 14:25:16
7676,Thistle Tea,90552,68427,1730,1730,52.34,39.55,10,2026-06-30 17:45:10
31126,Gloves of Ferocity,88077,28620,1497499,1497499,17.0,52.32,3,2026-07-01 15:05:19
11612,Plans: Dark Iron Plate,1294209,412990,25000,25000,51.77,16.52,1,2026-07-01 03:25:06
10306,Scroll of Spirit IV,1904,963,49800,49800,26.16,51.71,6,2026-07-01 14:25:16
24215,Design: Luminous Noble Topaz,2554761,1532857,50000,50000,51.1,30.66,1,2026-07-01 02:45:11
14801,Bloodlust Cape,27895,16737,1270569,850000,45.55,50.79,2,2026-07-01 14:25:16
159,Refreshing Spring Water,153844,3222,3046,3046,50.51,1.06,5,2026-07-01 13:05:13
4233,Cured Medium Hide,21665,16081,430,430,50.38,37.4,26,2026-07-01 14:05:16
19295,Darkmoon Flower,500201,125857,10000,10000,50.02,12.59,1,2026-06-10 09:04:43
2397,Light Mail Gloves,1000,1000,50000,50000,50.0,50.0,1,2026-05-19 03:45:25
2321,Fine Thread,3695,2217,74,74,49.93,29.96,16,2026-07-01 10:05:11
6889,Small Egg,4948,3355,100,100,49.48,33.55,280,2026-07-01 14:25:16
33954,Plans: Hammer of Righteous Might,1520443,1105526,75154999,309999,49.43,3.57,2,2026-07-01 15:05:19
6294,12 Pound Mud Snapper,123451,106771,2500,2500,49.38,42.71,1,2026-06-25 02:25:09
20978,Apprentice's Staff,540332,324199,11000,11000,49.12,29.47,1,2026-04-03 02:02:31
7228,Tigule and Foror's Strawberry Ice Cream,49025,5540,999,999,49.07,5.55,20,2026-06-11 21:24:46
8397,Pattern: Tough Scorpid Bracers,4511,1460,69900,69900,15.5,47.88,1,2026-07-01 14:25:16
39520,Kungaloosh,887,532,24798,24798,27.96,46.61,21,2026-07-01 15:25:22
17020,Arcane Powder,1803,1082,50000,50000,27.73,46.21,4,2026-07-01 14:45:20
22904,Recipe: Elixir of the Searching Eye,5467794,2305346,118750,108500,46.04,21.25,2,2026-07-01 14:45:20
5503,Clam Meat,11469,3430,250,250,45.88,13.72,169,2026-07-01 14:05:16
2251,Gooey Spider Leg,9069,8839,199,199,45.57,44.42,19,2026-07-01 14:05:16
24199,Design: Solid Star of Elune,2248136,1656562,50000,50000,44.96,33.13,1,2026-06-29 01:25:46
15728,Pattern: Wicked Leather Bracers,374491,184478,8500,8500,44.06,21.7,1,2026-06-10 05:45:02
4232,Medium Hide,7702,4589,175,166,44.01,27.64,181,2026-07-01 14:05:16
14045,Cindercloth Pants,95790,57474,2500000,2500000,26.1,43.5,1,2026-06-03 23:24:56
10507,Solid Dynamite,71100,31777,1643,1643,43.27,19.34,4,2026-07-01 14:25:16
23203,Libram of Fervor,70241,68750,3000000,1000000,42.71,14.55,2,2026-07-01 14:45:20
1928,Defias Mage Staff,212126,127276,5000,5000,42.43,25.46,1,2026-04-30 03:23:59
49,Footpad's Shirt,420000,420000,9900,9900,42.42,42.42,3,2026-07-01 14:05:16
2495,Walking Stick,712,712,30000,30000,42.13,42.13,1,2026-07-01 14:05:16
12631,Fiery Plate Gauntlets,39270,23562,990000,990000,25.21,42.02,1,2026-06-12 13:44:49
5081,Kodo Hide Bag,16800,10080,400,400,42.0,25.2,1,2026-06-13 05:05:02
5319,Bashing Pauldrons,62962,37777,1500,1500,41.97,25.18,1,2026-06-28 01:25:36
23329,Enriched Lasher Root,25158,11163,600,600,41.93,18.61,1,2026-07-01 14:45:20
4079,Chief Brigadier Leggings,26990,17029,713011,713011,26.42,41.87,1,2026-07-01 14:05:16
5957,Handstitched Leather Vest,33423,5286,800,800,41.78,6.61,1,2026-07-01 11:05:12
23473,Recruit's Shirt,412402,247441,9900,9900,41.66,24.99,1,2026-06-30 21:05:10
24214,Design: Potent Noble Topaz,3303970,1295319,80000,80000,41.3,16.19,1,2026-06-30 09:24:57
15410,Scale of Onyxia,246819,33469,6000,6000,41.14,5.58,3,2026-06-25 18:45:06
3424,Bouquet of Black Roses,6128957,6128957,150000,150000,40.86,40.86,1,2026-06-27 16:45:15
34751,Roasted Worg,39304,24029,965,965,40.73,24.9,66,2026-07-01 15:05:19
38944,Scroll of Enchant Boots - Boar's Speed,8002880,4801728,200000,200000,40.01,24.01,1,2026-02-08 16:02:47
5773,Pattern: Robes of Arcana,3592369,2155421,90000,90000,39.92,23.95,1,2026-07-01 01:05:16
11150,Formula: Enchant Gloves - Mining,159156,98682,4000,4000,39.79,24.67,4,2026-07-01 14:25:16
15299,Grizzly Cape,126,126,4999,4999,39.67,39.67,1,2026-07-01 14:25:16
35201,Design: Pendant of Sunfire,74978981,40421362,1940950,1940950,38.63,20.83,1,2026-01-09 22:22:59
2681,Roasted Boar Meat,690,414,18,18,38.33,23.0,30,2026-06-25 19:44:58
4248,Dark Leather Gloves,21780,13068,500000,500000,22.96,38.26,1,2026-06-30 03:05:28
13462,Purification Potion,44294,26576,1170,1170,37.86,22.71,3,2026-06-15 16:45:15
43365,Glyph of Blessing of Kings,226190,87161,6000,6000,37.7,14.53,21,2026-07-01 15:25:22
24218,Design: Radiant Talasite,1873024,597874,50000,50000,37.46,11.96,1,2026-07-01 14:45:20
14604,Warden's Wizard Hat,35924,21554,804998,804998,22.41,37.35,5,2026-07-01 14:25:16
3591,Padded Belt,18670,10691,500,500,37.34,21.38,1,2026-04-27 17:23:45
43725,Glyph of Ghost Wolf,186517,110307,5000,5000,37.3,22.06,22,2026-07-01 15:25:22
44737,Draenic Silk Robes,18600000,11160000,500000,500000,37.2,22.32,1,2026-07-01 15:25:22
3685,Raptor Egg,7846,3665,213,213,36.84,17.21,134,2026-07-01 14:05:16
5257,Dark Hooded Cape,1463380,1303661,39969,39969,36.61,32.62,1,2026-07-01 11:25:09
3667,Tender Crocolisk Meat,5414,3248,148,148,36.58,21.95,116,2026-07-01 14:05:16
3396,Recipe: Elixir of Lesser Agility,17964,12890,495,494,36.29,26.09,6,2026-07-01 14:05:16
2672,Stringy Wolf Meat,3864,3369,209,93,18.49,36.23,656,2026-07-01 14:05:16
6048,Shadow Protection Potion,2146,720,25999,25999,12.12,36.11,5,2026-06-11 20:24:49
3421,Simple Wildflowers,179779,99344,5000,5000,35.96,19.87,1,2026-06-21 15:45:20
22542,Formula: Enchant Boots - Vitality,7525651,2872933,216700,216700,34.73,13.26,7,2026-07-01 14:45:20
2168,Foreman's Boots,44951,27009,1300,1300,34.58,20.78,1,2026-02-15 10:22:34
8137,Chromite Bracers,45859,27515,934385,934385,20.38,33.96,1,2026-07-01 14:25:16
43647,Shimmering Minnow,3084,1487,91,90,33.89,16.52,47,2026-07-01 15:25:22
2092,Worn Dagger,2491,1495,50647,50647,20.33,33.88,1,2026-07-01 14:05:16
14838,Tyrant's Belt,45695,35510,1196643,1196643,26.19,33.7,1,2026-07-01 14:25:16
10608,Schematic: Sniper Scope,185236,158967,5500,5500,33.68,28.9,1,2026-07-01 14:25:16
15753,Pattern: Stormshroud Armor,3366632,1166877,100000,100000,33.67,11.67,1,2026-07-01 14:45:20
14829,Symbolic Legplates,43158,25895,870000,870000,20.16,33.6,1,2026-07-01 12:05:10
29714,Pattern: Drums of Restoration,1485110,318061,44200,44000,33.6,7.23,2,2026-07-01 15:05:19
35219,Pattern: Sun-Drenched Scale Chestguard,33779841,10390021,1010100,1010100,33.44,10.29,1,2026-06-30 05:25:23
6044,Plans: Iron Shield Spike,6532,2686,89749,89500,13.74,33.32,3,2026-07-01 14:05:16
42961,Glyph of Eviscerate,129715,42850,3900,3900,33.26,10.99,32,2026-07-01 15:25:22
2367,Woven Boots,200,200,6600,6600,33.0,33.0,1,2026-01-14 09:22:47
13885,34 Pound Redgill,245843,73346,7500,7500,32.78,9.78,1,2026-07-01 14:25:16
43652,Slippery Eel,5570,1928,170,170,32.76,11.34,15,2026-07-01 15:25:22
14821,Symbolic Breastplate,43506,26104,853860,853860,19.63,32.71,1,2026-06-30 08:05:15
32676,Depleted Cloth Bracers,8158819,4275000,250000,250000,32.64,17.1,1,2026-02-19 20:22:36
2267,Stonesplinter Mace,81507,48904,2500,2500,32.6,19.56,1,2026-06-23 20:25:05
17709,Recipe: Elixir of Frost Power,2170391,1881286,70000,70000,31.01,26.88,1,2026-01-18 01:42:37
422,Dwarven Mild,3055,617,99,99,30.86,6.23,1,2026-06-25 20:44:58
8069,Crafted Solid Shot,15448,159,501,501,30.83,3.15,200,2026-06-19 11:45:26
9751,Gypsy Sandals,300,300,9199,9199,30.66,30.66,2,2026-07-01 14:25:16
31276,Boots of Zealotry,188109,112865,3452747,3452747,18.36,30.59,1,2026-06-22 17:05:06
37602,Armor Vellum II,43332,33116,999999,999999,23.08,30.2,4,2026-07-01 15:05:19
6663,Recipe: Elixir of Giant Growth,118269,93577,3920,3860,30.17,24.24,8,2026-07-01 14:25:16
6835,Black Tuxedo Pants,207488,26750,799500,799500,3.85,29.89,1,2026-07-01 14:25:16
8925,Crystal Vial,65304,3843,2193,1999,29.78,1.92,260,2026-07-01 14:25:16
2974,Hunting Pants,20528,10087,299000,299000,14.57,29.64,1,2026-07-01 14:05:16
13461,Greater Arcane Protection Potion,28343,17006,500000,500000,17.64,29.4,44,2026-07-01 14:25:16
4061,Imperial Leather Bracers,30136,18082,531374,531374,17.63,29.39,2,2026-07-01 14:05:16
20709,Rumsey Rum Light,2931,2639,100,100,29.31,26.39,27,2026-07-01 14:45:20
17054,Joonho's Mercy,300431,136742,3990000,3990000,13.28,29.18,1,2026-07-01 14:45:20
24213,Design: Inscribed Noble Topaz,1457592,1195897,50000,50000,29.15,23.92,1,2026-06-29 01:25:46
43395,Glyph of Battle,174581,68652,6000,6000,29.1,11.44,16,2026-07-01 15:25:22
22532,Formula: Enchant Bracer - Restore Mana Prime,2899095,2557305,99749,99499,29.06,25.7,3,2026-07-01 14:45:20
14511,Pattern: Gloves of Spell Mastery,24542,17214,500000,500000,20.37,29.05,1,2026-06-25 20:44:58
13887,52 Pound Redgill,1451106,1451106,50000,50000,29.02,29.02,1,2026-06-22 10:05:12
32897,Mark of the Illidari,14360,8085,496,496,28.95,16.3,14,2026-07-01 15:05:19
14781,Khan's Cloak,44916,26950,779532,779532,17.36,28.93,1,2026-07-01 14:25:16
31876,Design: Balanced Nightseye,1444290,592843,50000,50000,28.89,11.86,1,2026-07-01 15:05:19
24305,Pattern: Resolute Cape,1039201,684556,36000,36000,28.87,19.02,1,2026-06-30 17:05:14
14509,Pattern: Mooncloth Circlet,23086,17334,500000,500000,21.66,28.85,1,2026-06-11 11:44:37
7350,Disciple's Bracers,20087,20087,700,700,28.7,28.7,1,2026-06-19 14:25:32
43386,Glyph of Water Shield,185914,78000,6500,6500,28.6,12.0,25,2026-07-01 15:25:22
35217,Pattern: Embrace of the Phoenix,22846481,12009816,800000,800000,28.56,15.01,1,2026-05-27 15:25:29
8109,Hibernal Cloak,32262,19357,548503,548503,17.0,28.34,4,2026-06-30 08:05:15
4600,Cherry Grog,23740,20250,850,850,27.93,23.82,1,2026-03-13 19:42:43
43339,Glyph of Arcane Intellect,167448,100469,6000,6000,27.91,16.74,13,2026-07-01 15:25:22
32662,Flaming Quartz Staff,599834,359900,10000000,10000000,16.67,27.79,1,2026-05-18 22:05:28
32675,Depleted Mail Gauntlets,210714,126428,3500000,3500000,16.61,27.68,1,2026-04-16 00:02:31
21864,Soulcloth Shoulders,5500000,5500000,200000,200000,27.5,27.5,1,2026-01-24 01:02:40
15965,Windchaser Orb,33971,27933,767606,767606,22.6,27.48,4,2026-07-01 14:45:20
38859,Scroll of Enchant Cloak - Superior Defense,1371277,300726,49900,49900,27.48,6.03,1,2026-06-30 07:25:12
15891,Hulking Shield,218921,109224,8000,8000,27.37,13.65,1,2026-07-01 14:45:20
34539,Righteous Weapon Coating,273023,163814,10000,10000,27.3,16.38,1,2026-04-02 13:22:28
14857,Vanguard Sabatons,57276,29985,846789,816580,14.78,27.23,2,2026-07-01 14:25:16
15745,Pattern: Runic Leather Belt,9664,5798,157500,157500,16.3,27.16,1,2026-07-01 14:45:20
3282,Battle Chain Pants,10836,6502,400,400,27.09,16.25,1,2026-06-26 21:45:07
43390,Glyph of Drain Soul,161228,71430,6000,6000,26.87,11.9,34,2026-07-01 15:25:22
2886,Crag Boar Rib,12372,7423,461,461,26.84,16.1,45,2026-07-01 14:05:16
12689,Plans: Radiant Breastplate,13975,9919,374500,250000,26.8,25.2,2,2026-07-01 14:25:16
42898,Glyph of Arcane Shot,93760,60080,3500,3500,26.79,17.17,31,2026-07-01 15:25:22
2682,Cooked Crab Claw,75,75,2000,2000,26.67,26.67,1,2026-06-30 04:05:31
14840,Tyrant's Legplates,36408,35674,950000,950000,26.09,26.63,1,2026-06-30 05:25:23
3303,Brackwater Bracers,7929,7500,300,300,26.43,25.0,1,2026-05-13 18:25:04
14803,Bloodlust Belt,74830,57252,1592575,1500000,21.28,26.2,2,2026-07-01 14:25:16
35193,Schematic: Lightning Etched Specs,10477171,6286303,400000,400000,26.19,15.72,1,2026-05-01 18:44:32
769,Chunk of Boar Meat,1202,721,46,42,26.13,17.17,824,2026-07-01 14:05:16
5740,Red Fireworks Rocket,10299,6179,397,397,25.94,15.56,24,2026-07-01 14:05:16
2584,Woolen Cape,18060,5816,699,699,25.84,8.32,5,2026-06-26 11:24:55
13895,Formal Dangui,1292155342,84132656,50000000,50000000,25.84,1.68,1,2026-06-28 13:05:18
16220,Formula: Enchant Boots - Spirit,33462,19280,498500,498000,14.9,25.83,3,2026-07-01 14:45:20
3486,Heavy Grinding Stone,1435,1433,36900,36800,25.71,25.68,11,2026-07-01 14:05:16
43316,Glyph of Aquatic Form,164054,73354,6500,6500,25.24,11.29,28,2026-07-01 15:25:22
4792,Spirit Cloak,114550,68013,4555,4555,25.15,14.93,1,2026-06-30 19:25:16
2959,Journeyman's Boots,20000,20000,800,800,25.0,25.0,1,2026-07-01 14:05:16
5781,Murloc Scale Breastplate,499999,499999,20000,20000,25.0,25.0,1,2026-07-01 10:25:15
6199,Black Widow Band,50000,50000,2000,2000,25.0,25.0,1,2026-04-03 08:02:36
30283,Pattern: Boots of the Long Road,6156748,3694049,250000,250000,24.63,14.78,1,2026-06-19 21:05:40
1607,Soulkeeper,92843,55706,1359999,1359999,14.65,24.41,1,2026-07-01 14:05:16
38930,Scroll of Enchant Chest - Major Resilience,617694,195569,4772853,4772853,7.73,24.4,4,2026-07-01 15:25:22
43377,Glyph of Pick Lock,194881,114287,8000,8000,24.36,14.29,22,2026-07-01 15:25:22
13458,Greater Nature Protection Potion,26261,20629,500000,500000,19.04,24.24,95,2026-07-01 14:25:16
24209,Design: Sovereign Nightseye,1443279,802330,59999,59999,24.06,13.37,1,2026-06-29 09:45:28
43646,Fountain Goldfish,1490,1380,62,62,24.03,22.26,15,2026-06-29 19:45:25
10506,Deepdive Helmet,5999999,5999999,250000,250000,24.0,24.0,1,2026-03-10 19:42:29
2575,Red Linen Shirt,45453,21942,1899,1899,23.94,11.55,3,2026-07-01 14:05:16
25683,Stylin' Crimson Hat,11890526,11016240,500000,500000,23.78,22.03,1,2026-02-28 20:42:37
29718,Pattern: Drums of Speed,2371199,1422719,100000,100000,23.71,14.23,1,2026-06-20 18:05:17
1935,Assassin's Blade,7813270,7288982,329999,329999,23.68,22.09,6,2026-07-01 14:05:16
14772,Ravager's Handwraps,34711,17203,407349,407349,11.74,23.68,3,2026-07-01 14:25:16
43389,Glyph of Unending Breath,153455,101112,6500,6500,23.61,15.56,29,2026-07-01 15:25:22
14552,Stockade Pauldrons,178163,106898,2500000,2500000,14.03,23.39,1,2026-07-01 14:25:16
16000,Thorium Tube,17544,11511,269000,269000,15.33,23.37,13,2026-07-01 14:45:20
38998,Scroll of Enchant Weapon - Deathfrost,11791877,7075126,504600,504600,23.37,14.02,1,2026-03-27 01:02:36
127,Trapper's Shirt,232756,139654,10000,10000,23.28,13.97,1,2026-06-25 15:25:02
929,Healing Potion,2729,1637,119,116,22.93,14.11,92,2026-07-01 14:05:16
17303,Blue Ribboned Wrapping Paper,1864,1050,24000,24000,12.88,22.86,10,2026-06-04 04:24:54
40474,Surge Needle Ring,14861451,9638235,219507525,219507525,14.77,22.77,1,2026-06-30 11:25:00
3649,Tribal Buckler,50000,50000,2200,2200,22.73,22.73,1,2026-06-22 04:25:05
942,Freezing Band,251819,143537,3375000,3250000,13.4,22.64,3,2026-07-01 14:05:16
3871,Plans: Golden Scale Shoulders,40670,19013,1797,1600,22.63,11.88,4,2026-07-01 14:05:16
6425,Blackforge Girdle,34041,20425,462499,461999,13.59,22.62,2,2026-07-01 14:25:16
5637,Large Fang,11262,5215,498,498,22.61,10.47,59,2026-07-01 14:05:16
14839,Tyrant's Greaves,47506,28504,644287,644000,13.56,22.59,2,2026-07-01 14:25:16
15742,Pattern: Warbear Harness,97518,64311,1447500,1447500,14.84,22.51,1,2026-07-01 14:45:20
23810,Schematic: Crashin' Thrashin' Robot,9084007,5128509,404499,310000,22.46,16.54,4,2026-07-01 14:45:20
1197,Giant Mace,110000,110000,4900,4900,22.45,22.45,1,2026-07-01 14:05:16
2665,Stormwind Seasoning Herbs,16587,9952,739,739,22.45,13.47,6,2026-07-01 14:05:16
12053,Volcanic Rock Ring,78001,73158,3500,3500,22.29,20.9,1,2026-06-30 17:25:11
14476,Pattern: Cindercloth Gloves,2229470,1337682,100000,100000,22.29,13.38,1,2026-07-01 14:25:16
31875,Design: Great Dawnstone,1151735,524252,51695,51695,22.28,10.14,1,2026-06-27 10:45:06
45862,Bold Stormjewel,2062236,1796523,40000000,40000000,19.4,22.27,1,2026-06-29 15:05:21
2915,Taran Icebreaker,112533,67520,1499999,1499999,13.33,22.22,1,2026-07-01 14:05:16
6716,Schematic: EZ-Thro Dynamite,5634,3103,69400,68800,12.32,22.17,4,2026-07-01 14:25:16
16714,Wildheart Bracers,60048,36029,795150,795150,13.24,22.07,1,2026-07-01 14:45:20
1203,Aegis of Stormwind,71613,42968,947699,947699,13.23,22.06,3,2026-07-01 14:05:16
23826,The Bigger One,878484,188797,39989,39989,21.97,4.72,1,2026-07-01 09:25:09
14341,Rune Thread,27414,17128,1250,1250,21.93,13.7,2,2026-06-22 14:25:12
13883,45 Pound Redgill,217510,129381,9999,9999,21.75,12.94,1,2026-06-26 21:05:06
13757,Lightning Eel,1999,1907,92,92,21.73,20.73,172,2026-07-01 14:25:16
24216,Design: Glinting Noble Topaz,1518059,1371474,70000,70000,21.69,19.59,1,2026-06-29 11:25:23
5997,Elixir of Minor Defense,1277,766,59,58,21.64,13.21,27,2026-07-01 14:05:16
18487,Pattern: Mooncloth Robe,686761,464290,10000000,10000000,14.56,21.54,1,2026-06-20 14:25:06
15301,Grizzly Slippers,779,467,9999,9999,12.84,21.41,1,2026-06-29 08:25:37
11734,Libram of Tenacity,35134,21963,1645,1640,21.36,13.39,14,2026-07-01 14:25:16
40922,Glyph of Wrath,27209,14389,1291,1290,21.08,11.15,22,2026-07-01 15:25:22
24171,Design: Chain of the Twilight Owl,1047383,628430,50000,50000,20.95,12.57,1,2026-06-29 11:45:22
38913,Scroll of Enchant Chest - Exceptional Stats,1047587,628552,50000,50000,20.95,12.57,1,2026-06-12 21:45:03
6367,Big Iron Fishing Pole,1047044,628226,50000,50000,20.94,12.56,1,2026-06-27 09:45:13
6657,Savory Deviate Delight,41602,23873,2000,2000,20.8,11.94,6244,2026-07-01 14:25:16
4537,Tel'Abim Banana,19,19,395,395,20.79,20.79,3,2026-06-24 05:05:24
11168,Formula: Enchant Shield - Lesser Block,585792,508330,28199,28199,20.77,18.03,1,2026-07-01 03:05:07
6522,Deviate Fish,30809,18705,1485,1485,20.75,12.6,64,2026-07-01 14:25:16
14847,Sunscale Belt,44223,26534,549500,549000,12.43,20.69,2,2026-07-01 14:25:16
6271,Pattern: Red Linen Vest,2061,475,101,101,20.41,4.7,1,2026-07-01 14:05:16
2271,Staff of the Blessed Seer,4042776,921860,198900,198900,20.33,4.63,1,2026-06-27 04:45:19
14507,Pattern: Mooncloth Shoulders,202686,128066,10000,10000,20.27,12.81,1,2026-06-27 00:25:24
2973,Hunting Tunic,20165,17485,1000,1000,20.16,17.48,1,2026-06-30 23:45:20
5541,Iridescent Hammer,200937,200937,10000,10000,20.09,20.09,1,2026-06-07 21:05:17
3286,Tribal Gloves,99950,99900,4999,4999,19.99,19.98,1,2026-07-01 14:05:16
24197,Design: Subtle Living Ruby,2992008,1795205,150000,150000,19.95,11.97,1,2026-06-29 14:25:16
1930,Stonemason Cloak,19942,11965,1000,1000,19.94,11.96,3,2026-07-01 14:05:16
7989,Plans: Mithril Spurs,48290,38062,759000,759000,15.72,19.94,16,2026-07-01 14:25:16
13094,The Queen's Jewel,49433,29660,590000,590000,11.94,19.89,1,2026-06-28 06:05:17
2623,Holy Diadem,75926,37729,748568,748568,9.86,19.84,2,2026-06-30 08:05:15
23767,Crashin' Thrashin' Robot,1980547,1096522,100000,100000,19.81,10.97,1,2026-06-21 08:05:09
30816,Spice Bread,275,270,14,14,19.64,19.29,40,2026-06-28 17:45:22
2924,Crocolisk Meat,3921,1403,200,200,19.61,7.01,1,2026-07-01 14:05:16
9511,Bloodletter Scalpel,999999,999999,51250,51000,19.51,19.61,5,2026-07-01 14:25:16
18672,Elemental Ember,582788,349673,30000,30000,19.43,11.66,1,2026-05-22 03:45:28
44953,Worg Tartare,17365,8054,156749,156500,9.03,19.43,2,2026-07-01 15:25:22
38834,Scroll of Enchant Gloves - Advanced Herbalism,3630952,814833,188721,188721,19.24,4.32,10,2026-07-01 15:25:22
38706,Bowels 'n' Brains,15371,9223,800,800,19.21,11.53,18,2026-06-29 20:05:26
3662,Crocolisk Steak,608,365,7000,7000,11.51,19.18,6,2026-07-01 14:05:16
15075,Chimeric Vest,28800,28800,550000,550000,19.1,19.1,4,2026-07-01 14:25:16
2677,Boar Ribs,13966,10758,733,733,19.05,14.68,64,2026-07-01 14:05:16
43553,Glyph of Unbreakable Armor,12004,2253,631,627,19.02,3.59,10,2026-07-01 15:25:22
1318,Night Reaver,568030,340818,30000,30000,18.93,11.36,1,2026-07-01 14:05:16
24053,Mystic Dawnstone,77808,46685,883872,883872,11.36,18.93,1,2026-04-18 08:22:13
7095,Bog Boots,200,200,3783,3783,18.91,18.91,1,2026-07-01 14:25:16
27859,Zangar Caps,186108,9993,9900,9900,18.8,1.01,3,2026-06-27 16:45:15
5504,Tangy Clam Meat,44856,30009,2399,2300,18.7,13.05,98,2026-07-01 14:05:16
22837,Heroic Potion,186786,107500,10000,10000,18.68,10.75,1,2026-06-27 16:25:14
6360,Steelscale Crushfish,173659,51889,9300,9300,18.67,5.58,1,2026-06-09 17:45:23
35189,Schematic: Powerheal 9000 Lens,10671838,5911003,574334,574334,18.58,10.29,1,2026-04-13 01:02:28
4544,Mulgore Spice Bread,764,458,8480,8480,11.1,18.52,1,2026-06-27 16:45:15
32411,Design: Thundering Skyfire Diamond,1935485,1404597,105000,105000,18.43,13.38,1,2026-06-28 07:25:13
14659,Scorpashi Leggings,41267,24760,456499,456000,11.06,18.42,4,2026-07-01 14:25:16
31335,Pants of Living Growth,5524835,3314901,300000,300000,18.42,11.05,1,2026-06-29 18:05:25
38835,Scroll of Enchant Cloak - Lesser Agility,736290,174950,39999,39999,18.41,4.37,1,2026-06-29 23:25:31
7070,Elemental Water,7329,4300,400,400,18.32,10.75,29,2026-07-01 14:25:16
6579,Defender Spaulders,18223,10934,995,995,18.31,10.99,7,2026-07-01 14:25:16
12218,Monster Omelet,1125,675,12200,12200,10.84,18.07,4,2026-06-24 19:45:16
3207,Hunting Bracers,923,554,9999,9999,10.83,18.05,1,2026-07-01 14:05:16
42410,Glyph of Psychic Scream,8723,8241,484,483,18.02,17.06,27,2026-07-01 15:25:22
10143,High Councillor's Robe,899999,899999,50000,50000,18.0,18.0,1,2026-06-27 03:45:21
6373,Elixir of Firepower,8956,5374,499,499,17.95,10.77,25,2026-07-01 14:05:16
43366,Glyph of Blessing of Wisdom,99783,77780,5559,4750,17.95,16.37,18,2026-07-01 15:25:22
10501,Catseye Ultra Goggles,187947,172345,10494,10494,17.91,16.42,14,2026-05-26 18:45:35
11223,Formula: Enchant Bracer - Deflection,441578,224688,24700,24600,17.88,9.13,2,2026-07-01 14:25:16
29203,Enchanted Thorium Blades,357539,214523,20000,20000,17.88,10.73,1,2026-06-17 11:05:12
2821,Mo'grosh Masher,29078,16788,300000,300000,10.32,17.87,1,2026-07-01 13:05:13
6415,Aurora Robe,49674,29804,532499,532499,10.72,17.87,1,2026-07-01 05:05:03
3372,Leaded Vial,5862,5069,329,329,17.82,15.41,159,2026-07-01 14:05:16
27686,Recipe: Roasted Moongraze Tenderloin,2825982,1695589,158912,158750,17.78,10.68,2,2026-07-01 15:05:19
17682,Book: Gift of the Wild,16460,11223,198999,198999,12.09,17.73,3,2026-07-01 14:45:20
24220,Design: Jagged Talasite,1939624,1347571,109664,109664,17.69,12.29,1,2026-06-30 12:44:57
16251,Formula: Enchant Bracer - Superior Stamina,78004,22904,1379250,250000,17.68,10.92,2,2026-07-01 14:45:20
4470,Simple Wood,8829,2778,500,500,17.66,5.56,51,2026-06-20 12:25:07
3074,Smoldering Gloves,15865,9519,900,900,17.63,10.58,1,2026-06-05 20:45:06
13009,Cow King's Hide,47172,28303,499500,499000,10.59,17.63,2,2026-07-01 14:25:16
45849,Twilight Tome,1762748,1642230,100000,100000,17.63,16.42,1,2026-06-27 02:05:23
6317,Raw Loch Frenzy,17617,13428,1000,1000,17.62,13.43,2,2026-07-01 09:25:09
14374,Sanguine Sandals,79288,65011,4500,4500,17.62,14.45,1,2026-06-30 06:25:19
12227,Recipe: Lean Wolf Steak,1760341,1056205,100000,100000,17.6,10.56,2,2026-07-01 14:25:16
24298,Pattern: Blackstrike Bracers,1759870,866168,99999,99999,17.6,8.66,1,2026-07-01 14:45:20
14126,Ritual Amice,24610,14766,1400,1250,17.58,11.81,4,2026-07-01 14:25:16
37803,Lola's Lifegiving Branch,332434,199460,3500000,3500000,10.53,17.55,1,2026-07-01 15:05:19
24204,Design: Smooth Dawnstone,1750593,1401943,100000,100000,17.51,14.02,1,2026-06-30 12:44:57
37743,Legguards of Brutalization,191275,171734,3000000,3000000,15.68,17.47,1,2026-07-01 13:45:14
27635,Lynx Steak,4340,625,249,249,17.43,2.51,9,2026-04-29 15:43:54
40903,Glyph of Rake,34101,20461,1956,1954,17.43,10.47,20,2026-07-01 15:25:22
148,Rugged Trapper's Shirt,23962,14377,249900,249900,10.43,17.38,1,2026-07-01 14:05:16
12828,Plans: Volcanic Hammer,684856,225834,39400,39400,17.38,5.73,1,2026-07-01 14:25:16
28420,Fel Weightstone,6823,4094,71000,71000,10.41,17.34,13,2026-07-01 15:05:19
8492,Parrot Cage (Green Wing Macaw),163276,55000,9443,9443,17.29,5.82,1,2026-07-01 14:25:16
6411,Chief Brigadier Armor,39378,38774,670148,670148,17.02,17.28,1,2026-07-01 14:25:16
2951,Ring of the Underwood,96745,58047,1000000,1000000,10.34,17.23,1,2026-07-01 14:05:16
31334,Staff of Natural Fury,13191199,7914719,770000,770000,17.13,10.28,1,2026-07-01 10:25:15
2281,Rodentia Flint Axe,25664,12250,1500,1500,17.11,8.17,1,2026-06-28 07:05:13
24195,Design: Teardrop Living Ruby,1536968,922181,90000,90000,17.08,10.25,1,2026-07-01 14:45:20
33874,Kibler's Bits,3253,1952,33326,33325,10.24,17.07,16,2026-06-29 14:45:19
35194,Schematic: Surestrike Goggles v3.0,8536006,8237104,500000,500000,17.07,16.47,1,2026-06-21 09:25:07
18699,Icy Tomb Spaulders,17599,17599,300000,300000,17.05,17.05,1,2026-06-30 17:25:11
16044,Schematic: Lifelike Mechanical Toad,1184354,371149,69499,69499,17.04,5.34,5,2026-07-01 14:45:20
5956,Blacksmith Hammer,42672,10850,2510,2510,17.0,4.32,1,2026-06-12 15:24:52
4425,Scroll of Agility III,3630,2300,214,213,16.96,10.8,11,2026-07-01 14:05:16
11166,Formula: Enchant Gloves - Skinning,363639,90508,21439,21439,16.96,4.22,1,2026-07-01 14:25:16
13103,Pads of the Venom Spider,29394,17636,399450,299000,13.59,16.95,2,2026-07-01 14:25:16
5608,Living Cowl,32378,22801,385510,385510,11.91,16.91,1,2026-07-01 14:05:16
14599,Warden's Footpads,35151,20459,346036,346036,9.84,16.91,3,2026-07-01 14:25:16
13099,Moccasins of the White Hare,84076,50446,5000,5000,16.82,10.09,1,2026-07-01 10:25:15
17706,Plans: Edge of Winter,1676622,457513,99999,99999,16.77,4.58,1,2026-06-28 06:25:15
8287,Arcane Gloves,197689,122920,11800,11800,16.75,10.42,1,2026-06-27 23:25:28
13029,Umbral Crystal,29753,17852,299499,299000,10.07,16.75,3,2026-07-01 14:25:16
7976,Plans: Mithril Shield Spike,50963,25148,3050,3000,16.71,8.38,4,2026-07-01 14:25:16
49778,Worn Greatsword,8356934,5014160,500000,500000,16.71,10.03,1,2026-01-26 03:22:44
14442,Venomshroud Mitts,50993,43438,724306,724306,14.2,16.67,3,2026-07-01 14:25:16
38917,Scroll of Enchant Weapon - Major Striking,4000000,4000000,245000,240000,16.33,16.67,2,2026-02-06 03:22:44
828,Small Blue Pouch,8697,7490,522,520,16.66,14.4,6,2026-07-01 14:05:16
30436,Jagged Blue Crystal,666071,399643,40000,40000,16.65,9.99,1,2026-05-04 04:05:03
28282,Formula: Enchant Shield - Major Stamina,2481079,2467271,149749,149500,16.57,16.5,2,2026-07-01 15:05:19
16830,Cenarion Bracers,389492,271694,4500000,4500000,11.55,16.56,1,2026-06-29 21:05:36
35218,Pattern: Carapace of Sun and Shadow,36183074,14285699,2186949,2186949,16.55,6.53,1,2026-05-03 13:44:44
2675,Crawler Claw,9852,7958,598,598,16.47,13.31,22,2026-07-01 14:05:16
13010,Dreamsinger Legguards,164476,97671,10000,10000,16.45,9.77,1,2026-06-27 23:45:29
8127,Myrmidon's Cape,43077,31870,520509,520509,12.08,16.33,5,2026-07-01 14:25:16
42402,Glyph of Inner Fire,34549,26863,2125,2000,16.26,13.43,41,2026-07-01 15:25:22
14098,Native Cloak,48555,11036,2999,2999,16.19,3.68,1,2026-06-26 16:45:02
414,Dalaran Sharp,10843,4680,670,670,16.18,6.99,2,2026-07-01 14:05:16
33445,Honeymint Tea,8868,2950,550,550,16.12,5.36,3,2026-07-01 08:05:07
11084,Large Glimmering Shard,725,572,45,41,16.11,13.95,41,2026-07-01 14:25:16
3851,Solid Iron Maul,19668,18750,301535,301535,15.33,16.08,1,2026-06-08 00:05:21
31136,Breastplate of Blade Turning,139673,83804,1348750,1347500,9.66,16.08,2,2026-07-01 15:05:19
6787,White Woolen Dress,281343,258421,17700,17700,15.9,14.6,1,2026-06-29 23:25:31
24296,Pattern: Unyielding Bracers,2206443,806095,138750,138500,15.9,5.82,2,2026-07-01 14:45:20
17034,Maple Seed,526,316,5000,5000,9.51,15.82,24,2026-07-01 14:45:20
7559,Runic Cane,18937,11119,1200,1200,15.78,9.27,1,2026-05-21 11:25:14
34599,Juggling Torch,16612,6337,1054,1000,15.76,6.34,138,2026-07-01 15:05:19
7452,Pattern: Dusky Boots,59004,42426,3748,3748,15.74,11.32,1,2026-07-01 13:45:14
17188,Ringed Buckler,70777,70777,4500,4500,15.73,15.73,1,2026-01-30 09:02:24
18257,Recipe: Major Rejuvenation Potion,6275502,2903191,399000,399000,15.73,7.28,1,2026-06-05 18:25:14
41547,Glyph of Frost Shock,4375,2625,41333,41300,9.45,15.73,25,2026-07-01 15:25:22
11846,Wizbang's Special Brew,31365,8999,2000,2000,15.68,4.5,5,2026-07-01 07:25:03
14683,Indomitable Cloak,67610,40566,635985,635985,9.41,15.68,1,2026-06-30 08:05:15
11224,Formula: Enchant Shield - Frost Resistance,310142,97563,19800,19800,15.66,4.93,1,2026-07-01 14:25:16
43344,Glyph of Water Breathing,150182,79115,9599,9000,15.65,8.79,15,2026-07-01 15:25:22
11165,Formula: Enchant Weapon - Lesser Elemental Slayer,15512,13588,995,995,15.59,13.66,1,2026-07-01 14:25:16
32751,Pattern: Living Earth Shoulders,2358199,901743,151390,151390,15.58,5.96,1,2026-06-24 21:05:18
18658,Schematic: Ultra-Flash Shadow Reflector,1088976,653386,70000,70000,15.56,9.33,1,2026-06-29 03:25:42
18518,Pattern: Hide of the Wild,7310652,2645557,470000,470000,15.55,5.63,1,2026-06-24 02:25:26
15749,Pattern: Volcanic Breastplate,163061,105949,10526,10526,15.49,10.07,2,2026-07-01 14:45:20
39502,Resilient Parchment,38641,30056,2500,2500,15.46,12.02,20,2026-06-06 10:44:48
14555,Alcor's Sunrazor,270279,162167,2500000,2500000,9.25,15.42,1,2026-07-01 14:25:16
16048,Schematic: Dark Iron Rifle,383876,212989,25000,25000,15.36,8.52,1,2026-06-30 14:45:07
20520,Dark Rune,72332,43399,664333,664000,9.18,15.3,9,2026-07-01 14:45:20
14780,Khan's Buckler,54489,32693,499999,499999,9.18,15.29,1,2026-07-01 14:25:16
2997,Bolt of Woolen Cloth,15222,9133,1000,1000,15.22,9.13,36,2026-07-01 14:05:16
10601,Schematic: Bright-Eye Goggles,22505,13503,342400,5000,15.21,2.7,2,2026-07-01 14:25:16
14634,Recipe: Frost Oil,453600,214959,29899,29799,15.17,7.21,5,2026-07-01 14:25:16
50816,Scroll of Enchant Gloves - Angler,386078,323390,25500,25500,15.14,12.68,4,2026-07-01 15:25:22
43123,Ink of the Sky,143959,111489,9514,8900,15.13,12.53,135,2026-07-01 15:25:22
21071,Raw Sagefish,15119,11545,1000,1000,15.12,11.54,100,2026-07-01 14:45:20
774,Malachite,1490,302,99,99,15.05,3.05,96,2026-07-01 14:05:16
3857,Coal,2122,1339,141,141,15.05,9.5,14,2026-07-01 14:05:16
2807,Guillotine Axe,300323,208476,20000,20000,15.02,10.42,1,2026-06-30 18:25:13
31339,Lola's Eve,5990000,5990000,400000,400000,14.97,14.97,1,2026-07-01 15:05:19
18256,Imbued Vial,34395,13200,2300,2300,14.95,5.74,7,2026-07-01 14:45:20
38784,Scroll of Enchant Cloak - Lesser Fire Resistance,29700,29700,2000,2000,14.85,14.85,9,2026-06-19 07:45:40
24217,Design: Enduring Talasite,2519230,1185314,169750,169500,14.84,6.99,2,2026-07-01 14:45:20
933,Large Rucksack,37071,23474,2500,2500,14.83,9.39,1,2026-06-29 23:25:31
14853,Sunscale Wristguards,30753,18452,455829,150000,14.82,8.13,2,2026-07-01 14:25:16
32541,Terokk's Wisdom,4428252,3472500,300000,300000,14.76,11.57,1,2026-06-30 14:05:10
1726,Poison-tipped Bone Spear,33928,20357,300715,300000,8.86,14.74,2,2026-07-01 14:05:16
2241,Desperado Cape,50000,50000,3400,3400,14.71,14.71,1,2026-06-06 02:45:09
40767,Sonic Booster,786076,153149,2250000,2250000,2.86,14.69,6,2026-07-01 15:25:22
5751,Webwing Cloak,35240,25169,2400,2400,14.68,10.49,1,2026-06-30 06:05:19
35190,Schematic: Hyper-Magnified Moon Specs,2934342,1760605,200000,200000,14.67,8.8,1,2026-03-08 22:42:36
43354,Glyph of Possessed Strength,87995,50610,5999,5900,14.67,8.58,18,2026-07-01 15:25:22
43327,Stratholme Lily,729256,541005,50000,50000,14.59,10.82,1,2026-06-25 14:25:04
4594,Rockscale Cod,401,172,2500,2500,6.23,14.53,40,2026-07-01 14:05:16
43381,Glyph of Astral Recall,112457,77455,7749,7500,14.51,10.33,13,2026-07-01 15:25:22
4604,Forest Mushroom Cap,87,27,6,6,14.5,4.5,7,2026-06-22 20:45:05
22919,Recipe: Elixir of Major Mageblood,1848975,836427,127833,127500,14.46,6.56,7,2026-07-01 14:45:20
39505,Virtuoso Inking Set,144619,86771,10000,10000,14.46,8.68,1,2026-05-11 12:24:46
23541,Khorium Champion,29054197,17432518,2009999,2009999,14.45,8.67,1,2026-01-18 20:42:56
30804,Bronze Band of Force,64554,40402,4500,4500,14.35,8.98,1,2026-06-11 17:24:47
12203,Red Wolf Meat,224,202,3054,2897,13.63,14.34,999,2026-07-01 14:25:16
12205,White Spider Meat,9819,9274,685,680,14.33,13.64,210,2026-07-01 14:25:16
22220,Plans: Black Grasp of the Destroyer,7868862,2937595,550000,550000,14.31,5.34,1,2026-05-21 05:05:14
13914,70 Pound Mightfish,99999,99999,7000,7000,14.29,14.29,1,2026-07-01 14:25:16
2674,Crawler Meat,15388,9233,1083,980,14.21,9.42,45,2026-07-01 14:05:16
9396,Legguards of the Vault,3000000,3000000,211500,211500,14.18,14.18,1,2026-06-14 16:05:28
1659,Engineering Gloves,33600,20160,285650,285650,8.5,14.17,2,2026-06-30 08:05:15
3371,Empty Vial,3443,2538,243,243,14.17,10.44,1,2026-07-01 00:05:18
35557,Huge Snowball,138705,24136,9799,9799,14.16,2.46,8,2026-07-01 15:05:19
9172,Invisibility Potion,23556,14134,200000,200000,8.49,14.15,1,2026-07-01 14:25:16
18647,Schematic: Red Firework,848651,329229,60000,60000,14.14,5.49,1,2026-07-01 14:45:20
15735,Pattern: Ironfeather Shoulders,1412232,260849,100000,100000,14.12,2.61,1,2026-07-01 14:45:20
4298,Pattern: Guardian Belt,23902,11591,1694,1690,14.11,6.86,9,2026-07-01 14:05:16
14505,Pattern: Wizardweave Turban,140901,120280,10000,10000,14.09,12.03,1,2026-06-04 05:24:54
2235,Brackclaw,24130,14478,199999,199999,8.29,13.81,1,2026-07-01 14:05:16
40769,Scrapbot Construction Kit,12679,7607,104514,104514,8.24,13.74,10,2026-07-01 15:25:22
4080,Blackforge Cowl,39211,33029,450991,450991,11.5,13.65,1,2026-07-01 14:05:16
14858,Vanguard Headdress,79951,47971,655498,655000,8.2,13.65,6,2026-07-01 14:25:16
35186,Schematic: Annihilator Holo-Gogs,6825436,4095262,500000,500000,13.65,8.19,1,2026-06-17 20:05:29
3771,Wild Hog Shank,6777,3504,497,497,13.64,7.05,25,2026-07-01 14:05:16
4406,Standard Scope,9616,6121,705,700,13.64,8.74,21,2026-07-01 14:05:16
32423,Icy Blasting Primers,68106,17207,4999,4999,13.62,3.44,8,2026-07-01 15:05:19
11291,Star Wood,50023,36143,3699,3699,13.52,9.77,1,2026-06-29 22:05:33
42911,Glyph of Rapid Fire,31088,22930,2299,2298,13.52,9.98,15,2026-07-01 15:25:22
24297,Pattern: Bracers of Havok,1213505,988557,90000,90000,13.48,10.98,1,2026-06-24 11:25:06
1710,Greater Healing Potion,2673,1604,199,196,13.43,8.18,198,2026-07-01 14:05:16
18045,Tender Wolf Steak,4021,3496,300,300,13.4,11.65,20,2026-06-30 10:25:04
14489,Pattern: Frostweave Pants,9783,7365,98749,98499,10.09,13.37,3,2026-07-01 14:25:16
4398,Large Seaforium Charge,4821,3750,49999,49999,10.37,13.33,5,2026-06-12 14:44:48
20501,Heavy Silithid Carapace,31960,19176,2400,2400,13.32,7.99,3,2026-07-01 14:45:20
3214,Warrior's Bracers,9685,7523,99999,99999,10.33,13.29,1,2026-06-21 20:25:17
42995,Hearty Rhino,90619,28907,384000,384000,4.24,13.28,16,2026-06-29 20:45:33
11382,Blood of the Mountain,914017,548410,69000,69000,13.25,7.95,5,2026-07-01 14:25:16
1263,Brain Hacker,251042,150625,1988749,1987500,7.92,13.2,2,2026-07-01 14:05:16
14430,Windchaser Cloak,37898,27291,500000,100000,13.19,3.66,2,2026-07-01 14:25:16
15505,Outrunner's Pauldrons,10947,6568,832,830,13.16,7.91,3,2026-07-01 14:25:16
13456,Greater Frost Protection Potion,119602,78387,9100,9100,13.14,8.61,9,2026-06-10 21:24:49
4419,Scroll of Intellect III,2351,681,180,180,13.06,3.78,17,2026-07-01 14:05:16
34622,Spinesever,2557143,1534286,20010099,20010099,7.83,13.04,1,2026-07-01 04:45:04
13882,42 Pound Redgill,128535,77121,9900,9900,12.98,7.79,3,2026-06-28 20:05:32
10372,Imbued Plate Helmet,1062259,637355,81960,81960,12.96,7.78,1,2026-07-01 14:25:16
24212,Design: Royal Nightseye,1938547,1712695,150000,150000,12.92,11.42,1,2026-06-30 20:45:13
6712,Practice Lock,6441,4307,499,498,12.91,8.65,38,2026-07-01 14:25:16
5482,Recipe: Kaldorei Spider Kabob,3864436,2404350,300000,300000,12.88,8.01,1,2026-07-01 14:05:16
6050,Frost Protection Potion,64371,8562,5000,5000,12.87,1.71,6,2026-07-01 14:05:16
3664,Crocolisk Gumbo,6363,4686,495,495,12.85,9.47,20,2026-07-01 03:25:06
14591,Hawkeye's Helm,51224,29823,381608,381608,7.45,12.8,1,2026-06-30 08:05:15
44330,Elixir of Armor Piercing,65251,31376,5100,5100,12.79,6.15,64,2026-07-01 15:25:22
16799,Arcanist Bindings,595153,329396,4204999,4204999,7.07,12.77,1,2026-06-29 21:05:36
3385,Lesser Mana Potion,5026,2041,394,394,12.76,5.18,24,2026-07-01 14:05:16
7051,Earthen Vest,127448,58179,9999,9999,12.75,5.82,10,2026-06-29 15:25:19
41167,Heartseeker Scope,216209,117055,1492487,1482450,6.9,12.66,11,2026-07-01 15:25:22
2576,White Linen Shirt,60618,13436,4799,4799,12.63,2.8,7,2026-07-01 14:05:16
2967,Warrior's Boots,198,198,2500,2500,12.63,12.63,1,2026-06-25 18:45:06
13123,Dreamwalker Armor,116070,69642,876999,876999,7.56,12.59,1,2026-07-01 14:25:16
13422,Stonescale Eel,2091,1930,24300,24300,11.62,12.59,17,2026-07-01 14:25:16
8190,Hanzo Sword,105562,63337,797000,797000,7.55,12.58,1,2026-07-01 14:25:16
12702,Plans: Radiant Circlet,119384,40500,9500,9500,12.57,4.26,1,2026-07-01 03:25:06
10048,Colorful Kilt,124348,74609,9900,9900,12.56,7.54,1,2026-06-27 03:45:21
23596,Plans: Adamantite Breastplate,251288,150773,20000,20000,12.56,7.54,1,2026-07-01 14:25:16
14727,War Paint Legguards,25102,16067,2000,2000,12.55,8.03,1,2026-07-01 12:25:09
38928,Scroll of Enchant Chest - Major Spirit,67041,40225,505000,505000,7.53,12.55,30,2026-07-01 15:25:22
5788,Pattern: Thick Murloc Armor,6846,2676,547,545,12.52,4.91,3,2026-07-01 14:05:16
27857,Garadar Sharp,58839,21203,4700,4700,12.52,4.51,11,2026-06-27 16:45:15
41106,Glyph of Holy Light,80114,48880,6400,6000,12.52,8.15,35,2026-07-01 15:25:22
14802,Bloodlust Gauntlets,50101,40057,499949,499899,9.98,12.48,2,2026-07-01 14:25:16
729,Stringy Vulture Meat,1220,87,98,98,12.45,1.13,30,2026-07-01 14:05:16
39684,Hair Trigger,49157,44815,3950,3900,12.44,11.49,5,2026-07-01 15:25:22
19288,Darkmoon Card: Blue Dragon,3035112,1210589,15000000,15000000,4.94,12.39,1,2026-07-01 14:45:20
22459,Void Sphere,1235438,220767,99900,99900,12.37,2.21,2,2026-07-01 14:45:20
4310,Heavy Woolen Gloves,12354,7412,1000,1000,12.35,7.41,3,2026-06-29 00:25:44
43399,Glyph of Thunder Clap,174237,72777,14124,6000,12.34,12.13,13,2026-07-01 15:25:22
2277,Necromancer Leggings,189905,113943,15430,15430,12.31,7.38,1,2026-06-28 02:45:36
8297,Traveler's Cloak,43952,33733,415281,415281,9.45,12.31,1,2026-07-01 14:25:16
9260,Volatile Rum,8448,6864,687,686,12.3,10.01,40,2026-07-01 14:25:16
6424,Blackforge Cape,21154,18190,259748,19999,12.28,1.1,4,2026-07-01 14:25:16
31322,The Hammer of Destiny,36840162,16452138,3000000,3000000,12.28,5.48,1,2026-07-01 05:44:59
39899,White Tickbird Hatchling,53063,15843,194500,194500,3.67,12.28,1,2026-07-01 15:25:22
6622,Sword of Zeal,136043,81626,1000000,1000000,7.35,12.25,1,2026-07-01 00:05:18
28118,Runed Ornate Ruby,1223546,734128,99900,99900,12.25,7.35,1,2026-03-26 23:02:41
2455,Minor Mana Potion,598,394,49,49,12.2,8.04,11,2026-07-01 14:05:16
12251,Big Stick,365923,66008,30000,30000,12.2,2.2,1,2026-04-19 00:22:34
4395,Goblin Land Mine,19413,13750,1600,1600,12.13,8.59,32,2026-03-07 10:42:35
10560,Unstable Trigger,55988,49036,4623,4300,12.11,11.4,68,2026-07-01 14:25:16
2912,Claw of the Shadowmancer,38668,23201,279999,279999,7.24,12.07,1,2026-07-01 13:25:15
7449,Pattern: Dusky Leather Leggings,10192,8065,847,845,12.03,9.54,2,2026-07-01 14:25:16
12003,Dark Dwarven Lager,831,831,10000,10000,12.03,12.03,8,2026-02-25 10:02:32
42702,Enchanted Tear,285465,141266,1699996,1699996,5.96,12.03,10,2026-07-01 15:25:22
14449,Highborne Crown,66826,40096,481212,481212,7.2,12.0,1,2026-07-01 06:05:01
22789,Terocone,59984,30051,4998,4998,12.0,6.01,243,2026-07-01 14:45:20
28060,Impact Shot,300,300,25,25,12.0,12.0,1000,2026-06-01 07:05:21
42397,Glyph of Dispel Magic,11961,7177,997,997,12.0,7.2,16,2026-07-01 15:25:22
16817,Girdle of Prophecy,358330,240156,30000,30000,11.94,8.01,1,2026-06-18 18:05:22
4382,Bronze Framework,12893,9092,1081,1065,11.93,8.54,15,2026-07-01 14:05:16
14813,Warstrike Cape,35019,21011,250000,250000,7.14,11.9,1,2026-06-30 00:05:36
4377,Heavy Blasting Powder,2595,811,9787,9600,3.77,11.84,28,2026-07-01 14:05:16
41800,Deep Sea Monsterbelly,9505,8614,803,790,11.84,10.9,239,2026-07-01 15:25:22
3241,Heavy Weightstone,17741,10320,1500,1500,11.83,6.88,2,2026-06-26 23:45:21
17031,Rune of Teleportation,11237,6742,950,950,11.83,7.1,2,2026-06-10 17:24:43
31150,Gloves of Piety,70695,42417,500000,500000,7.07,11.79,1,2026-07-01 15:05:19
43825,Glyph of Rune Tap,37078,22247,3146,3146,11.79,7.07,18,2026-07-01 15:25:22
21752,Thorium Setting,19800,11320,1683,1683,11.76,6.73,6,2026-07-01 14:45:20
15995,Thorium Rifle,67864,40718,477500,477500,7.04,11.73,1,2026-06-03 00:05:15
43235,Wound Poison VII,935714,550000,80000,80000,11.7,6.88,1,2026-06-03 11:45:06
35948,Savory Snowplum,17465,11437,1500,1500,11.64,7.62,3,2026-05-31 20:25:27
814,Flask of Oil,290,286,25,25,11.6,11.44,6,2026-07-01 14:05:16
21942,Design: Ruby Crown of Restoration,115739,62640,9998,9998,11.58,6.27,3,2026-07-01 14:45:20
2882,Plans: Silvered Bronze Shoulders,7949,4510,687,685,11.57,6.58,5,2026-07-01 14:05:16
14583,Dokebi Gloves,18735,11241,130000,130000,6.94,11.56,1,2026-07-01 01:05:16
2303,Handstitched Leather Pants,8651,3925,750,600,11.53,6.54,2,2026-07-01 14:05:16
38799,Scroll of Enchant Chest - Mana,34467,20680,2990,2990,11.53,6.92,8,2026-06-30 21:45:16
6055,Recipe: Fire Protection Potion,576228,370281,50000,50000,11.52,7.41,1,2026-07-01 14:05:16
7742,Schematic: Gnomish Cloaking Device,1151783,783105,100000,100000,11.52,7.83,1,2026-07-01 14:25:16
42900,Glyph of Mending,74860,62571,6500,6500,11.52,9.63,29,2026-07-01 15:25:22
8294,Traveler's Boots,445596,267358,38800,38800,11.48,6.89,1,2026-06-30 19:45:14
13447,Elixir of the Sages,12231,8713,99999,99999,8.18,11.48,9,2026-07-01 14:25:16
2624,Thinking Cap,34315,32578,393499,19999,11.47,1.63,4,2026-07-01 14:05:16
13053,Doombringer,145347,87208,1000000,1000000,6.88,11.47,1,2026-06-30 02:05:27
14598,Warden's Waistband,43858,26315,301200,301200,6.87,11.45,1,2026-07-01 14:25:16
38910,Scroll of Enchant Boots - Surefooted,1600000,1600000,140000,140000,11.43,11.43,1,2026-06-14 17:05:31
36782,Succulent Clam Meat,5640,3384,494,491,11.42,6.89,573,2026-07-01 15:05:19
31283,Sash of Sealed Fate,196241,131745,1500000,1500000,7.64,11.39,1,2026-06-29 16:45:18
3563,Seafarer's Pantaloons,17058,10235,1500,1500,11.37,6.82,1,2026-06-27 10:45:06
4536,Shiny Red Apple,44813,708,8045,8045,5.57,11.36,10,2026-06-23 19:45:06
5001,Heart Ring,19317,18284,1700,1700,11.36,10.76,1,2026-07-01 02:25:10
4698,Seer's Mantle,15950,9570,1405,1405,11.35,6.81,1,2026-06-30 19:45:14
4334,Formal White Shirt,11273,6764,994,990,11.34,6.83,12,2026-07-01 14:05:16
38961,Scroll of Enchant Boots - Greater Spirit,105486,34348,9314,9200,11.33,3.73,21,2026-07-01 15:25:22
32598,Unstable Flask of the Beast,10599,10599,120000,120000,11.32,11.32,1,2026-03-27 03:22:33
4674,Tribal Cloak,9069,9069,802,802,11.31,11.31,1,2026-06-27 21:45:26
35720,Lord of Frost's Private Label,27322,7960,90000,90000,3.29,11.31,5,2026-06-27 18:05:18
42747,Glyph of Scorch,45210,14975,3999,3999,11.31,3.74,9,2026-07-01 15:25:22
4448,Husk of Naraxis,112684,22778,9969,9969,11.3,2.28,1,2026-06-28 04:25:26
10325,Pattern: White Wedding Dress,179791,87635,990000,990000,5.51,11.3,1,2026-06-29 14:25:16
34100,Knothide Quiver,563571,338143,50000,50000,11.27,6.76,1,2026-05-21 01:05:12
32413,Frost Grenade,6107,3664,41050,41050,6.72,11.2,20,2026-05-30 07:05:16
38768,Scroll of Enchant Bracer - Minor Deflection,1044,894,10000,10000,9.58,11.19,1,2026-06-26 14:04:54
1121,Feet of the Lynx,889947,680613,80000,80000,11.12,8.51,1,2026-06-28 13:45:22
6358,Oily Blackmouth,13048,7829,1174,850,11.11,9.21,814,2026-07-01 14:05:16
40106,Shattered Forest Emerald,518852,446155,46799,46799,11.09,9.53,2,2026-07-01 15:25:22
38962,Scroll of Enchant Chest - Greater Mana Restoration,79114,44478,493571,493000,6.24,11.08,21,2026-07-01 15:25:22
7552,Falcon's Hook,28103,24049,2542,2542,11.06,9.46,2,2026-07-01 06:25:02
11205,Formula: Enchant Gloves - Advanced Herbalism,4423306,1872988,400000,400000,11.06,4.68,1,2026-06-28 17:05:29
16244,Formula: Enchant Gloves - Greater Strength,170229,90433,1000000,1000000,5.87,11.06,1,2026-07-01 14:45:20
7613,Pattern: Green Leather Armor,550854,221808,50000,50000,11.02,4.44,1,2026-07-01 14:25:16
15409,Refined Deeprock Salt,54780,35306,5000,5000,10.96,7.06,12,2026-07-01 14:25:16
9429,Miner's Hat of the Deep,1313571,788143,120000,120000,10.95,6.57,1,2026-04-01 02:02:36
4671,Ancestral Cloak,1525,915,10000,10000,6.56,10.93,1,2026-07-01 14:05:16
14661,Keeper's Cord,35104,21062,229999,229999,6.55,10.92,2,2026-07-01 14:25:16
20833,Wicked Moonstone Ring,791329,163305,72500,72500,10.91,2.25,1,2026-06-06 21:25:06
13038,Swiftwind,53230,31938,368665,348000,6.93,10.9,7,2026-07-01 14:25:16
40072,Elixir of Spirit,81677,61100,7500,7500,10.89,8.15,12,2026-07-01 15:25:22
10026,Black Mageweave Boots,77350,46410,505000,505000,6.53,10.88,5,2026-07-01 14:25:16
783,Light Hide,750,371,69,66,10.87,5.62,100,2026-07-01 14:05:16
38767,Scroll of Enchant Chest - Minor Absorption,1318,921,10000,10000,7.59,10.86,1,2026-05-14 07:44:47
14559,Prospector's Sash,20451,16730,1895,1895,10.79,8.83,1,2026-06-28 00:05:31
41509,Frostweave Net,11857,11539,1100,1100,10.78,10.49,10,2026-07-01 15:25:22
21881,Netherweb Spider Silk,15038,9336,100000,100000,6.65,10.71,51,2026-07-01 14:45:20
33924,Delicious Chocolate Cake,642119,178826,59999,59999,10.7,2.98,1,2026-07-01 15:05:19
12426,Imperial Plate Boots,77949,46769,500000,500000,6.41,10.69,1,2026-07-01 06:25:02
7372,Heavy Leather Ammo Pouch,95955,45286,9000,9000,10.66,5.03,5,2026-06-13 04:05:06
2845,Copper Axe,5317,3190,500,500,10.63,6.38,10,2026-06-30 14:45:07
43548,Glyph of Plague Strike,101012,53270,9500,9500,10.63,5.61,18,2026-07-01 15:25:22
6428,Mistscape Gloves,65812,40614,428119,428119,6.51,10.54,2,2026-07-01 14:25:16
14089,Beaded Gloves,192,145,1522,1522,7.93,10.5,1,2026-06-24 13:04:59
6375,Formula: Enchant Bracer - Lesser Spirit,15480,6754,1475,1475,10.49,4.58,5,2026-07-01 14:05:16
18332,Libram of Rapidity,1977860,1186716,188666,188000,10.48,6.31,7,2026-07-01 14:45:20
31330,Lightning Crown,8895038,3984375,849755,800000,10.47,4.98,2,2026-07-01 15:05:19
5107,Deckhand's Shirt,19768,14542,1895,1895,10.43,7.67,1,2026-07-01 14:05:16
18512,Larval Acid,47634,33370,4582,4582,10.4,7.28,5,2026-07-01 14:45:20
41092,Glyph of Judgement,153030,72629,14714,14000,10.4,5.19,21,2026-07-01 15:25:22
2776,Gold Ore,1358,744,8315,7699,6.12,10.35,170,2026-07-01 14:05:16
22280,Lovely Purple Dress,131905,72544,750000,750000,5.69,10.34,1,2026-06-29 17:05:22
4785,Brimstone Belt,15485,14382,1500,1500,10.32,9.59,1,2026-06-23 03:25:03
43105,Indigo Pigment,36004,21602,3500,3500,10.29,6.17,14,2026-07-01 15:25:22
6530,Nightcrawlers,132,79,813,810,6.16,10.25,30,2026-07-01 14:25:16
14835,Tyrant's Chestpiece,55591,53948,550000,550000,9.89,10.2,2,2026-07-01 14:25:16
7114,Pattern: Azure Silk Gloves,366937,290340,39250,28500,9.35,10.19,2,2026-07-01 14:25:16
12803,Living Essence,48211,29564,342874,300000,7.11,10.15,32,2026-07-01 14:25:16
3492,Mighty Iron Hammer,101235,60741,9999,9999,10.12,6.07,1,2026-05-31 14:45:33
14560,Prospector's Boots,25219,14709,2500,2500,10.09,5.88,1,2026-07-01 07:45:09
38945,Scroll of Enchant Shield - Major Stamina,1609915,612906,159498,159498,10.09,3.84,3,2026-07-01 15:25:22
9385,Archaic Defender,41344,24806,254450,249900,6.15,10.07,3,2026-07-01 14:25:16
31329,Lifegiving Cloak,9945482,9938088,990000,990000,10.05,10.04,1,2026-07-01 15:05:19
37252,Frostberries,75281,6871,7499,7499,10.04,1.09,1,2026-07-01 10:25:15
37783,Blood-Tempered Spaulders,155941,124596,1250000,1250000,8.02,10.03,1,2026-06-30 21:45:16
8108,Hibernal Bracers,41013,35063,410974,244999,10.02,6.99,5,2026-07-01 14:25:16
1929,Silk-threaded Trousers,19949,18258,1995,1995,10.0,9.15,1,2026-07-01 11:25:09
4658,Warrior's Cloak,500,500,5000,5000,10.0,10.0,1,2026-05-02 14:24:26
11284,Accurate Slugs,100,100,10,10,10.0,10.0,200,2026-03-13 19:42:43
17747,Razorlash Root,5000,5000,500,500,10.0,10.0,1,2026-02-22 20:22:53
34105,Quiver of a Thousand Feathers,5000000,5000000,499900,499900,10.0,10.0,1,2026-02-12 03:02:45
13756,Raw Summer Bass,9695,8334,970,970,9.99,8.59,24,2026-07-01 14:25:16
6427,Mistscape Robe,32297,19378,192499,192499,5.96,9.93,1,2026-07-01 14:25:16
2960,Journeyman's Gloves,1000,1000,9900,9900,9.9,9.9,1,2026-06-30 02:25:27
9510,Caverndeep Trudgers,990000,990000,100000,100000,9.9,9.9,1,2026-06-21 21:25:14
37332,Formula: Enchant Cloak - Superior Frost Resistance,89101768,53461061,9000000,9000000,9.9,5.94,1,2026-05-12 11:04:52
31879,Design: Wicked Noble Topaz,1472353,883412,148999,148999,9.88,5.93,1,2026-07-01 15:05:19
2594,Flagon of Mead,11846,7108,1200,1200,9.87,5.92,10,2026-05-04 08:44:51
10407,Raider's Shoulderpads,14729,12880,1492,1490,9.87,8.64,3,2026-07-01 14:25:16
13036,Assassination Blade,116198,69719,690529,687059,5.94,9.85,3,2026-07-01 14:25:16
22728,Steam Tonk Controller,450567,192237,45769,45769,9.84,4.2,2,2026-06-18 02:45:33
14589,Hawkeye's Shoes,49129,29590,4999,4999,9.83,5.92,1,2026-07-01 14:25:16
1440,Gnoll Skull Basher,49096,25589,5000,5000,9.82,5.12,1,2026-07-01 03:05:07
8135,Chromite Shield,168524,51444,504795,504500,3.0,9.81,5,2026-07-01 14:25:16
13909,12 Pound Lobster,99999,99999,10192,10192,9.81,9.81,1,2026-07-01 14:25:16
3313,Ceremonial Leather Harness,19535,11721,2000,2000,9.77,5.86,1,2026-06-26 23:05:19
6310,19 Pound Catfish,19291,11575,1974,1974,9.77,5.86,3,2026-07-01 14:05:16
2040,Troll Protector,95888,95888,931308,931308,9.71,9.71,1,2026-07-01 14:05:16
14776,Ravager's Mantle,52663,31598,306459,306459,5.82,9.7,1,2026-07-01 14:25:16
39469,Moonglow Ink,19306,12347,1990,1990,9.7,6.2,30,2026-07-01 15:25:22
14778,Khan's Bindings,95390,34061,328998,328998,3.45,9.66,3,2026-07-01 14:25:16
6531,Barbaric Cloth Robe,19275,11326,2000,2000,9.64,5.66,1,2026-06-28 16:05:20
14440,Venomshroud Cape,34592,20755,199999,199999,5.78,9.64,4,2026-06-30 08:05:15
935,Night Watch Shortsword,97176,38309,10100,10100,9.62,3.79,5,2026-07-01 14:05:16
38926,Scroll of Enchant Weapon - Spellsurge,4805786,2883472,500000,500000,9.61,5.77,1,2026-05-07 09:44:49
40558,Arcanic Tramplers,22462424,18744481,180000000,180000000,8.01,9.6,1,2026-06-27 18:45:25
5565,Infernal Stone,95900,81040,10000,10000,9.59,8.1,9,2026-06-04 01:44:54
9509,Petrolspill Leggings,671356,402814,70000,70000,9.59,5.75,1,2026-06-28 02:05:34
13758,Raw Redgill,2832,1736,296,296,9.57,5.86,90,2026-07-01 14:25:16
17722,Pattern: Gloves of the Greatfather,660151,208994,2000000,2000000,3.03,9.57,1,2026-07-01 14:45:20
5342,Raptor Punch,9548,8279,1000,1000,9.55,8.28,29,2026-07-01 14:05:16
5477,Strider Stew,2847,748,7142,7142,2.51,9.55,7,2026-06-30 20:45:13
12164,Plans: Massive Iron Axe,103613,62168,10870,10870,9.53,5.72,1,2026-06-19 16:45:25
2308,Fine Leather Cloak,42818,21875,4500,4500,9.52,4.86,1,2026-07-01 05:44:59
2596,Skin of Dwarven Stout,14216,5376,1495,1495,9.51,3.6,20,2026-06-15 07:05:22
43104,Burnt Pigment,38948,18978,4100,4100,9.5,4.63,2,2026-07-01 15:25:22
2017,Glowing Leather Bracers,47372,28423,4999,4999,9.48,5.69,1,2026-06-23 02:05:05
13455,Greater Stoneshield Potion,12684,10581,100000,100000,7.88,9.45,14,2026-07-01 14:25:16
21309,Snowman Kit,1134520,349372,3300000,3300000,2.91,9.45,1,2026-07-01 14:45:20
43343,Glyph of Pick Pocket,120159,66156,66399,7000,1.81,9.45,15,2026-07-01 15:25:22
42905,Glyph of Freezing Trap,9151,4104,969,968,9.44,4.24,20,2026-07-01 15:25:22
8120,Heraldic Cloak,36656,21994,207352,207352,5.66,9.43,1,2026-07-01 14:25:16
43420,Glyph of Barbaric Insults,8865,5319,940,939,9.43,5.66,14,2026-07-01 15:25:22
5183,Pulsating Hydra Heart,106161,63697,600000,600000,5.65,9.42,1,2026-07-01 14:05:16
8125,Myrmidon's Bracers,280682,65056,29800,29800,9.42,2.18,1,2026-07-01 14:25:16
42970,Glyph of Sap,3287,2442,349,349,9.42,7.0,26,2026-07-01 15:25:22
2167,Foreman's Gloves,28234,24097,3000,3000,9.41,8.03,1,2026-06-14 21:25:19
2296,Great Goretusk Snout,3358,1541,357,240,9.41,6.42,43,2026-07-01 14:05:16
2452,Swiftthistle,17199,14985,1827,1680,9.41,8.92,400,2026-07-01 14:05:16
8276,Valorous Gauntlets,39552,38255,359999,359999,9.1,9.41,2,2026-07-01 14:25:16
3843,Golden Scale Leggings,25112,23461,220000,220000,8.76,9.38,4,2026-07-01 14:05:16
13851,Hot Wolf Ribs,9382,5391,1000,1000,9.38,5.39,10,2026-07-01 09:05:05
14455,Highborne Padded Armor,154676,92806,870903,870903,5.63,9.38,1,2026-06-21 06:45:11
43106,Ruby Pigment,46817,28090,4999,4999,9.37,5.62,9,2026-06-29 19:45:25
5786,Pattern: Murloc Scale Belt,3921,1068,10000,10000,2.55,9.36,2,2026-07-01 14:05:16
4397,Gnomish Cloaking Device,4250000,2500000,455000,455000,9.34,5.49,2,2026-07-01 14:05:16
6295,15 Pound Mud Snapper,932785,535493,100000,100000,9.33,5.35,1,2026-05-06 03:04:56
14627,Pattern: Bright Yellow Shirt,466686,239212,50000,50000,9.33,4.78,1,2026-07-01 14:25:16
19028,Elegant Dress,56801,15977,149000,149000,2.62,9.33,1,2026-07-01 14:45:20
23121,Lustrous Azure Moonstone,5357,3214,30000,30000,5.6,9.33,1,2026-04-12 21:22:36
1624,Skullsplitter Helm,57353,45609,424999,424999,7.41,9.32,1,2026-07-01 14:05:16
4713,Silver-thread Cloak,23269,15303,2500,2500,9.31,6.12,1,2026-07-01 14:05:16
38,Recruit's Shirt,464912,202788,50000,50000,9.3,4.06,1,2026-07-01 14:05:16
4833,Glorious Shoulders,61405,41410,6600,6600,9.3,6.27,1,2026-06-27 15:25:12
9425,Pendulum of Doom,7881977,6111514,847500,700000,9.3,8.73,4,2026-07-01 14:25:16
34763,Smoked Salmon,13901,12748,1495,1495,9.3,8.53,63,2026-07-01 15:05:19
29734,Pattern: Thick Netherscale Breastplate,825873,600000,88998,88998,9.28,6.74,1,2026-06-30 15:05:07
29453,Sporeggar Mushroom,1294,1270,11770,11770,9.1,9.27,2,2026-06-28 15:45:23
733,Westfall Stew,2701,1621,15000,15000,5.55,9.25,3,2026-06-30 04:05:31
13510,Flask of the Titans,507653,304592,55000,55000,9.23,5.54,2,2026-06-28 15:45:23
13908,9 Pound Lobster,110818,66491,12000,12000,9.23,5.54,1,2026-06-02 03:25:36
14764,Enduring Gauntlets,30701,18421,3333,3333,9.21,5.53,1,2026-07-01 14:25:16
42904,Glyph of Disengage,58950,29132,6400,6400,9.21,4.55,11,2026-07-01 15:25:22
44708,Dirkee's Superstructure,4589593,2753756,500000,500000,9.18,5.51,1,2026-06-25 09:25:04
6292,10 Pound Mud Snapper,4033416,980389,440000,440000,9.17,2.23,1,2026-06-20 08:25:24
8160,Jouster's Greaves,166642,51730,474121,474121,2.85,9.17,1,2026-07-01 14:25:16
24033,Solid Star of Elune,550000,550000,60000,60000,9.17,9.17,5,2026-06-17 03:45:22
24210,Design: Shifting Nightseye,1763646,1243848,192499,190000,9.16,6.55,4,2026-07-01 14:45:20
16767,Recipe: Undermine Clam Chowder,914392,356846,100000,100000,9.14,3.57,2,2026-07-01 14:45:20
41253,Blue Workman's Shirt,3199300,537465,350000,350000,9.14,1.54,1,2026-07-01 15:25:22
4291,Silken Thread,8209,4925,900,900,9.12,5.47,20,2026-06-27 05:05:23
4315,Reinforced Woolen Shoulders,20101,12061,110000,110000,5.47,9.12,1,2026-06-16 13:25:10
38819,Scroll of Enchant Boots - Lesser Spirit,90232,60539,9900,9900,9.11,6.12,1,2026-06-19 23:45:31
42178,Pattern: Rustic Workman's Shirt,1403118,434265,154000,153000,9.11,2.84,2,2026-07-01 15:25:22
3231,Cutthroat Pauldrons,44569,40478,4900,4900,9.1,8.26,1,2026-06-29 04:05:43
832,Silver Defias Belt,15445,9267,1700,1700,9.09,5.45,1,2026-06-30 16:45:14
827,Wicked Blackjack,13612,9410,1500,1500,9.07,6.27,1,2026-07-01 07:05:06
6197,Loch Croc Hide Vest,18115,13848,2000,2000,9.06,6.92,1,2026-06-27 11:05:04
31679,Fel Strength Elixir,135938,100000,15000,15000,9.06,6.67,15,2026-06-05 02:25:05
7933,Heavy Mithril Boots,104077,53592,11500,11500,9.05,4.66,4,2026-07-01 14:25:16
14769,Ravager's Sandals,42563,31477,284400,284400,6.68,9.04,1,2026-07-01 14:25:16
22792,Nightmare Vine,90386,79435,10000,10000,9.04,7.94,138,2026-07-01 14:45:20
7189,Goblin Rocket Boots,2790000,1590000,309000,309000,9.03,5.15,1,2026-03-09 18:02:31
49084,Glyph of Command,341962,269802,37890,37889,9.03,7.12,15,2026-07-01 15:25:22
18259,Formula: Enchant Weapon - Spellpower,40148407,18331879,4450000,4450000,9.02,4.12,1,2026-05-19 23:45:36
41535,Glyph of Lesser Healing Wave,45080,35502,4998,4998,9.02,7.1,22,2026-07-01 15:25:22
10513,Mithril Gyro-Shot,63,44,7,7,9.0,6.29,200,2026-07-01 03:25:06
14107,Felcloth Pants,50000,50000,450000,450000,9.0,9.0,1,2026-07-01 14:25:16
1462,Ring of the Shadow,13490,8094,1500,1500,8.99,5.4,1,2026-06-23 07:45:07
14592,Hawkeye's Tunic,31461,18877,282700,119499,8.99,6.33,2,2026-07-01 14:25:16
43671,Glyph of Corpse Explosion,178887,107332,19899,19899,8.99,5.39,14,2026-07-01 15:25:22
785,Mageroyal,8714,6467,970,960,8.98,6.74,409,2026-07-01 14:05:16
43001,Tracker Snacks,36821,19549,4100,4100,8.98,4.77,1,2026-07-01 15:25:22
13012,Yorgen Bracers,72883,39008,350000,350000,4.8,8.97,1,2026-07-01 14:25:16
14605,Warden's Woolies,94382,75894,680967,680967,7.22,8.97,4,2026-06-30 08:05:15
4356,Pattern: Star Belt,1377179,826307,153677,153677,8.96,5.38,1,2026-07-01 14:05:16
10546,Deadly Scope,66334,39800,356500,356500,5.37,8.96,2,2026-07-01 14:25:16
49632,Runescroll of Fortitude,116842,111624,999999,999999,8.56,8.96,6,2026-07-01 15:25:22
16246,Formula: Enchant Bracer - Superior Strength,24560481,11160898,2744000,2744000,8.95,4.07,1,2026-06-17 05:25:20
7375,Green Whelp Armor,398713,92138,44590,44590,8.94,2.07,1,2026-06-13 02:45:04
14471,Pattern: Cindercloth Vest,357333,214400,40000,40000,8.93,5.36,1,2026-06-20 16:05:14
1721,Viking Warhammer,102868,61721,708875,550000,6.89,8.91,2,2026-07-01 14:05:16
2901,Mining Pick,44558,10736,5000,5000,8.91,2.15,1,2026-06-30 10:25:04
10310,Scroll of Strength IV,2047,1077,9600,9600,4.69,8.91,8,2026-07-01 14:25:16
8291,Arcane Sash,69070,41442,369017,369017,5.34,8.9,1,2026-06-30 08:05:15
2982,Seer's Pants,16896,10138,1900,1900,8.89,5.34,1,2026-07-01 14:05:16
9386,Excavator's Brand,2564828,1538897,288978,288978,8.88,5.33,1,2026-06-29 19:05:23
6409,Insignia Belt,24398,16933,2750,2700,8.87,6.27,2,2026-07-01 14:25:16
20970,Design: Pendant of the Agate Shield,654435,214094,73852,69000,8.86,3.1,2,2026-07-01 14:45:20
43571,Sewer Carp,1754,1283,198,197,8.86,6.51,63,2026-07-01 15:25:22
14380,Sanguine Robe,20346,15949,2300,2300,8.85,6.93,1,2026-06-27 00:25:24
22790,Ancient Lichen,16766,3788,1899,1895,8.83,2.0,289,2026-07-01 14:45:20
5571,Small Black Pouch,4625,4363,525,525,8.81,8.31,8,2026-07-01 14:05:16
6662,Elixir of Giant Growth,66106,62659,7500,7500,8.81,8.35,102,2026-07-01 14:25:16
3047,Lambent Scale Gloves,17383,13273,1980,1980,8.78,6.7,1,2026-06-29 21:45:34
4296,Pattern: Dark Leather Shoulders,12232,9257,1393,1390,8.78,6.66,8,2026-07-01 14:05:16
14665,Keeper's Cloak,75932,34180,299998,299998,3.95,8.78,2,2026-07-01 14:25:16
45760,Glyph of Pain Suppression,79463,47922,9085,6500,8.75,7.37,18,2026-07-01 15:25:22
4378,Heavy Dynamite,31148,7831,3571,3571,8.72,2.19,14,2026-05-26 05:25:57
43130,Virulent Spaulders,238922,143353,1250000,1250000,5.23,8.72,2,2026-07-01 15:25:22
1925,Defias Rapier,27349,10578,3150,3100,8.68,3.41,3,2026-07-01 14:05:16
5029,Talisman of the Naga Lord,27422,25246,219000,219000,7.99,8.67,1,2026-07-01 14:05:16
50055,Worn Dirk,9749,5849,50647,50647,5.2,8.66,1,2026-07-01 15:25:22
41779,Design: Stalwart Monarch Topaz,346120,235763,40000,40000,8.65,5.89,3,2026-07-01 15:25:22
15415,Blue Dragonscale,8598,7555,9900,874,1.15,8.64,21,2026-07-01 14:25:16
37092,Scroll of Intellect VIII,7643,5764,885,885,8.64,6.51,20,2026-07-01 15:05:19
6533,Aquadynamic Fish Attractor,12942,7765,1499,1490,8.63,5.21,35,2026-07-01 14:25:16
18414,Pattern: Belt of the Archmage,8628078,3866830,1000000,1000000,8.63,3.87,1,2026-06-06 16:45:04
6291,Raw Brilliant Smallfish,132,116,1003,1000,7.6,8.62,242,2026-07-01 14:05:16
7059,Crimson Silk Shoulders,172323,49000,20000,20000,8.62,2.45,1,2026-06-28 21:25:37
8385,Pattern: Turtle Scale Gloves,8616,5705,999,999,8.62,5.71,5,2026-07-01 14:25:16
871,Flurry Axe,387332,232399,2218750,2000000,5.73,8.61,4,2026-07-01 14:05:16
42400,Glyph of Flash Heal,103283,58295,12000,12000,8.61,4.86,30,2026-07-01 15:25:22
3229,Tarantula Silk Sash,25812,15487,3000,3000,8.6,5.16,1,2026-06-08 14:45:18
6053,Recipe: Holy Protection Potion,95499,57299,11100,11000,8.6,5.21,4,2026-07-01 14:05:16
33443,Sour Goat Cheese,7089,4240,825,825,8.59,5.14,1,2026-06-30 19:45:14
34330,Heavy Knothide Armor Kit,128387,94029,14999,14999,8.56,6.27,2,2026-06-19 20:45:43
1717,Double Link Tunic,35122,21073,299500,99000,8.53,4.7,2,2026-07-01 14:05:16
6211,Recipe: Elixir of Ogre's Strength,9853,8506,3950,1000,2.49,8.51,3,2026-07-01 14:05:16
13052,Warmonger,109431,65659,558899,558899,5.11,8.51,1,2026-06-30 03:25:31
14833,Tyrant's Gauntlets,57920,36322,309000,309000,5.33,8.51,1,2026-06-30 06:25:19
4765,Enamelled Broadsword,84963,72578,10000,10000,8.5,7.26,1,2026-06-25 12:05:01
18640,Happy Fun Rock,41861,29189,248500,248000,5.94,8.5,2,2026-07-01 14:45:20
24479,Shadow Pearl,13537,8122,69166,68999,5.11,8.5,7,2026-07-01 14:45:20
3666,Gooey Spider Cake,2727,1613,322,322,8.47,5.01,1,2026-06-22 14:45:12
7560,Schematic: Gnomish Universal Remote,321958,290407,38000,38000,8.47,7.64,1,2026-07-01 14:25:16
5971,Feathered Cape,29428,19724,3500,3500,8.41,5.64,1,2026-07-01 14:05:16
14512,Pattern: Truefaith Vestments,2162551,1309089,257000,257000,8.41,5.09,1,2026-07-01 11:05:12
3356,Kingsblood,10015,3535,1192,1190,8.4,2.97,654,2026-07-01 14:05:16
16045,Schematic: Spellpower Goggles Xtreme Plus,84042,32025,10000,10000,8.4,3.2,6,2026-07-01 14:45:20
32833,Purified Jaggal Pearl,376705,50683,44850,44850,8.4,1.13,2,2026-07-01 11:25:09
43654,Tome of the Dawn,83962,72377,10000,10000,8.4,7.24,5,2026-07-01 15:25:22
6056,Recipe: Frost Protection Potion,152742,67905,18200,18200,8.39,3.73,1,2026-07-01 14:05:16
13760,Raw Sunscale Salmon,26467,15880,3154,2600,8.39,6.11,79,2026-07-01 14:25:16
14467,Pattern: Frostweave Robe,22758,11932,100000,100000,4.39,8.38,1,2026-07-01 14:25:16
7069,Elemental Air,12505,7503,1494,1494,8.37,5.02,66,2026-07-01 14:25:16
5784,Slimy Murloc Scale,1102,232,132,132,8.35,1.76,21,2026-07-01 14:05:16
14832,Symbolic Vambraces,48709,33565,280000,280000,5.75,8.34,1,2026-06-30 21:05:10
3048,Lambent Scale Legguards,20825,12495,2500,2500,8.33,5.0,1,2026-07-01 05:05:03
4393,Craftsman's Monocle,40020,24012,200000,200000,5.0,8.33,1,2026-06-20 18:25:17
10574,Corpseshroud,104824,62894,523633,523633,5.0,8.33,1,2026-07-01 14:25:16
2564,Elven Spirit Claws,69447,41668,347000,346000,5.0,8.3,2,2026-07-01 14:05:16
5572,Small Green Pouch,4116,2971,496,495,8.3,6.0,10,2026-07-01 14:05:16
31672,Mok'Nathal Shortribs,16574,15672,2000,2000,8.29,7.84,20,2026-07-01 01:05:16
33052,Fisherman's Feast,5068,3041,25200,25200,4.97,8.29,12,2026-06-28 17:45:22
29380,Ethereum Phase Blade,19508414,13393621,2355434,2355434,8.28,5.69,1,2026-06-10 14:44:37
43612,Spineslicer,8457287,5074372,43500000,42000000,5.14,8.28,2,2026-07-01 15:25:22
7087,Pattern: Crimson Silk Cloak,243995,159876,29500,29400,8.27,5.44,2,2026-07-01 14:25:16
14424,Silksand Legwraps,28926,26471,219000,219000,7.57,8.27,1,2026-07-01 14:25:16
5500,Iridescent Pearl,9493,6358,53133,52500,5.6,8.26,62,2026-07-01 14:05:16
42965,Glyph of Ghostly Strike,219087,147017,30849,17799,7.1,8.26,12,2026-07-01 15:25:22
2971,Spellbinder Boots,400,400,3300,3300,8.25,8.25,1,2026-06-28 08:25:31
5974,Pattern: Guardian Cloak,6745,3566,29500,29400,4.37,8.24,5,2026-07-01 14:05:16
15087,Wicked Leather Pants,147389,122949,17892,17892,8.24,6.87,2,2026-06-21 00:25:29
12535,Doomforged Straightedge,200433,120260,990000,990000,4.94,8.23,1,2026-07-01 13:05:13
4301,Pattern: Barbaric Belt,75575,45345,9196,7899,8.22,5.74,2,2026-07-01 14:05:16
4794,Wolf Bracers,164177,103828,20000,20000,8.21,5.19,2,2026-07-01 14:05:16
15755,Pattern: Chimeric Vest,24396,13056,107499,107250,4.41,8.21,2,2026-07-01 14:45:20
24300,Pattern: Cloak of Eternity,2825030,1676164,344301,344301,8.21,4.87,1,2026-07-01 14:45:20
1951,Blackwater Cutlass,34040,17526,4150,4100,8.2,4.27,6,2026-07-01 14:05:16
6454,Manual: Strong Anti-Venom,79901,55722,9750,9700,8.19,5.74,4,2026-07-01 14:25:16
42467,Glyph of Shadow Bolt,4823,2894,592,590,8.15,4.91,28,2026-07-01 15:25:22
4316,Heavy Woolen Pants,40673,33880,5000,5000,8.13,6.78,1,2026-06-28 23:05:46
37145,Ace of Swords,59700,35820,7350,7350,8.12,4.87,53,2026-07-01 15:05:19
37807,Lydia's Sharpened Swordbreaker,453064,321201,2608887,2608887,5.76,8.12,2,2026-07-01 15:05:19
2684,Coyote Steak,412,247,2000,2000,4.85,8.1,40,2026-06-25 16:24:59
4700,Inscribed Leather Spaulders,13464,8078,5499,1000,2.45,8.08,2,2026-07-01 14:05:16
2699,Recipe: Redridge Goulash,48399,41724,6000,5500,8.07,7.59,2,2026-07-01 14:05:16
10508,Mithril Blunderbuss,161011,117943,20000,20000,8.05,5.9,1,2026-06-20 07:25:24
4317,Phoenix Pants,100419,33750,12500,12500,8.03,2.7,1,2026-05-08 05:04:56
2723,Bottle of Pinot Noir,9624,5003,1200,1200,8.02,4.17,2,2026-03-13 19:42:43
5635,Sharp Claw,737,384,92,91,8.01,4.22,26,2026-07-01 14:05:16
7974,Zesty Clam Meat,8999,3493,1124,1075,8.01,3.25,1138,2026-07-01 14:25:16
28119,Smooth Ornate Dawnstone,799999,799999,99900,99900,8.01,8.01,1,2026-03-18 08:02:50
38931,Scroll of Enchant Gloves - Blasting,160290,96174,20000,20000,8.01,4.81,3,2026-07-01 10:25:15
3203,Dense Triangle Mace,53722,32233,258500,258000,4.81,8.0,3,2026-07-01 14:05:16
15746,Pattern: Chimeric Leggings,16985,11247,89999,89999,5.3,8.0,2,2026-07-01 14:45:20
21552,Striped Yellowtail,120,120,15,15,8.0,8.0,80,2026-05-29 17:25:01
10045,Simple Linen Pants,23170,13902,2900,2900,7.99,4.79,1,2026-06-29 03:25:42
22926,Recipe: Elixir of Empowerment,1274243,1149191,159500,159500,7.99,7.2,1,2026-06-30 22:05:15
32068,Elixir of Ironskin,39875,10935,5000,5000,7.97,2.19,2,2026-06-08 20:05:32
43412,Glyph of Bloodthirst,248592,105763,31199,31198,7.97,3.39,15,2026-07-01 15:25:22
4046,Mistscape Pants,34751,20851,166000,166000,4.78,7.96,1,2026-07-01 14:05:16
4474,Ravenwood Bow,24973,13202,105100,105100,4.21,7.96,1,2026-07-01 14:05:16
8159,Jouster's Girdle,28260,26236,208887,208887,7.39,7.96,1,2026-06-30 13:45:11
4244,Hillman's Leather Vest,79548,45635,10000,10000,7.95,4.56,2,2026-06-23 13:25:01
5634,Free Action Potion,119294,71576,15000,15000,7.95,4.77,161,2026-07-01 14:05:16
20498,Silithid Chitin,9479,4553,1194,1190,7.94,3.83,92,2026-07-01 14:45:20
24169,Design: Eye of the Night,3365151,1656802,424000,400000,7.94,4.14,3,2026-07-01 14:45:20
2888,Beer Basted Boar Ribs,1892,1135,9000,9000,4.76,7.93,20,2026-07-01 02:25:10
1214,Gnoll Punisher,15833,15249,1999,1999,7.92,7.63,1,2026-06-30 22:45:17
14728,War Paint Shoulder Pads,6295,3777,796,793,7.91,4.76,2,2026-07-01 14:25:16
14747,Hulking Gauntlets,77548,46529,9800,9800,7.91,4.75,1,2026-06-29 02:45:43
43535,Glyph of Blood Tap,233393,143858,29499,29499,7.91,4.88,12,2026-07-01 15:25:22
16254,Formula: Enchant Weapon - Lifestealing,11833788,5920460,1500000,1500000,7.89,3.95,1,2026-06-25 03:45:13
25867,Earthstorm Diamond,2282804,1749208,290000,290000,7.87,6.03,3,2026-06-29 14:05:17
28363,Inscribed Ornate Topaz,869624,521774,110443,110443,7.87,4.72,1,2026-03-21 09:02:26
4402,Small Flame Sac,7132,4279,911,910,7.83,4.7,53,2026-07-01 14:05:16
6508,Infantry Cloak,8000,8000,1022,1022,7.83,7.83,1,2026-06-18 05:05:28
6509,Infantry Belt,1785,1164,9109,9109,5.1,7.83,2,2026-07-01 14:25:16
14749,Hulking Spaulders,39105,23364,4999,4999,7.82,4.67,1,2026-06-29 10:45:22
4797,Fiery Cloak,39037,36981,5000,5000,7.81,7.4,1,2026-06-11 19:24:48
7990,Plans: Heavy Mithril Helm,13889,6398,56750,50000,4.09,7.81,3,2026-07-01 14:25:16
3927,Fine Aged Cheddar,3089,972,396,396,7.8,2.45,5,2026-07-01 14:05:16
13004,Torch of Austen,108770,65262,508999,508999,4.68,7.8,1,2026-07-01 14:25:16
11225,Formula: Enchant Bracer - Greater Stamina,53849,42364,330000,330000,6.13,7.79,1,2026-07-01 14:25:16
12404,Dense Sharpening Stone,2623,2568,19999,19999,7.62,7.79,5,2026-07-01 14:25:16
6561,Seer's Padded Armor,17122,10273,2200,2200,7.78,4.67,1,2026-07-01 14:05:16
8132,Myrmidon's Leggings,47183,28310,220000,220000,4.66,7.77,1,2026-07-01 14:25:16
5528,Recipe: Clam Chowder,103996,72895,13400,13400,7.76,5.44,6,2026-07-01 14:05:16
7964,Solid Sharpening Stone,1075,645,5000,5000,4.65,7.75,20,2026-07-01 14:25:16
38949,Scroll of Enchant Shield - Resilience,306731,277292,39597,39597,7.75,7.0,24,2026-07-01 15:25:22
43515,Mystic Tome,75158,45095,9700,7000,7.75,6.44,2,2026-07-01 15:25:22
14806,Bloodlust Epaulets,147063,96778,874395,748892,5.95,7.74,2,2026-07-01 14:25:16
38871,Scroll of Enchant Weapon - Lifestealing,1437152,862291,6669969,6669969,4.64,7.74,1,2026-06-11 20:24:49
40029,Balanced Twilight Opal,109224,65534,537926,506600,4.92,7.73,4,2026-07-01 15:25:22
38798,Scroll of Enchant Chest - Lesser Absorption,13535,12947,100000,100000,7.39,7.72,1,2026-06-27 22:45:25
14398,Resilient Tunic,38574,35826,5000,5000,7.71,7.17,1,2026-07-01 14:25:16
236,Cured Leather Armor,10000,10000,1299,1299,7.7,7.7,1,2026-05-30 12:45:14
4289,Salt,633,393,3028,3028,4.78,7.7,1,2026-05-23 03:45:29
5082,Thin Kodo Leather,1340,1300,174,174,7.7,7.47,10,2026-07-01 14:05:16
23742,Fel Iron Musket,136247,116949,899997,899997,6.61,7.7,2,2026-07-01 14:45:20
6566,Shimmering Amice,7689,4613,1000,1000,7.69,4.61,1,2026-07-01 14:25:16
3382,Weak Troll's Blood Elixir,2300,2101,300,300,7.67,7.0,18,2026-07-01 14:05:16
3825,Elixir of Fortitude,3556,1798,13799,13799,3.88,7.67,3,2026-07-01 14:05:16
21114,Rumsey Rum Dark,6124,5360,800,800,7.66,6.7,12,2026-07-01 14:45:20
18654,Schematic: Gnomish Alarm-o-Bot,251899,48701,372229,372229,1.48,7.64,3,2026-07-01 14:45:20
25668,Thick Draenic Boots,104172,58927,450000,450000,4.32,7.64,3,2026-07-01 14:45:20
8205,Tough Scorpid Bracers,17475,10485,80000,80000,4.58,7.63,1,2026-06-24 18:25:13
24168,Design: Braided Eternium Chain,1254012,737967,165000,165000,7.6,4.47,1,2026-07-01 14:45:20
28362,Bold Ornate Ruby,1518940,958899,199900,199900,7.6,4.8,1,2026-03-16 13:42:51
8158,Jouster's Gauntlets,34142,20485,157750,155000,4.62,7.57,4,2026-07-01 14:25:16
6471,Perfect Deviate Scale,17383,10430,2300,2300,7.56,4.53,7,2026-07-01 14:25:16
7374,Dusky Leather Armor,18729,11237,85000,85000,4.54,7.56,1,2026-06-05 03:25:03
41814,Glassfin Minnow,8235,4941,1090,1090,7.56,4.53,128,2026-07-01 15:25:22
2880,Weak Flux,65,65,491,491,7.55,7.55,5,2026-07-01 14:05:16
15077,Heavy Scorpid Bracers,24184,14510,109500,109500,4.53,7.55,5,2026-07-01 14:25:16
4576,Light Bow,13550,8130,1800,1800,7.53,4.52,1,2026-06-29 10:45:22
2459,Swiftness Potion,48102,33617,6398,5700,7.52,5.9,325,2026-07-01 14:05:16
14687,Indomitable Leggings,250394,192520,33300,33300,7.52,5.78,1,2026-05-28 06:25:27
22828,Insane Strength Potion,225147,155876,29999,29999,7.51,5.2,20,2026-06-05 04:45:01
6330,Recipe: Bristle Whisker Catfish,85367,73130,11375,11300,7.5,6.47,2,2026-07-01 14:05:16
42398,Glyph of Fade,48773,43194,6499,6499,7.5,6.65,26,2026-07-01 15:25:22
45879,Delicate Stormjewel,2142146,1625858,12190000,12180000,5.69,7.49,7,2026-07-01 15:25:22
2515,Sharp Arrow,50,40,299,299,5.98,7.47,200,2026-04-29 16:23:52
38682,Armor Vellum,2313,1097,8300,8200,3.59,7.47,321,2026-07-01 15:25:22
8165,Worn Dragonscale,1821,737,5500,5500,3.02,7.46,16,2026-07-01 14:25:16
15964,Silksand Star,37990,22794,169997,169997,4.47,7.46,1,2026-07-01 14:45:20
37159,Three of Swords,38817,23290,5200,5100,7.46,4.57,53,2026-07-01 15:05:19
40914,Glyph of Healing Touch,48190,28914,6458,6300,7.46,4.59,42,2026-07-01 15:25:22
10317,Pattern: Pink Mageweave Shirt,223004,127188,30000,30000,7.43,4.24,1,2026-07-01 12:05:10
21371,Pattern: Core Felcloth Bag,9406811,5397168,40000000,40000000,4.25,7.41,1,2026-07-01 14:45:20
23626,Plans: Black Felsteel Bracers,1109415,395828,150000,150000,7.4,2.64,1,2026-06-26 08:24:55
30308,Pattern: Hurricane Boots,11101249,4063637,1500000,1500000,7.4,2.71,1,2026-07-01 15:05:19
32067,Elixir of Draenic Wisdom,24647,20274,150000,150000,6.09,7.4,20,2026-07-01 15:05:19
48122,Ravasaur Hatchling,1849381,1558718,250000,250000,7.4,6.23,1,2026-07-01 15:25:22
1177,Oil of Olaf,10796,2112,1460,1460,7.39,1.45,14,2026-07-01 14:05:16
2284,Rat Cloth Cloak,4433,4433,600,600,7.39,7.39,1,2026-06-22 06:05:04
8399,Pattern: Tough Scorpid Boots,5652,3980,29450,29400,5.21,7.39,4,2026-07-01 14:25:16
13308,Schematic: Ice Deflector,736976,405073,99725,99500,7.39,4.07,2,2026-07-01 14:25:16
816,Small Hand Blade,18449,11069,2500,2500,7.38,4.43,1,2026-06-22 21:05:01
4407,Accurate Scope,183527,110116,24859,24800,7.38,4.44,38,2026-07-01 14:05:16
5972,Pattern: Fine Leather Pants,6460,1910,875,875,7.38,2.18,1,2026-07-01 14:05:16
11174,Lesser Nether Essence,60135,36081,8150,8098,7.38,4.46,119,2026-07-01 14:25:16
15772,Pattern: Devilsaur Leggings,213007,127804,28899,28899,7.37,4.42,1,2026-06-30 08:25:01
40913,Glyph of Rejuvenation,33903,22587,4600,4500,7.37,5.02,55,2026-07-01 15:25:22
4331,Phoenix Gloves,5641,3385,24900,24900,4.41,7.36,1,2026-06-03 12:25:07
22841,Major Fire Protection Potion,374784,42234,51000,51000,7.35,1.21,3,2026-07-01 10:25:15
5819,Sunblaze Coif,440587,264352,60000,60000,7.34,4.41,3,2026-07-01 14:05:16
29371,Nexus-Claw,286133,171680,1259999,1259999,4.4,7.34,1,2026-05-23 17:25:52
10314,Pattern: Lavender Mageweave Shirt,293196,192035,40000,40000,7.33,4.8,1,2026-07-01 14:25:16
6426,Blackforge Bracers,38520,23112,194499,169000,5.05,7.31,5,2026-07-01 14:25:16
8224,Silithid Ripper,145451,122678,19900,19900,7.31,6.16,1,2026-07-01 08:25:12
10029,Red Mageweave Shoulders,146173,146173,20000,20000,7.31,7.31,3,2026-06-14 20:05:27
39960,Wicked Huge Citrine,57680,31219,7900,7900,7.3,3.95,8,2026-07-01 15:25:22
42964,Glyph of Garrote,18247,16992,2500,2499,7.3,6.8,24,2026-07-01 15:25:22
3281,Battle Chain Gloves,12000,12000,1648,1648,7.28,7.28,1,2026-06-25 03:25:09
8156,Jouster's Wristguards,27914,16748,122000,122000,4.37,7.28,1,2026-06-30 14:45:07
11630,Rockshard Pellets,6201,1374,10000,10000,1.61,7.28,200,2026-06-20 07:25:24
14170,Buccaneer's Mantle,12699,8291,1745,1500,7.28,5.53,3,2026-07-01 14:25:16
41307,Destructive Skyflare Diamond,801048,611317,110000,110000,7.28,5.56,10,2026-07-01 15:25:22
9762,Cadet Gauntlets,8000,8000,1100,1100,7.27,7.27,1,2026-06-26 13:04:50
12249,Merciless Axe,363636,175444,50000,50000,7.27,3.51,1,2026-06-21 21:45:13
19808,Rockhide Strongfish,937964,550750,4000000,4000000,4.26,7.26,1,2026-06-01 15:05:19
6807,Frog Leg Stew,544,326,75,75,7.25,4.35,20,2026-06-30 00:05:36
2311,White Leather Jerkin,21720,13032,3000,3000,7.24,4.34,1,2026-05-25 12:25:58
9298,Recipe: Elixir of Giants,21413,8576,154500,59000,7.22,6.88,2,2026-07-01 14:25:16
765,Silverleaf,1016,211,141,138,7.21,1.53,289,2026-07-01 14:05:16
7939,Truesilver Breastplate,721441,274828,99999,99999,7.21,2.75,1,2026-06-01 07:45:24
14770,Ravager's Armguards,36052,21631,5000,5000,7.21,4.33,1,2026-07-01 14:25:16
27858,Sunspring Carp,6939,2395,963,960,7.21,2.49,10,2026-07-01 15:05:19
5542,Pearl-clasped Cloak,32786,32786,4556,4556,7.2,7.2,1,2026-06-28 21:05:35
6470,Deviate Scale,2815,785,391,391,7.2,2.01,34,2026-07-01 14:25:16
3870,Plans: Green Iron Shoulders,12552,6493,1745,1500,7.19,4.33,3,2026-07-01 14:05:16
13059,Stoneraven,115826,69496,500000,500000,4.32,7.19,1,2026-07-01 14:25:16
22835,Elixir of Major Shadow Power,71934,43160,10000,10000,7.19,4.32,2,2026-06-08 20:05:32
34754,Mega Mammoth Meal,71856,44832,10000,10000,7.19,4.48,1,2026-07-01 15:05:19
41396,Eternal Earthsiege Diamond,858107,833063,119500,119500,7.18,6.97,10,2026-07-01 15:25:22
31152,Chestguard of Illumination,118530,71118,850000,500000,7.17,7.03,2,2026-07-01 15:05:19
2456,Minor Rejuvenation Potion,2147,1288,300,300,7.16,4.29,35,2026-07-01 14:05:16
10609,Schematic: Mithril Mechanical Dragonling,609910,507514,85289,80000,7.15,6.34,4,2026-07-01 14:25:16
3827,Mana Potion,10485,6215,1468,1459,7.14,4.26,47,2026-07-01 14:05:16
14755,Slayer's Sash,32110,19979,4500,4500,7.14,4.44,1,2026-07-01 14:25:16
20500,Light Silithid Carapace,16422,14228,2300,2300,7.14,6.19,4,2026-07-01 14:45:20
19183,Hourglass Sand,33140,9644,4649,4600,7.13,2.1,24,2026-07-01 14:45:20
1211,Gnoll War Harness,14238,11471,2000,2000,7.12,5.74,1,2026-07-01 14:05:16
7993,Plans: Dazzling Mithril Rapier,12414,10518,74800,74800,6.03,7.11,1,2026-07-01 14:25:16
42749,Glyph of Mage Armor,23791,14275,3348,3298,7.11,4.33,13,2026-07-01 15:25:22
954,Scroll of Strength,689,413,97,97,7.1,4.26,3,2026-07-01 14:05:16
6377,Formula: Enchant Boots - Minor Agility,141945,83379,20000,20000,7.1,4.17,1,2026-07-01 14:05:16
14668,Keeper's Woolies,50250,39437,280000,280000,5.57,7.1,1,2026-06-30 21:05:10
5789,Pattern: Murloc Scale Bracers,113424,68054,16000,16000,7.09,4.25,1,2026-06-29 22:45:29
24211,Design: Glowing Nightseye,1418868,825515,199999,199999,7.09,4.13,1,2026-06-29 21:45:34
7067,Elemental Earth,167840,59197,23700,18600,7.08,3.18,5,2026-07-01 14:25:16
41777,Design: Etched Monarch Topaz,317264,105505,44799,44799,7.08,2.36,3,2026-07-01 15:25:22
1482,Shadowfang,9570653,5742392,1355253,1200607,7.06,4.78,4,2026-07-01 14:05:16
2604,Red Dye,7116,7052,49800,49800,7.0,7.06,4,2026-05-07 21:05:05
7924,Mithril Scale Bracers,41282,35815,252830,252830,6.12,7.06,1,2026-06-27 12:05:03
8116,Heraldic Belt,38847,26841,5499,5499,7.06,4.88,2,2026-07-01 11:25:09
9366,Golden Scale Gauntlets,67038,57013,9500,9500,7.06,6.0,4,2026-05-30 05:25:12
34765,Pickled Fangtooth,7063,5307,1000,1000,7.06,5.31,111,2026-07-01 15:05:19
8402,Pattern: Tough Scorpid Helm,6735,6382,45000,45000,6.68,7.05,1,2026-07-01 14:25:16
42408,Glyph of Power Word: Shield,55657,43143,7899,7899,7.05,5.46,16,2026-07-01 15:25:22
1399,Magic Candle,37122,33620,5274,5148,7.04,6.53,3,2026-07-01 14:05:16
1205,Melon Juice,2288,996,7500,7000,3.28,7.03,36,2026-07-01 14:05:16
37117,King's Square Bracers,418949,300995,59666,59499,7.02,5.06,8,2026-07-01 15:05:19
43367,Glyph of Lay on Hands,209113,68883,29797,29797,7.02,2.31,8,2026-07-01 15:25:22
10607,Schematic: Deepdive Helmet,701355,622475,100000,100000,7.01,6.22,1,2026-07-01 14:25:16
14825,Symbolic Crest,47536,28522,200000,200000,4.21,7.01,1,2026-07-01 14:25:16
24219,Design: Dazzling Talasite,1805369,642194,257499,257000,7.01,2.5,3,2026-07-01 14:45:20
6303,Raw Slitherskin Mackerel,182,154,26,26,7.0,5.92,55,2026-07-01 14:05:16
41498,Perfect Resolute Huge Citrine,227398,127547,32500,32500,7.0,3.92,1,2026-06-30 12:05:00
10398,Mechanical Chicken,13918643,10833864,1989999,1980000,6.99,5.47,2,2026-07-01 14:25:16
32747,Pattern: Swiftstrike Shoulders,6288832,6242818,900000,900000,6.99,6.94,1,2026-05-23 00:25:41
38805,Scroll of Enchant Shield - Lesser Stamina,12508,4632,1790,1790,6.99,2.59,3,2026-06-11 17:04:49
2568,Brown Linen Vest,17285,5172,2475,2475,6.98,2.09,2,2026-06-26 13:04:50
16242,Formula: Enchant Chest - Major Mana,59805,35883,250000,250000,4.18,6.97,1,2026-07-01 07:25:03
11144,Truesilver Rod,29324,21197,147498,147496,5.03,6.96,4,2026-07-01 14:25:16
4712,Glimmering Mail Girdle,14456,8674,100499,1999,6.95,4.34,2,2026-07-01 14:05:16
38856,Scroll of Enchant Gloves - Greater Agility,103485,74982,14900,14900,6.95,5.03,1,2026-07-01 13:45:14
40912,Glyph of Regrowth,191209,89982,27498,27496,6.95,3.27,26,2026-07-01 15:25:22
41381,Persistent Earthsiege Diamond,479133,287480,69000,68999,6.94,4.17,52,2026-07-01 15:25:22
42916,Glyph of Volley,205379,76188,29599,29599,6.94,2.57,13,2026-07-01 15:25:22
5750,Warchief's Girdle,13839,8303,2000,2000,6.92,4.15,1,2026-06-28 11:45:23
27438,Golden Darter,5373,3109,21566,21500,4.01,6.92,200,2026-07-01 15:05:19
3314,Ceremonial Leather Gloves,18905,7239,50000,50000,2.64,6.91,1,2026-07-01 01:05:16
17035,Stranglethorn Seed,26946,12240,3900,3900,6.91,3.14,22,2026-07-01 14:45:20
37812,Petrified Ironwood Smasher,422849,284049,1962500,1962500,4.64,6.91,1,2026-07-01 12:45:09
22565,Formula: Large Prismatic Shard,826366,584153,120000,120000,6.89,4.87,1,2026-07-01 14:45:20
43331,Glyph of Unburdened Rebirth,309988,219178,45000,45000,6.89,4.87,21,2026-07-01 15:25:22
9434,Elemental Raiment,48419,29051,200000,200000,4.13,6.88,1,2026-07-01 14:25:16
15751,Pattern: Blue Dragonscale Breastplate,687553,425488,100000,100000,6.88,4.25,1,2026-07-01 14:45:20
17202,Snowball,2010,734,5067,5048,2.52,6.88,250,2026-07-01 14:45:20
2842,Silver Bar,12952,6985,1885,1790,6.87,3.9,294,2026-07-01 14:05:16
1180,Scroll of Stamina,254,168,37,37,6.86,4.54,1,2026-07-01 14:05:16
17058,Fish Oil,432,316,63,59,6.86,5.36,47,2026-07-01 14:45:20
4063,Imperial Leather Gloves,31094,18656,213084,90000,6.85,4.82,5,2026-07-01 14:05:16
13025,Deadwood Sledge,50620,30372,228950,208000,4.52,6.85,3,2026-07-01 14:25:16
13933,Lobster Stew,486,292,2000,2000,4.12,6.85,20,2026-06-17 11:05:12
32540,Terokk's Might,6776780,6562368,990000,990000,6.85,6.63,1,2026-06-03 16:25:07
10401,Blackened Defias Gloves,31448,18869,4600,4600,6.84,4.1,2,2026-07-01 14:25:16
29729,Pattern: Living Dragonscale Helm,684277,366890,100000,100000,6.84,3.67,1,2026-07-01 15:05:19
34664,Sunmote,243811,146287,1000000,1000000,4.1,6.84,15,2026-07-01 15:05:19
14378,Sanguine Mantle,27338,15052,4000,4000,6.83,3.76,1,2026-06-30 23:05:18
15967,Highborne Star,73221,43933,300000,300000,4.1,6.83,1,2026-06-30 10:05:03
8309,Hero's Leggings,244500,146700,1000000,1000000,4.09,6.82,1,2026-07-01 09:25:09
8498,Tiny Emerald Whelpling,68100398,53080869,9990000,9990000,6.82,5.31,1,2026-06-26 09:44:51
10576,Mithril Mechanical Dragonling,612832,367699,89900,89900,6.82,4.09,1,2026-06-24 16:05:05
3576,Tin Bar,2350,1410,345,345,6.81,4.09,241,2026-07-01 14:05:16
40411,Enchanted Vial,19145,8383,57134,57000,2.98,6.8,2,2026-07-01 15:25:22
13288,Pattern: Raptor Hide Belt,679396,423404,100000,100000,6.79,4.23,1,2026-07-01 14:25:16
23807,Schematic: Adamantite Scope,1218596,999662,180000,180000,6.77,5.55,1,2026-07-01 14:45:20
8161,Jouster's Visor,33949,18283,123600,123600,3.64,6.76,1,2026-07-01 14:25:16
14814,Warstrike Helmet,270262,162157,40000,40000,6.76,4.05,1,2026-06-28 07:25:13
20958,Blazing Citrine Ring,19732,11839,80000,80000,4.05,6.76,10,2026-07-01 14:45:20
4306,Silk Cloth,3862,2589,572,570,6.75,4.54,2651,2026-07-01 14:05:16
4346,Pattern: Heavy Woolen Cloak,2877,1690,11472,11400,3.99,6.75,2,2026-07-01 14:05:16
6836,Dress Shoes,673444,301442,99750,99500,6.75,3.03,2,2026-07-01 14:25:16
23529,Adamantite Sharpening Stone,20325,12195,82321,82321,4.05,6.75,14,2026-07-01 05:05:03
44314,Scroll of Recall II,11008,7404,50000,50000,4.54,6.75,8,2026-06-28 10:05:25
4662,Journeyman's Cloak,2400,1440,9700,9700,4.04,6.74,1,2026-07-01 14:05:16
41128,Brilliant Saronite Boots,354609,212765,1435000,1435000,4.05,6.74,4,2026-07-01 09:45:12
7351,Disciple's Boots,1238,743,4999,4999,4.04,6.73,1,2026-07-01 14:25:16
12988,Starsight Tunic,26717,17828,120000,120000,4.49,6.73,1,2026-07-01 14:25:16
4299,Pattern: Guardian Armor,10020,5957,1492,1490,6.72,4.0,5,2026-07-01 14:05:16
14796,Protector Legguards,40613,33506,224999,224999,5.54,6.72,2,2026-07-01 14:25:16
37819,Milan's Mastercraft Band,173914,104348,699999,699999,4.02,6.71,2,2026-07-01 15:05:19
8386,Pattern: Big Voodoo Robe,8887,3871,1327,1325,6.7,2.92,3,2026-07-01 14:25:16
8932,Alterac Swiss,6184,4405,29500,29500,4.77,6.7,240,2026-07-01 03:05:07
10623,Winter's Bite,93590,56154,376000,376000,4.02,6.7,1,2026-07-01 14:25:16
41782,Design: Shining Forest Emerald,312712,252550,46700,46600,6.7,5.42,5,2026-07-01 15:25:22
41789,Design: Inscribed Monarch Topaz,326793,158310,48799,48799,6.7,3.24,3,2026-07-01 15:25:22
42897,Glyph of Aimed Shot,33075,19845,4936,4800,6.7,4.13,37,2026-07-01 15:25:22
5961,Dark Leather Pants,16727,10600,2500,2500,6.69,4.24,7,2026-07-01 14:05:16
6272,Pattern: Blue Linen Robe,68915,41349,10300,10200,6.69,4.05,4,2026-07-01 14:05:16
18649,Schematic: Blue Firework,400956,376452,60000,60000,6.68,6.27,1,2026-07-01 14:45:20
3392,Ringed Helm,6000,6000,40000,40000,6.67,6.67,1,2026-06-03 09:04:59
6270,Pattern: Blue Linen Vest,79755,64428,11950,11700,6.67,5.51,2,2026-07-01 14:05:16
7936,Ornate Mithril Boots,60000,60000,400000,400000,6.67,6.67,1,2026-03-02 16:42:55
4386,Ice Deflector,199900,199900,30000,30000,6.66,6.66,1,2026-05-01 22:44:35
4800,Mighty Chain Pants,133167,67967,20000,20000,6.66,3.4,1,2026-07-01 14:05:16
6332,Black Pearl Ring,245018,147011,36798,36798,6.66,4.0,1,2026-07-01 03:25:06
1355,Buckskin Cape,17260,13909,2595,2595,6.65,5.36,1,2026-05-30 07:05:16
14660,Scorpashi Shoulder Pads,36316,21790,144999,144999,3.99,6.65,3,2026-07-01 14:25:16
2838,Heavy Stone,2124,889,5900,5900,2.78,6.64,152,2026-07-01 14:05:16
10503,Rose Colored Goggles,66214,44187,10000,10000,6.62,4.42,5,2026-06-29 18:25:26
10713,Plans: Inlaid Mithril Cylinder,83662,22645,150000,150000,1.79,6.62,1,2026-07-01 14:25:16
3290,Ancestral Gloves,1386,832,5500,5500,3.97,6.61,1,2026-06-24 17:25:12
21952,Design: Emerald Crown of Destruction,797679,471146,120693,100000,6.61,4.71,2,2026-07-01 14:45:20
24062,Enduring Talasite,330300,330300,50000,50000,6.61,6.61,1,2026-03-01 19:22:54
37163,Rogues Deck,445365,378045,67499,67499,6.6,5.6,1,2026-07-01 13:05:13
3383,Elixir of Wisdom,7234,4340,1098,1095,6.59,3.96,8,2026-07-01 14:05:16
42546,Mana Injector Kit,12420,3197,22225,20996,1.79,6.57,365,2026-07-01 15:25:22
7053,Azure Silk Cloak,24138,14483,95000,95000,3.94,6.56,2,2026-07-01 14:25:16
13135,Lordly Armguards,63237,37942,249000,249000,3.94,6.56,1,2026-07-01 14:25:16
38698,Bitter Plasma,44259,16613,109000,109000,2.46,6.56,4,2026-06-28 23:25:47
9210,Ghost Dye,130962,92380,20000,20000,6.55,4.62,6,2026-06-17 14:25:21
4072,Glimmering Mail Gauntlets,17624,10574,84500,69000,4.79,6.53,2,2026-07-01 14:05:16
6328,Recipe: Longjaw Mud Snapper,64432,52457,9866,9800,6.53,5.35,7,2026-07-01 14:05:16
14371,Mystic's Robe,22869,13721,3500,3500,6.53,3.92,1,2026-06-30 10:25:04
23320,Tablet of Flame Shock VI,177909,106745,696969,696969,3.92,6.53,1,2026-05-26 05:05:57
37858,Awakened Handguards,456467,410245,69850,69500,6.53,5.9,3,2026-07-01 15:05:19
14025,Mystic's Belt,9362,7672,50000,50000,5.34,6.52,1,2026-07-01 04:05:11
13031,Orb of Mistmantle,17909,10745,70000,70000,3.91,6.51,1,2026-07-01 13:25:15
20973,Design: Blazing Citrine Ring,325717,170349,50000,50000,6.51,3.41,1,2026-07-01 14:45:20
24031,Bright Living Ruby,390709,221113,60000,60000,6.51,3.69,3,2026-06-04 00:04:56
24196,Design: Runed Living Ruby,1427222,856333,219500,219000,6.5,3.91,2,2026-07-01 14:45:20
22278,Lovely Blue Dress,165434,76986,500000,500000,3.02,6.49,1,2026-06-17 17:05:25
2406,Pattern: Fine Leather Boots,3790,2274,585,575,6.48,3.95,7,2026-07-01 14:05:16
3832,Recipe: Elixir of Detect Lesser Invisibility,26628,15361,99750,99500,3.75,6.48,2,2026-07-01 14:05:16
9444,Techbot CPU Shell,2571,1543,10000,10000,3.89,6.48,1,2026-06-28 06:25:15
13106,Glowing Magical Bracelets,323418,97803,50000,50000,6.47,1.96,1,2026-06-27 04:05:20
38772,Scroll of Enchant 2H Weapon - Minor Impact,64095,9222,9900,9900,6.47,1.07,5,2026-07-01 15:25:22
8318,Alabaster Plate Leggings,219490,131694,34000,34000,6.46,3.87,1,2026-06-30 23:05:18
12693,Plans: Thorium Boots,11165,9483,61250,61250,5.49,6.46,1,2026-07-01 14:25:16
43868,Glyph of Seal of Righteousness,223460,136254,34599,34599,6.46,3.94,12,2026-07-01 15:25:22
10554,Foreman Pants,6448,3869,1000,1000,6.45,3.87,1,2026-06-29 03:45:43
17056,Light Feather,238,37,37,34,6.43,1.09,138,2026-07-01 14:45:20
27499,Scroll of Intellect V,3953,1497,615,610,6.43,2.45,9,2026-07-01 15:05:19
43360,Glyph of Frost Ward,160873,85515,25000,25000,6.43,3.42,29,2026-07-01 15:25:22
4727,Chief Brigadier Girdle,32087,27195,5000,5000,6.42,5.44,1,2026-07-01 14:05:16
42430,Dalaran Doughnut,99999,99999,15572,15572,6.42,6.42,4,2026-06-10 11:44:22
15757,Pattern: Wicked Leather Pants,9642,7906,61798,50000,6.41,6.32,2,2026-07-01 14:45:20
27682,Talbuk Venison,2439,1061,6800,6800,2.79,6.41,76,2026-07-01 15:05:19
38783,Scroll of Enchant Bracer - Lesser Spirit,12818,8832,2000,2000,6.41,4.42,1,2026-06-23 04:25:03
13287,Pattern: Raptor Hide Harness,587529,361877,91809,86500,6.4,4.18,2,2026-07-01 14:25:16
2318,Light Leather,1795,837,281,260,6.39,3.22,387,2026-07-01 14:05:16
7307,Flesh Eating Worm,9582,7938,1500,1500,6.39,5.29,3,2026-07-01 06:25:02
8959,Raw Spinefin Halibut,12790,4273,2000,2000,6.39,2.14,72,2026-07-01 14:25:16
18709,Arena Wristguards,1086143,556008,170000,170000,6.39,3.27,1,2026-06-24 23:45:16
21546,Elixir of Greater Firepower,127856,67775,20000,20000,6.39,3.39,5,2026-06-08 17:45:19
9036,Magic Resistance Potion,22626,14096,90000,90000,3.98,6.38,1,2026-07-01 14:25:16
15013,Lupine Cuffs,6000,6000,940,940,6.38,6.38,1,2026-06-21 21:25:14
20576,Pattern: Black Whelp Tunic,319118,121239,50000,50000,6.38,2.42,1,2026-07-01 14:45:20
4449,Naraxis' Fang,63681,24553,10000,10000,6.37,2.46,1,2026-06-30 02:05:27
5631,Rage Potion,7961,4777,1249,1166,6.37,4.1,40,2026-07-01 14:05:16
43251,Ring of Scarlet Shadows,653816,392290,2499998,2499998,3.82,6.37,3,2026-07-01 15:25:22
6366,Darkwood Fishing Pole,635714,550000,99999,99999,6.36,5.5,1,2026-06-09 01:05:37
22553,Formula: Enchant Weapon - Potency,4199564,3661608,659999,659999,6.36,5.55,2,2026-07-01 14:45:20
4832,Mystic Sarong,34929,32053,5500,5500,6.35,5.83,1,2026-06-27 14:05:03
6811,Aquadynamic Fish Lens,3177,2646,500,500,6.35,5.29,20,2026-06-27 05:45:22
35652,Incessant Torch,635487,625876,99999,99999,6.35,6.26,6,2026-07-01 15:05:19
5540,Pearl-handled Dagger,20856,12514,79200,79200,3.8,6.33,9,2026-07-01 14:05:16
15727,Pattern: Heavy Scorpid Vest,9071,5443,34450,34450,3.8,6.33,1,2026-06-22 13:25:11
41784,Design: Sovereign Twilight Opal,337133,197166,53250,53000,6.33,3.72,2,2026-07-01 15:25:22
3645,Seer's Cuffs,63185,35533,10000,10000,6.32,3.55,1,2026-06-30 07:05:17
39966,Accurate Huge Citrine,28516,23653,149500,149500,5.24,6.32,6,2026-07-01 15:25:22
31331,The Night Blade,18923173,11353904,3000000,3000000,6.31,3.78,1,2026-06-30 16:25:13
2700,Recipe: Succulent Pork Ribs,65277,39166,10362,10000,6.3,3.92,2,2026-07-01 14:05:16
43544,Glyph of Horn of Winter,308154,246285,48896,48594,6.3,5.07,15,2026-07-01 15:25:22
2408,Pattern: Fine Leather Gloves,5572,5497,887,885,6.28,6.21,6,2026-07-01 14:05:16
5483,Recipe: Scorpid Surprise,123699,107885,19700,19600,6.28,5.5,5,2026-07-01 14:05:16
45804,Glyph of Dark Death,172653,147150,27590,27589,6.26,5.33,24,2026-07-01 15:25:22
2310,Embossed Leather Cloak,12419,10532,1988,1985,6.25,5.31,10,2026-07-01 14:05:16
41785,Design: Tenuous Twilight Opal,320099,209899,51309,50457,6.24,4.16,3,2026-07-01 15:25:22
10940,Strange Dust,4024,2292,646,564,6.23,4.06,935,2026-07-01 14:25:16
27500,Scroll of Protection V,7320,3840,1175,1175,6.23,3.27,6,2026-07-01 13:45:14
37751,Tooga's Lost Toenail,146790,88074,549000,549000,3.74,6.23,1,2026-07-01 15:05:19
37821,Raine's Signet of Blasting,322365,193419,1204250,1204250,3.74,6.23,1,2026-07-01 08:25:12
13865,Runecloth Pants,107143,64286,399999,399999,3.73,6.22,2,2026-07-01 11:45:10
24166,Design: Thick Felsteel Necklace,1237203,742322,198749,198749,6.22,3.73,1,2026-07-01 14:45:20
32576,Depleted Crystal Focus,186635,111981,30000,30000,6.22,3.73,1,2026-06-30 20:45:13
42176,Pattern: Blue Workman's Shirt,1486898,859447,239000,239000,6.22,3.6,1,2026-06-29 17:05:22
2962,Burnt Leather Breeches,5760,1432,927,925,6.21,1.55,5,2026-07-01 14:05:16
21308,Jingling Bell,1317854,563364,3500000,3500000,2.66,6.21,1,2026-07-01 14:45:20
3577,Gold Bar,1321,758,4700,4700,3.56,6.2,225,2026-07-01 14:05:16
27674,Ravager Flesh,3536,1596,9900,9900,2.8,6.2,63,2026-07-01 15:05:19
13063,Starfaller,53865,32319,200000,200000,3.71,6.19,1,2026-06-29 21:05:36
14457,Elunarian Cuffs,185639,111383,30000,30000,6.19,3.71,1,2026-06-26 12:24:48
41110,Glyph of Seal of Light,178289,77471,28799,28600,6.19,2.71,18,2026-07-01 15:25:22
3837,Golden Scale Coif,27215,16329,4405,4405,6.18,3.71,3,2026-06-22 20:05:11
10606,Schematic: Parachute Cloak,13483,9632,59749,59499,4.43,6.18,11,2026-07-01 14:25:16
31321,Choker of Repentance,4257143,3160000,688698,688698,6.18,4.59,1,2026-07-01 15:05:19
3260,Scarlet Initiate Robes,616796,616745,99999,99999,6.17,6.17,1,2026-06-17 20:25:32
39489,Scribe's Satchel,92522,82391,15000,15000,6.17,5.49,3,2026-06-29 14:25:16
18652,Schematic: Gyrofreeze Ice Reflector,144785,86871,23498,23498,6.16,3.7,3,2026-07-01 14:45:20
35187,Schematic: Justicebringer 3000 Specs,8680061,6076890,1408500,1408500,6.16,4.31,1,2026-03-27 03:22:33
27422,Barbed Gill Trout,603,261,98,98,6.15,2.66,300,2026-07-01 15:05:19
14132,Wizardweave Leggings,122750,114253,20000,20000,6.14,5.71,2,2026-06-24 13:25:02
43368,Glyph of Sense Undead,245732,116361,40000,40000,6.14,2.91,25,2026-07-01 15:25:22
14657,Scorpashi Gloves,44878,26927,165093,165093,3.68,6.13,4,2026-06-30 08:05:15
15417,Devilsaur Leather,12020,7212,44200,44200,3.68,6.13,10,2026-07-01 14:25:16
41448,Perfect Smooth Sun Crystal,183884,127385,30000,30000,6.13,4.25,6,2026-07-01 15:25:22
14774,Ravager's Crown,48719,33528,205195,205195,4.21,6.12,4,2026-06-30 08:05:15
40865,Noise Machine,553996,445269,90500,90500,6.12,4.92,16,2026-07-01 15:25:22
45987,Rigid Stormjewel,1895167,1636350,9990000,9990000,5.27,6.11,1,2026-07-01 01:25:14
43266,Overcast Belt,265746,253613,1547500,1547500,5.82,6.1,1,2026-06-30 18:05:13
4565,Simple Dagger,29902,29830,7400,4900,4.04,6.09,4,2026-07-01 14:05:16
43466,Scroll of Strength VIII,9078,3800,1490,1490,6.09,2.55,63,2026-07-01 15:25:22
4404,Silver Contact,152,145,25,25,6.08,5.8,94,2026-07-01 14:05:16
6040,Golden Scale Bracers,16076,12184,74000,74000,4.6,6.07,3,2026-07-01 14:05:16
7110,Silver-thread Armor,21218,12173,3500,3500,6.06,3.48,1,2026-06-26 14:25:02
13490,Recipe: Greater Stoneshield Potion,27954,16510,100000,100000,3.58,6.06,1,2026-07-01 04:05:11
12208,Tender Wolf Meat,5772,3372,954,920,6.05,3.67,438,2026-07-01 14:25:16
13476,Recipe: Mighty Rage Potion,120907,76757,19998,19998,6.05,3.84,7,2026-07-01 14:25:16
13006,Mass of McGowan,179445,107667,650000,650000,3.62,6.04,1,2026-06-28 13:45:22
2395,Light Mail Boots,8292,8292,50000,50000,6.03,6.03,1,2026-05-19 03:45:25
6401,Pattern: Dark Silk Shirt,195849,176436,32500,32500,6.03,5.43,1,2026-07-01 14:05:16
22251,Cenarion Herb Bag,481375,288825,1740000,1740000,3.61,6.02,1,2026-04-25 14:23:20
23631,Plans: Fel Edged Battleaxe,1132690,679614,188250,188000,6.02,3.61,2,2026-07-01 14:45:20
44076,Swift Starflare Diamond,720265,526159,119599,119599,6.02,4.4,1,2026-06-30 05:25:23
4051,Emblazoned Boots,15100,14139,85000,85000,5.63,6.01,2,2026-07-01 14:05:16
14830,Symbolic Pauldrons,60114,33335,10000,10000,6.01,3.33,1,2026-07-01 09:25:09
32218,Potent Pyrestone,150000,150000,901499,901499,6.01,6.01,3,2026-06-05 08:45:40
8067,Crafted Light Shot,2,1,6,6,3.0,6.0,1000,2026-07-01 14:25:16
24027,Bold Living Ruby,299900,299900,50000,50000,6.0,6.0,1,2026-06-30 01:45:28
25846,Plans: Adamantite Rod,1079952,558814,180000,180000,6.0,3.1,1,2026-07-01 14:45:20
44721,Proto-Drake Whelp,2238663,533508,3200000,3200000,1.43,6.0,1,2026-07-01 07:05:06
6361,Raw Rainbow Fin Albacore,2881,1987,482,481,5.98,4.13,24,2026-07-01 14:05:16
8218,Thick Leather Ammo Pouch,52431,33515,200000,200000,3.81,5.97,5,2026-06-24 14:45:01
8249,Imperial Red Gloves,41886,25132,175000,150000,4.18,5.97,2,2026-07-01 14:25:16
14753,Slayer's Skullcap,238982,193798,40000,40000,5.97,4.84,1,2026-06-28 22:25:44
4045,Mistscape Bracers,24457,14674,87750,87500,3.59,5.96,2,2026-07-01 14:05:16
4478,Iridescent Scale Leggings,41971,25183,150000,150000,3.57,5.96,1,2026-07-01 14:05:16
31338,Charlotte's Ivy,4733086,2839852,793906,793500,5.96,3.58,3,2026-07-01 15:05:19
34758,Mighty Rhino Dogs,59554,27755,10000,10000,5.96,2.78,1,2026-06-28 16:25:20
858,Lesser Healing Potion,285,101,48,46,5.94,2.2,53,2026-07-01 14:05:16
3172,Boar Intestines,95,35,214,208,2.25,5.94,215,2026-07-01 14:05:16
41554,Black Duskweave Robe,224343,134606,899999,800000,4.01,5.94,2,2026-07-01 15:25:22
2991,Burnished Boots,14797,11477,2500,2500,5.92,4.59,1,2026-07-01 13:25:15
7363,Pattern: Pilferer's Gloves,5464,3211,925,925,5.91,3.47,6,2026-07-01 14:25:16
14798,Bloodlust Breastplate,118343,71006,420371,420000,3.55,5.91,3,2026-07-01 14:25:16
15004,Primal Boots,13000,13000,2200,2200,5.91,5.91,1,2026-05-30 12:25:14
39941,Purified Shadow Crystal,44087,15736,7459,7400,5.91,2.13,14,2026-07-01 15:25:22
43550,Glyph of Rune Strike,200765,79078,33990,33990,5.91,2.33,13,2026-07-01 15:25:22
8284,Arcane Boots,176360,105816,29900,29800,5.9,3.55,2,2026-07-01 14:25:16
38803,Scroll of Enchant Bracer - Lesser Intellect,12930,10174,60000,60000,4.64,5.9,1,2026-06-28 11:25:22
12226,Recipe: Crispy Bat Wing,117804,85048,20000,20000,5.89,4.25,2,2026-07-01 14:25:16
20817,Bronze Setting,8227,6481,1400,1399,5.88,4.63,93,2026-07-01 14:45:20
37857,Helm of the Lightning Halls,424601,389042,72166,69500,5.88,5.6,9,2026-07-01 15:05:19
40906,Glyph of Swiftmend,235783,113171,40109,39999,5.88,2.83,14,2026-07-01 15:25:22
44327,Elixir of Deadly Strikes,64663,38798,11000,10800,5.88,3.59,20,2026-07-01 15:25:22
48118,Leaping Hatchling,521391,210969,88650,88500,5.88,2.38,4,2026-07-01 15:25:22
4384,Explosive Sheep,18182,10909,3100,3100,5.87,3.52,29,2026-07-01 14:05:16
8163,Jouster's Pauldrons,44352,30722,180249,180249,4.06,5.87,2,2026-07-01 14:25:16
7068,Elemental Fire,11723,8686,2000,2000,5.86,4.34,72,2026-07-01 14:25:16
13754,Raw Glossy Mightfish,11698,7019,2000,2000,5.85,3.51,9,2026-07-01 14:25:16
13889,Raw Whitescale Salmon,29241,17545,5000,5000,5.85,3.51,2,2026-07-01 14:25:16
14685,Indomitable Gauntlets,231182,138709,39500,39500,5.85,3.51,1,2026-07-01 06:05:01
4243,Fine Leather Tunic,61294,36776,10500,10500,5.84,3.5,1,2026-06-29 20:45:33
18517,Pattern: Chromatic Cloak,5835195,2974232,1000000,1000000,5.84,2.97,1,2026-06-23 09:44:59
12532,Spire of the Stoneshaper,582930,349758,99998,99997,5.83,3.5,2,2026-07-01 14:25:16
14793,Protector Waistband,80281,56565,330000,330000,4.11,5.83,1,2026-07-01 14:25:16
23110,Shifting Shadow Draenite,28571,20000,4900,4900,5.83,4.08,2,2026-05-03 18:24:55
42734,Glyph of Arcane Explosion,58241,42752,10000,10000,5.82,4.28,28,2026-07-01 15:25:22
4262,Gem-studded Leather Belt,871883,481250,150000,150000,5.81,3.21,1,2026-06-09 20:45:20
31140,Cloak of Entropy,143364,86018,500000,500000,3.49,5.81,1,2026-07-01 15:05:19
11733,Libram of Constitution,55133,51578,9499,9498,5.8,5.43,10,2026-07-01 14:25:16
15928,Silver-thread Rod,14368,8621,50000,50000,3.48,5.8,2,2026-07-01 14:45:20
17010,Fiery Core,230797,117567,39800,39800,5.8,2.95,20,2026-07-01 14:45:20
38789,Scroll of Enchant Cloak - Minor Agility,27559,18056,4750,4500,5.8,4.01,2,2026-07-01 15:25:22
46398,Calico Cat,1739106,1203901,300000,300000,5.8,4.01,1,2026-05-04 17:44:49
20754,Formula: Lesser Mana Oil,263288,157973,45500,45500,5.79,3.47,19,2026-07-01 14:45:20
44255,Darkmoon Card: Greatness,62534175,42303068,244999000,244999000,3.92,5.79,1,2026-07-01 15:25:22
12416,Radiant Belt,50739,40909,8800,8800,5.77,4.65,1,2026-06-15 05:05:21
3726,Big Bear Steak,8061,4819,1400,1400,5.76,3.44,21,2026-06-16 03:45:36
12206,Tender Crab Meat,9416,5176,29800,29800,3.16,5.76,20,2026-07-01 14:25:16
13007,Mageflame Cloak,73892,44335,258500,255000,3.5,5.75,4,2026-07-01 14:25:16
14684,Indomitable Belt,115072,69043,19999,19999,5.75,3.45,1,2026-06-29 21:05:36
15962,Satyr's Rod,27622,18381,4800,4800,5.75,3.83,1,2026-07-01 14:45:20
23774,Fel Iron Toolbox,462113,252116,1450000,1450000,3.14,5.75,1,2026-06-29 19:05:23
2605,Green Dye,11482,1095,1999,1999,5.74,1.83,5,2026-06-29 01:05:40
42744,Glyph of Ice Block,8582,7640,1500,1500,5.72,5.09,8,2026-07-01 15:25:22
2848,Bronze Mace,19991,11995,3500,3500,5.71,3.43,1,2026-07-01 14:05:16
7072,Naga Scale,1569,647,275,274,5.71,2.36,43,2026-07-01 14:25:16
12184,Raptor Flesh,1890,749,331,331,5.71,2.26,197,2026-07-01 14:25:16
21151,Rumsey Rum Black Label,5655,2239,990,990,5.71,2.26,34,2026-07-01 14:45:20
31285,Chestguard of the Talon,188552,115560,660134,660134,3.5,5.71,1,2026-07-01 02:25:10
10301,Pattern: White Bandit Mask,14526,14025,80000,80000,5.51,5.7,5,2026-07-01 14:25:16
37789,Gauntlets of Disembowelment,212818,149086,850000,850000,3.99,5.7,1,2026-06-29 19:05:23
43453,Stormhide Hauberk,2509999,2509999,440000,440000,5.7,5.7,1,2026-06-30 10:05:03
3393,Recipe: Minor Magic Resistance Potion,11325,9121,1990,1990,5.69,4.58,1,2026-07-01 14:05:16
18710,Arena Bracers,454384,272630,80000,80000,5.68,3.41,1,2026-06-20 10:25:24
37775,Helm of the Broken Ram,172914,103748,588500,588000,3.4,5.67,3,2026-07-01 15:05:19
41524,Glyph of Lava,283436,113112,49999,49999,5.67,2.26,18,2026-07-01 15:25:22
14804,Bloodlust Helm,181711,176673,1000000,1000000,5.5,5.66,1,2026-07-01 14:25:16
38778,Scroll of Enchant Bracer - Minor Strength,8816,5290,29950,29950,3.4,5.66,5,2026-07-01 15:25:22
23354,Crystalized Mana Residue,42655,12100,7550,7550,5.65,1.6,4,2026-07-01 14:45:20
2966,Warrior's Pants,5584,2845,990,985,5.64,2.89,7,2026-07-01 14:05:16
2800,Black Velvet Robes,70471,42283,238141,238141,3.38,5.63,1,2026-06-28 17:45:22
29731,Pattern: Windstrike Gloves,642005,313746,113999,113999,5.63,2.75,1,2026-06-30 05:25:23
4777,Ironwood Maul,42137,28429,7500,7500,5.62,3.79,1,2026-06-27 06:25:19
6195,Wax-polished Armor,27721,13247,74442,74442,2.69,5.62,1,2026-06-22 23:45:02
10040,White Wedding Dress,1291477,554190,230000,230000,5.62,2.41,1,2026-06-30 22:05:15
24165,Design: Blazing Eternium Band,1123806,799738,200000,200000,5.62,4.0,2,2026-07-01 14:45:20
4253,Toughened Leather Gloves,504714,387081,90000,90000,5.61,4.3,2,2026-07-01 14:05:16
29726,Pattern: Hood of Primal Life,560800,438841,99999,99999,5.61,4.39,3,2026-07-01 15:05:19
4336,Black Swashbuckler's Shirt,530271,298903,94750,94500,5.6,3.16,5,2026-07-01 14:05:16
4778,Heavy Spiked Mace,39020,30872,6969,6969,5.6,4.43,2,2026-06-25 07:44:51
934,Stalvan's Reaper,56627,33976,190000,190000,3.36,5.59,2,2026-07-01 14:05:16
2824,Hurricane,144181,86509,484000,484000,3.36,5.59,4,2026-07-01 14:05:16
10046,Simple Linen Boots,1164,698,3900,3900,3.35,5.59,1,2026-06-20 08:25:24
10311,Pattern: Orange Martial Shirt,161003,96602,28800,27800,5.59,3.47,2,2026-07-01 14:25:16
15019,Lupine Mantle,11172,6703,2000,2000,5.59,3.35,1,2026-07-01 14:25:16
40073,Elixir of Mighty Strength,52405,42465,9375,9375,5.59,4.53,45,2026-07-01 15:25:22
42406,Glyph of Shadow Word: Pain,111752,79551,19999,19999,5.59,3.98,17,2026-07-01 15:25:22
43826,Glyph of Blood Strike,6786,4072,1215,1205,5.59,3.38,30,2026-07-01 15:25:22
8273,Valorous Wristguards,76263,49319,274999,274999,3.61,5.58,2,2026-07-01 14:25:16
10025,Shadoweave Mask,69900,69900,390000,390000,5.58,5.58,3,2026-07-01 14:25:16
10424,Plans: Silvered Bronze Leggings,13957,11891,2500,2500,5.58,4.76,1,2026-06-30 04:05:31
10629,Mistwalker Boots,40000,40000,223344,223344,5.58,5.58,1,2026-07-01 00:05:18
4790,Inferno Cloak,41766,26428,7500,7500,5.57,3.52,1,2026-05-26 07:45:54
35654,Bindings of the Bastille,1282015,462512,230000,230000,5.57,2.01,1,2026-07-01 14:25:16
44722,Aged Yolk,55638,42630,10000,10000,5.56,4.26,5,2026-04-06 06:42:17
8114,Hibernal Sash,43583,26150,145249,144999,3.33,5.54,2,2026-07-01 14:25:16
4831,Stalking Pants,30405,18243,5500,5500,5.53,3.32,1,2026-06-27 06:45:18
24206,Design: Gleaming Dawnstone,2211400,824053,399999,399999,5.53,2.06,1,2026-06-29 01:45:46
38853,Scroll of Enchant Bracer - Superior Spirit,100164,60098,332460,332460,3.32,5.53,1,2026-07-01 15:25:22
43656,Tome of Kings,110615,90138,20000,20000,5.53,4.51,1,2026-07-01 15:25:22
4589,Long Elegant Feather,8106,6063,1469,1469,5.52,4.13,15,2026-07-01 14:05:16
2972,Spellbinder Gloves,472,454,2500,2500,5.3,5.51,1,2026-07-01 02:25:10
3869,Plans: Shadow Crescent Axe,8526,4029,22400,22200,2.63,5.51,2,2026-07-01 14:05:16
22791,Netherbloom,95795,43868,17400,17400,5.51,2.52,32,2026-07-01 14:45:20
2775,Silver Ore,22512,9205,4093,3700,5.5,2.49,168,2026-07-01 14:05:16
12259,Glinting Steel Dagger,20000,20000,110000,110000,5.5,5.5,1,2026-07-01 14:25:16
20074,Heavy Crocolisk Stew,1000,1000,5500,5500,5.5,5.5,16,2026-07-01 02:25:10
24253,Cloak of Eternity,2750000,2750000,500000,500000,5.5,5.5,1,2026-06-14 02:45:16
33444,Pungent Seal Whey,8527,3204,1550,1550,5.5,2.07,8,2026-07-01 15:05:19
10603,Schematic: Catseye Ultra Goggles,12085,7251,39799,39799,3.29,5.49,3,2026-07-01 14:25:16
14410,Stonecloth Circlet,27464,23040,5000,5000,5.49,4.61,1,2026-07-01 12:25:09
37835,Je'Tze's Bell,14759802,10107480,55475000,55470000,3.76,5.49,3,2026-07-01 15:05:19
38829,Scroll of Enchant Bracer - Intellect,36926,32619,179250,179000,4.85,5.49,4,2026-07-01 15:25:22
38773,Scroll of Enchant Chest - Lesser Health,18091,15380,3300,3300,5.48,4.66,6,2026-06-30 21:45:16
42545,Runic Mana Injector,654642,154763,119500,119000,5.48,1.3,104,2026-07-01 15:25:22
2453,Bruiseweed,11428,7573,2090,1975,5.47,3.83,177,2026-07-01 14:05:16
7371,Heavy Quiver,98411,21075,18000,18000,5.47,1.17,3,2026-06-30 22:45:17
14678,Pridelord Pauldrons,126657,75994,415342,415342,3.28,5.47,1,2026-07-01 14:25:16
33791,Heavy Copper Longsword,42099,28290,7700,7700,5.47,3.67,1,2026-06-02 16:25:36
10648,Common Parchment,13640,3613,2500,2500,5.46,1.45,15,2026-04-25 20:23:33
14639,Schematic: Minor Recombobulator,431556,209917,79250,79000,5.45,2.66,2,2026-07-01 14:25:16
41974,Cobalt Bracers,122226,73336,400000,400000,3.27,5.45,1,2026-07-01 15:25:22
1481,Grimclaw,217710,130626,40000,40000,5.44,3.27,1,2026-06-30 14:25:12
4465,Felstrom's Gauntlets,26584,9190,50000,50000,1.88,5.44,1,2026-06-26 17:04:56
18289,Barbed Thorn Necklace,91843,55106,300000,300000,3.27,5.44,1,2026-07-01 14:45:20
27651,Buzzard Bites,5231,3139,962,962,5.44,3.26,21,2026-07-01 15:05:19
38858,Scroll of Enchant Cloak - Greater Resistance,15307,9184,50000,50000,3.27,5.44,1,2026-06-28 13:05:18
38954,Scroll of Enchant Shield - Defense,1515878,1424198,278500,278000,5.44,5.12,2,2026-07-01 15:25:22
37118,Scroll of Recall,1598,1031,5600,5600,3.5,5.43,17,2026-07-01 15:05:19
12720,Plans: Stronghold Gauntlets,5416074,3866398,1000000,1000000,5.42,3.87,1,2026-07-01 10:25:15
15726,Pattern: Green Dragonscale Breastplate,542385,325431,100000,100000,5.42,3.25,1,2026-07-01 14:45:20
41802,Imperial Manta Ray,6797,5573,1254,1250,5.42,4.46,107,2026-07-01 15:25:22
4796,Owl Bracers,108267,78573,20000,20000,5.41,3.93,1,2026-07-01 14:05:16
23574,Recipe: Transmute Primal Might,811405,496104,149950,149900,5.41,3.31,2,2026-07-01 14:45:20
29725,Pattern: Windscale Hood,539174,183221,99750,99500,5.41,1.84,2,2026-07-01 15:05:19
37147,Two of Swords,43108,39431,7966,7900,5.41,4.99,28,2026-07-01 15:05:19
1210,Shadowgem,3674,1112,6550,6000,1.78,5.4,55,2026-07-01 14:05:16
43546,Glyph of Icy Touch,159165,128870,29492,29492,5.4,4.37,14,2026-07-01 15:25:22
20828,Ring of Twilight Shadows,8030,4818,1490,1490,5.39,3.23,23,2026-07-01 14:45:20
2835,Rough Stone,129,107,24,23,5.38,4.65,246,2026-07-01 14:05:16
4349,Pattern: Phoenix Pants,9608,6013,1787,1785,5.38,3.37,3,2026-07-01 14:05:16
6892,Recipe: Smoked Bear Meat,59515,26687,11066,11000,5.38,2.43,10,2026-07-01 14:25:16
15945,Runic Stave,14516,11737,2700,2700,5.38,4.35,1,2026-07-01 01:05:16
41464,Perfect Enduring Dark Jade,113602,59013,21100,21100,5.38,2.8,1,2026-07-01 10:05:11
13901,15 Pound Salmon,243872,108276,45442,45442,5.37,2.38,1,2026-07-01 14:25:16
38831,Scroll of Enchant Gloves - Advanced Mining,1019180,119009,189992,189992,5.36,1.6,14,2026-07-01 15:25:22
4611,Blue Pearl,331,279,1492,1490,4.51,5.34,4,2026-07-01 14:05:16
10562,Hi-Explosive Bomb,21069,12641,3947,3899,5.34,3.24,185,2026-07-01 14:25:16
14443,Venomshroud Mantle,37433,22460,119999,119999,3.21,5.34,1,2026-06-30 22:05:15
27677,Chunk o' Basilisk,1908,973,5200,5200,2.73,5.34,27,2026-07-01 15:05:19
38909,Scroll of Enchant Boots - Fortitude,528183,316910,98900,98900,5.34,3.2,1,2026-07-01 15:25:22
4290,Dust Bowl,23678,17326,4444,4444,5.33,3.9,2,2026-05-20 15:25:06
11371,Dark Iron Bar,104447,46863,250000,250000,2.39,5.33,35,2026-07-01 14:25:16
12809,Guardian Stone,147225,78861,27599,26900,5.33,2.93,8,2026-07-01 14:25:16
13497,Recipe: Greater Arcane Protection Potion,2077488,528467,390000,390000,5.33,1.36,1,2026-06-26 16:05:04
14408,Stonecloth Boots,28810,20861,5420,5420,5.32,3.85,1,2026-06-30 13:45:11
27687,Recipe: Bat Bites,106488,63893,20000,20000,5.32,3.19,2,2026-07-01 15:05:19
10321,Pattern: Tuxedo Shirt,187235,162536,35250,35000,5.31,4.64,2,2026-07-01 14:25:16
15740,Pattern: Frostsaber Boots,103499,62099,19499,19400,5.31,3.2,2,2026-07-01 14:45:20
2324,Bleach,3658,2195,690,690,5.3,3.18,5,2026-06-28 23:25:47
13137,Ironweaver,40743,24446,129500,129500,3.18,5.3,1,2026-07-01 06:05:01
15943,Imbued Shield,265240,169423,50000,50000,5.3,3.39,1,2026-06-27 04:25:18
24060,Luminous Noble Topaz,92815,55689,295000,295000,3.18,5.3,1,2026-01-06 09:03:03
31125,Boots of the Decimator,219148,186583,987999,987999,4.51,5.3,3,2026-07-01 15:05:19
2955,First Mate Hat,5290219,2805568,1000000,1000000,5.29,2.81,1,2026-06-30 19:45:14
45984,Unusual Compass,122293,48351,23100,20000,5.29,2.42,5,2026-07-01 15:25:22
1604,Chromatic Sword,1577475,946485,5000000,5000000,3.17,5.28,1,2026-07-01 14:05:16
40085,Timeless Forest Emerald,243404,149679,46066,46000,5.28,3.25,9,2026-07-01 15:25:22
3902,Staff of Nobles,16495,9897,52010,52010,3.15,5.26,1,2026-06-26 22:05:10
4400,Heavy Stock,4782,3800,20000,20000,4.18,5.26,20,2026-07-01 14:05:16
12162,Plans: Hardened Iron Shortsword,29407,9510,50000,50000,1.7,5.26,1,2026-07-01 14:25:16
24478,Jaggal Pearl,22047,17815,4188,3900,5.26,4.57,28,2026-07-01 14:45:20
39338,Golden Pigment,31262,15632,5943,5943,5.26,2.63,40,2026-06-30 08:25:01
3831,Recipe: Major Troll's Blood Elixir,39417,18951,99750,99500,2.53,5.25,2,2026-07-01 14:05:16
9179,Elixir of Greater Intellect,22872,14508,4357,4357,5.25,3.33,25,2026-07-01 14:25:16
41357,Daunting Handguards,368823,228393,1199999,1199999,3.25,5.25,2,2026-07-01 15:25:22
4040,Nightsky Gloves,19093,11456,60000,60000,3.14,5.24,1,2026-07-01 14:05:16
14477,Pattern: Ghostweave Gloves,209436,108252,40000,40000,5.24,2.71,1,2026-05-28 21:05:21
14810,Warstrike Armsplints,86989,52193,16600,16600,5.24,3.14,1,2026-06-16 19:25:23
42464,Glyph of Immolate,262075,104638,49996,49995,5.24,2.09,16,2026-07-01 15:25:22
42736,Glyph of Arcane Power,10986,9381,2098,2098,5.24,4.47,24,2026-07-01 15:25:22
10403,Blackened Defias Belt,261458,215153,50000,50000,5.23,4.3,1,2026-07-01 13:45:14
40024,Tenuous Twilight Opal,561480,336888,107333,107000,5.23,3.15,9,2026-07-01 15:25:22
3021,Ranger Bow,143754,86252,450000,450000,3.13,5.22,1,2026-07-01 14:05:16
8216,Big Voodoo Cloak,156488,90677,30000,30000,5.22,3.02,1,2026-06-29 15:25:19
13102,Cassandra's Grace,122863,73718,385499,384999,3.14,5.22,2,2026-07-01 14:25:16
14479,Pattern: Brightcloth Gloves,5973,4792,24996,24996,4.18,5.22,3,2026-07-01 14:25:16
42969,Glyph of Rupture,258413,82354,49496,49495,5.22,1.66,13,2026-07-01 15:25:22
3108,Broken Heavy Throwing Dagger,84462,30188,16200,16200,5.21,1.86,5,2026-07-01 14:05:16
4047,Mistscape Boots,37758,18077,94249,94249,2.5,5.21,2,2026-07-01 14:05:16
8141,Chromite Greaves,60306,36184,188459,188459,3.13,5.21,1,2026-06-28 18:05:24
31131,Sash of Silent Blades,105653,63392,330000,330000,3.12,5.21,1,2026-07-01 15:05:19
43456,Stormhide Legguards,2031537,1703701,390000,390000,5.21,4.37,1,2026-06-30 10:05:03
8197,Nightscape Boots,52013,36568,9999,9999,5.2,3.66,4,2026-07-01 14:25:16
24194,Design: Delicate Living Ruby,1560788,936473,300000,300000,5.2,3.12,1,2026-07-01 14:45:20
44939,Lesser Flask of Resistance,201776,114964,38800,38800,5.2,2.96,9,2026-07-01 15:25:22
7956,Bronze Warhammer,19306,13337,69219,69219,3.59,5.19,1,2026-07-01 14:25:16
14808,Warstrike Belt,155819,130731,30000,30000,5.19,4.36,1,2026-06-27 04:45:19
38558,Nerubian Chitin,40950,17724,7894,7600,5.19,2.33,131,2026-07-01 15:25:22
4394,Big Iron Bomb,8482,4479,23205,23205,2.74,5.18,20,2026-06-30 20:25:11
13311,Schematic: Mechanical Dragonling,572194,387111,110415,105000,5.18,3.69,4,2026-07-01 14:25:16
15993,Thorium Grenade,23340,14004,72558,72557,3.11,5.18,99,2026-07-01 14:45:20
7075,Core of Earth,96015,50298,18576,18399,5.17,2.73,29,2026-07-01 14:25:16
8150,Deeprock Salt,11229,5230,2177,2000,5.16,2.62,33,2026-07-01 14:25:16
6405,Nightsky Trousers,38599,35501,7500,7500,5.15,4.73,1,2026-07-01 00:45:16
13459,Greater Shadow Protection Potion,30609,29125,150000,150000,4.9,5.15,66,2026-07-01 14:25:16
16216,Formula: Enchant Cloak - Greater Resistance,17498,11786,3400,3400,5.15,3.47,6,2026-07-01 14:45:20
27501,Scroll of Spirit V,1900,1378,369,369,5.15,3.73,15,2026-07-01 15:05:19
31343,Kamaei's Cerulean Skirt,1544557,926734,300000,300000,5.15,3.09,1,2026-07-01 15:05:19
38839,Scroll of Enchant Shield - Greater Spirit,99626,16529,19332,19200,5.15,1.16,7,2026-07-01 15:25:22
4415,Schematic: Craftsman's Monocle,140417,65899,27300,27200,5.14,2.42,4,2026-07-01 14:05:16
17194,Holiday Spices,2617,1944,10000,10000,3.82,5.14,20,2026-07-01 14:45:20
18648,Schematic: Green Firework,308541,240139,60000,60000,5.14,4.0,1,2026-07-01 14:45:20
5486,Recipe: Strider Stew,99757,99452,19466,19400,5.12,5.13,7,2026-07-01 14:05:16
3612,Plans: Green Iron Gauntlets,8169,8083,1597,1595,5.12,5.07,4,2026-07-01 14:05:16
12216,Spiced Chili Crab,7443,3167,16200,16200,2.18,5.12,17,2026-06-06 14:24:59
23768,White Smoke Flare,4212,2514,822,820,5.12,3.07,445,2026-07-01 14:45:20
4661,Bright Mantle,22993,21231,4500,4500,5.11,4.72,1,2026-07-01 06:45:04
21547,Recipe: Elixir of Greater Firepower,227672,161978,44566,44400,5.11,3.65,7,2026-07-01 14:45:20
11167,Formula: Enchant Boots - Lesser Spirit,19104,7998,3749,3699,5.1,2.16,2,2026-07-01 14:25:16
17771,Elementium Bar,13089588,11803540,2567092,2567092,5.1,4.6,4,2026-07-01 14:45:20
23334,Cracked Power Core,51050,30630,10005,10005,5.1,3.06,1,2026-06-30 07:05:17
27695,Recipe: Feltail Delight,152275,145691,29866,29800,5.1,4.89,7,2026-07-01 15:05:19
37796,Earthbound Cape,225065,135039,689000,689000,3.06,5.1,1,2026-07-01 04:25:06
39957,Veiled Huge Citrine,51018,34431,10000,10000,5.1,3.44,26,2026-07-01 15:25:22
48116,Gundrak Hatchling,51035329,41717409,10005000,10005000,5.1,4.17,1,2026-06-29 04:05:43
29391,Pulse Dagger,196378,117827,600000,600000,3.06,5.09,1,2026-05-13 15:44:54
39927,Lustrous Chalcedony,27969,25534,5499,5499,5.09,4.64,2,2026-07-01 15:25:22
3024,"BKP 2700 ""Enforcer""",13127,7876,40000,40000,3.05,5.08,1,2026-05-23 17:05:52
3703,Southshore Stout,19235,11541,3800,3800,5.06,3.04,2,2026-07-01 14:05:16
6299,Sickly Looking Fish,1007,354,199,199,5.06,1.78,3,2026-05-07 12:04:43
8283,Arcane Armor,253059,151835,50000,50000,5.06,3.04,2,2026-06-26 10:24:57
10939,Greater Magic Essence,24433,12076,4832,4799,5.06,2.52,49,2026-07-01 14:25:16
4330,Stylish Red Shirt,60520,23773,120000,120000,1.98,5.05,1,2026-07-01 14:05:16
20821,Inlaid Malachite Ring,24732,20430,4900,4900,5.05,4.17,1,2026-07-01 10:05:11
7995,Plans: Mithril Scale Bracers,401924,195986,79750,79500,5.04,2.47,2,2026-07-01 14:25:16
38980,Scroll of Enchant Bracers - Major Spirit,809938,446643,2250000,2250000,2.78,5.04,1,2026-07-01 15:25:22
1560,Bluegill Sandals,10067,6040,2000,2000,5.03,3.02,1,2026-06-30 17:45:10
14799,Bloodlust Boots,300360,180216,1210977,905977,4.03,5.03,2,2026-07-01 14:25:16
22842,Major Frost Protection Potion,300000,300000,59676,59676,5.03,5.03,1,2026-01-04 01:03:26
38820,Scroll of Enchant Shield - Lesser Block,99607,99313,500000,500000,5.02,5.03,7,2026-06-05 05:04:59
41456,Perfect Puissant Shadow Crystal,100602,70565,20000,20000,5.03,3.53,3,2026-07-01 04:45:04
3678,Recipe: Crocolisk Steak,72342,43405,14400,14400,5.02,3.01,6,2026-07-01 14:05:16
3890,Studded Hat,13300,13300,66700,66700,5.02,5.02,1,2026-06-11 03:24:40
3233,Gnoll Hide Sack,12275,9595,2450,2450,5.01,3.92,1,2026-06-28 14:25:12
7060,Azure Shoulders,100208,60125,19999,19999,5.01,3.01,1,2026-06-16 20:05:18
14482,Pattern: Cindercloth Cloak,2528515,1517109,505000,505000,5.01,3.0,2,2026-07-01 14:25:16
22281,Blue Dinner Suit,265048,79026,396500,396000,1.5,5.01,2,2026-07-01 14:45:20
44922,Glyph of Typhoon,165026,136874,32927,32890,5.01,4.16,18,2026-07-01 15:25:22
11307,Massive Longbow,100000,100000,20000,20000,5.0,5.0,1,2026-05-05 19:44:57
18238,Shadowskin Gloves,750000,750000,150000,150000,5.0,5.0,1,2026-06-17 04:25:19
23109,Royal Shadow Draenite,5000,5000,25000,25000,5.0,5.0,1,2026-06-22 02:25:09
23819,Elemental Seaforium Charge,150000,150000,30000,30000,5.0,5.0,10,2026-04-28 14:24:07
8113,Hibernal Robe,34995,20997,174500,20000,4.99,1.05,2,2026-07-01 14:25:16
44078,Tireless Starflare Diamond,596714,251921,119511,119511,4.99,2.11,1,2026-06-30 05:45:19
2302,Handstitched Leather Boots,4212,838,845,845,4.98,1.01,1,2026-07-01 14:05:16
4354,Pattern: Rich Purple Silk Shirt,881585,225985,176963,176963,4.98,1.28,1,2026-07-01 14:05:16
5498,Small Lustrous Pearl,6513,2183,1308,1190,4.98,1.83,44,2026-07-01 14:05:16
14748,Hulking Leggings,49797,37574,10000,10000,4.98,3.76,1,2026-06-29 13:05:17
23803,Schematic: Cogspinner Goggles,947084,652857,190000,190000,4.98,3.44,1,2026-07-01 14:45:20
39955,Deft Huge Citrine,37377,27137,7500,7500,4.98,3.62,4,2026-07-01 15:25:22
15781,Pattern: Black Dragonscale Leggings,497207,298324,100000,100000,4.97,2.98,1,2026-07-01 00:45:16
31858,Darkmoon Card: Vengeance,7452008,3219817,1498750,1497500,4.97,2.15,2,2026-07-01 15:05:19
37625,Web Winder Gloves,342616,198623,68999,68500,4.97,2.9,9,2026-07-01 15:05:19
23528,Fel Sharpening Stone,2518,1511,7500,7500,2.98,4.96,20,2026-05-30 15:45:32
43121,Fiery Ink,24818,20952,4999,4999,4.96,4.19,5,2026-06-30 10:05:03
37763,Treads of the Purifier,120911,72547,359500,359000,2.97,4.95,2,2026-07-01 15:05:19
43388,Glyph of Water Walking,184168,60312,37296,36999,4.94,1.63,16,2026-07-01 15:25:22
43869,Glyph of Seal of Vengeance,287388,115284,58200,58200,4.94,1.98,12,2026-07-01 15:25:22
3417,Onyx Claymore,98636,59182,20000,20000,4.93,2.96,1,2026-06-29 21:05:36
10004,Shadoweave Robe,118315,70989,350000,350000,2.96,4.93,2,2026-07-01 14:25:16
14580,Dokebi Bracers,19727,11836,4000,4000,4.93,2.96,1,2026-07-01 14:25:16
39990,Radiant Dark Jade,48292,35326,9800,9800,4.93,3.6,26,2026-07-01 15:25:22
3188,Coral Claymore,29642,17785,6020,6020,4.92,2.95,1,2026-06-29 06:45:39
14828,Symbolic Greaves,80088,64980,319999,319999,4.0,4.92,3,2026-07-01 14:25:16
31180,Gauntlets of the Skullsplitter,99695,48548,239000,239000,2.4,4.92,1,2026-07-01 15:05:19
38769,Scroll of Enchant Chest - Minor Mana,16395,7773,3333,3333,4.92,2.33,3,2026-06-28 15:05:18
43452,Stormhide Wristguards,1956416,1385542,398000,398000,4.92,3.48,2,2026-07-01 15:25:22
3387,Limited Invulnerability Potion,24532,14719,5000,5000,4.91,2.94,16,2026-07-01 14:05:16
11163,Formula: Enchant Bracer - Lesser Deflection,245521,131252,50000,50000,4.91,2.63,1,2026-07-01 14:25:16
13310,Schematic: Accurate Scope,389176,160338,79250,78500,4.91,2.04,2,2026-07-01 14:25:16
24055,Shifting Nightseye,392856,350000,80000,80000,4.91,4.38,1,2026-07-01 14:45:20
45854,Rituals of the New Moon,24574061,3247534,4999999,4999999,4.91,1.54,1,2026-01-28 15:02:31
1993,Ogremind Ring,30370,12249,60000,60000,1.98,4.9,1,2026-01-29 22:02:26
3369,Grave Moss,15033,6858,3070,2800,4.9,2.45,121,2026-07-01 14:05:16
16705,Dreadmist Wraps,113003,111865,548499,548499,4.85,4.9,1,2026-07-01 14:45:20
843,Tanned Leather Boots,10000,10000,2045,2045,4.89,4.89,1,2026-06-09 00:05:37
3302,Brackwater Boots,12229,7337,2500,2500,4.89,2.93,1,2026-07-01 14:05:16
4294,Pattern: Hillman's Belt,7292,5708,1492,1490,4.89,3.83,4,2026-07-01 14:05:16
7377,Frost Leather Cloak,97857,58714,20000,20000,4.89,2.94,3,2026-06-29 17:45:22
23381,Chipped Power Core,6204,3722,1270,1270,4.89,2.93,1,2026-06-30 03:45:28
37752,Sandals of Broken Dreams,153346,92008,450000,450000,2.93,4.89,1,2026-07-01 15:05:19
11287,Lesser Magic Wand,7238,5307,1484,1484,4.88,3.58,31,2026-07-01 14:25:16
43488,Last Weeks Mammoth,23391,10046,49058,49058,2.1,4.88,5,2026-07-01 15:25:22
6402,Mail Combat Leggings,24331,16964,5000,5000,4.87,3.39,1,2026-07-01 14:05:16
21957,Design: Necklace of the Diamond Tower,205989,188825,42299,42200,4.87,4.47,2,2026-07-01 14:45:20
44211,Frostwoven Gloves,110421,103598,504588,504588,4.57,4.87,1,2026-06-24 01:05:21
2549,Staff of the Shade,334497,200698,974998,974998,2.91,4.86,1,2026-07-01 14:05:16
3189,Wood Chopper,32783,15151,6748,3300,4.86,4.59,2,2026-07-01 14:05:16
12839,Plans: Heartseeker,1958043,1431491,402994,402994,4.86,3.55,1,2026-06-22 05:45:03
13019,Harpyclaw Short Bow,48014,28808,144404,140000,3.01,4.86,3,2026-07-01 14:25:16
10323,Pattern: Tuxedo Pants,177327,153438,36550,36500,4.85,4.2,2,2026-07-01 14:25:16
39934,Sovereign Shadow Crystal,43185,37525,8898,8898,4.85,4.22,2,2026-07-01 15:25:22
41107,Glyph of Avenging Wrath,193487,81114,39898,39897,4.85,2.03,12,2026-07-01 15:25:22
3336,Flesh Piercer,26616,16464,5500,5500,4.84,2.99,1,2026-06-25 21:04:56
9378,Shovelphlange's Mining Axe,137735,82641,400000,400000,2.9,4.84,1,2026-06-29 01:05:40
10559,Mithril Tube,30702,29489,6348,6099,4.84,4.84,120,2026-07-01 14:25:16
16804,Felheart Bracers,494822,206812,1000000,1000000,2.02,4.84,1,2026-06-29 21:25:40
37160,Four of Swords,49338,40293,10192,10192,4.84,3.95,31,2026-07-01 15:05:19
37762,Many-Pocketed Belt,157902,94741,459000,459000,2.91,4.84,1,2026-07-01 07:25:03
15732,Pattern: Volcanic Leggings,167923,40903,34750,34600,4.83,1.18,2,2026-07-01 14:45:20
16222,Formula: Enchant Shield - Superior Spirit,193137,115882,40000,40000,4.83,2.9,1,2026-06-22 15:45:12
37817,Branch of Sinful Reprieve,172372,103423,592244,500000,3.44,4.83,2,2026-07-01 15:05:19
2992,Burnished Gloves,24101,20840,5000,5000,4.82,4.17,1,2026-06-29 10:45:22
3641,Journeyman's Bracers,9639,7475,1998,1998,4.82,3.74,1,2026-06-30 16:25:13
7362,Pattern: Earthen Leather Shoulders,85298,64851,17700,17600,4.82,3.68,2,2026-07-01 14:25:16
31145,Headdress of the Sleeper,86465,51879,250000,250000,2.89,4.82,1,2026-07-01 15:05:19
2300,Embossed Leather Vest,9617,9155,2000,2000,4.81,4.58,4,2026-07-01 14:05:16
6364,32 Pound Catfish,318267,105113,505900,505900,1.59,4.81,1,2026-06-30 03:45:28
13863,Runecloth Gloves,50049,30029,10400,10400,4.81,2.89,15,2026-07-01 14:25:16
14364,Mystic's Slippers,16836,10102,3500,3500,4.81,2.89,1,2026-07-01 14:05:16
37755,Leggings of the Icy Heart,190405,114243,550000,550000,2.89,4.81,1,2026-06-30 21:25:18
38911,Scroll of Enchant Chest - Exceptional Health,709806,480335,147500,140000,4.81,3.43,13,2026-07-01 15:25:22
4058,Glyphed Breastplate,48018,27570,10000,10000,4.8,2.76,1,2026-07-01 10:25:15
7610,Aurora Sphere,33258,21551,159500,100000,4.8,4.64,2,2026-07-01 14:25:16
7727,Watchman Pauldrons,104173,62504,300000,300000,2.88,4.8,1,2026-07-01 14:25:16
38974,Scroll of Enchant Boots - Greater Vitality,186136,111682,38800,38800,4.8,2.88,10,2026-07-01 15:25:22
6513,Disciple's Sash,11264,3309,2350,2300,4.79,1.44,2,2026-07-01 14:25:16
22838,Haste Potion,529515,255401,1222222,1222222,2.31,4.79,1,2026-07-01 14:45:20
23787,Felsteel Stabilizer,240890,107873,516500,516500,2.14,4.79,5,2026-07-01 14:45:20
41536,Glyph of Lightning Bolt,20979,12587,4383,4200,4.79,3.0,41,2026-07-01 15:25:22
4720,Nightsky Sash,23896,14149,5000,5000,4.78,2.83,1,2026-06-29 13:25:17
11370,Dark Iron Ore,7617,4570,1593,1585,4.78,2.88,88,2026-07-01 14:25:16
15091,Runic Leather Gauntlets,51588,30953,10799,10799,4.78,2.87,6,2026-07-01 14:25:16
3205,Inscribed Leather Bracers,30518,18311,6400,4000,4.77,4.58,2,2026-07-01 14:05:16
13494,Recipe: Greater Fire Protection Potion,1190413,530679,249500,249000,4.77,2.13,4,2026-07-01 14:25:16
18592,Plans: Sulfuron Hammer,35810297,23147301,7500000,7500000,4.77,3.09,1,2026-05-04 19:05:02
8187,Turtle Scale Gloves,17506,10504,50000,50000,2.86,4.76,1,2026-07-01 14:25:16
11027,Wood Frog Box,2109954,653643,443500,443000,4.76,1.48,6,2026-07-01 14:25:16
27503,Scroll of Strength V,3991,2053,839,839,4.76,2.45,5,2026-07-01 15:05:19
45809,Scarlet Signet,232944,179659,855000,855000,3.67,4.76,1,2026-07-01 15:25:22
4771,Harvest Cloak,9502,6104,2000,2000,4.75,3.05,1,2026-04-28 03:24:13
7005,Skinning Knife,47533,23432,10000,10000,4.75,2.34,1,2026-07-01 14:25:16
23821,Zapthrottle Mote Extractor,9333571,5395000,1965000,1950000,4.75,2.77,2,2026-07-01 14:45:20
39909,Fractured Bloodstone,47488,16699,9998,9998,4.75,1.67,2,2026-07-01 10:45:14
4238,Linen Bag,2132,1279,450,450,4.74,2.84,18,2026-07-01 14:05:16
4722,Insignia Cloak,23686,14212,5000,5000,4.74,2.84,1,2026-07-01 14:05:16
8157,Jouster's Chestplate,31649,18989,90000,90000,2.84,4.74,1,2026-07-01 14:25:16
9360,Cuergo's Gold,189417,56567,40000,40000,4.74,1.41,1,2026-07-01 14:25:16
24059,Potent Noble Topaz,52857,31714,150000,150000,2.84,4.73,1,2026-06-19 08:46:05
754,Shortsword of Vengeance,66947,40168,189750,189500,2.83,4.72,4,2026-07-01 14:05:16
3423,Bouquet of White Roses,235936,162354,50000,50000,4.72,3.25,1,2026-06-24 00:25:16
6365,Strong Fishing Pole,16282,7877,3450,3400,4.72,2.32,2,2026-07-01 14:05:16
13139,Guttbuster,68056,40834,321000,192000,4.72,4.7,2,2026-07-01 14:25:16
18731,Pattern: Heavy Leather Ball,283016,116275,60000,60000,4.72,1.94,1,2026-07-01 14:45:20
22907,Recipe: Super Mana Potion,755965,370187,160000,160000,4.72,2.31,1,2026-07-01 14:45:20
38986,Scroll of Enchant Boots - Icewalker,560332,262597,118824,118800,4.72,2.21,12,2026-07-01 15:25:22
44308,Signet of Edward the Odd,5824146,4628037,21849499,21848999,3.75,4.72,2,2026-07-01 15:25:22
1017,Seasoned Wolf Kabob,3529,2482,750,750,4.71,3.31,66,2026-07-01 14:05:16
6326,Recipe: Slitherskin Mackerel,58417,23879,12400,12400,4.71,1.93,4,2026-07-01 14:05:16
22909,Recipe: Elixir of Major Defense,742466,374040,157750,157500,4.71,2.37,4,2026-07-01 14:45:20
826,Brutish Riverpaw Axe,12218,7323,34433,34433,2.82,4.7,1,2026-06-27 05:25:19
9405,Girdle of Golem Strength,67931,40759,191500,191500,2.82,4.7,1,2026-07-01 14:25:16
12655,Enchanted Thorium Bar,23516,20323,5000,5000,4.7,4.06,5,2026-06-29 11:25:23
14513,Pattern: Robe of the Archmage,298472,131479,63566,52632,4.7,2.5,2,2026-07-01 14:25:16
20971,Design: Heavy Iron Knuckles,222275,117824,47250,45000,4.7,2.62,2,2026-07-01 14:45:20
35616,Spored Tendrils Spaulders,262310,208236,55840,55840,4.7,3.73,1,2026-07-01 15:05:19
3355,Wild Steelbloom,13140,5764,2799,2799,4.69,2.06,369,2026-07-01 14:05:16
6407,Nightsky Wristbands,25933,10663,49999,49999,1.93,4.69,1,2026-06-24 07:25:18
37410,Tracker's Balanced Knives,331460,283127,70624,70000,4.69,4.04,11,2026-07-01 15:05:19
2256,Skeletal Club,236468,140813,50500,50000,4.68,2.82,7,2026-07-01 14:05:16
2409,Pattern: Dark Leather Tunic,2335,1433,499,499,4.68,2.87,6,2026-07-01 14:05:16
3345,Silk Wizard Hat,42149,25663,9000,9000,4.68,2.85,1,2026-03-15 22:42:54
5079,Cold Basilisk Eye,131261,87832,410899,410899,3.13,4.68,5,2026-07-01 14:05:16
6608,Bright Armor,25506,13162,5450,5400,4.68,2.44,3,2026-07-01 14:25:16
13463,Dreamfoil,18484,13886,3947,3400,4.68,4.08,203,2026-07-01 14:25:16
18674,Hardened Stone Band,362912,217747,77500,77500,4.68,2.81,1,2026-06-07 16:05:02
41375,Tireless Skyflare Diamond,321212,192727,68625,68500,4.68,2.81,11,2026-07-01 15:25:22
43444,Swiftarrow Bracers,398848,239309,1119000,1119000,2.81,4.68,1,2026-06-28 17:25:27
43547,Glyph of Obliterate,273820,104919,58500,58500,4.68,1.79,12,2026-07-01 15:25:22
4234,Heavy Leather,10365,5213,2220,2000,4.67,2.61,1341,2026-07-01 14:05:16
9302,Recipe: Ghost Dye,217627,128771,46600,43200,4.67,2.98,2,2026-07-01 14:25:16
11305,Dense Shortbow,70073,32860,15000,15000,4.67,2.19,1,2026-07-01 14:25:16
40101,Tense Forest Emerald,536544,530861,114999,114999,4.67,4.62,1,2026-07-01 15:25:22
41446,Perfect Quick Sun Crystal,219975,77581,47146,40000,4.67,1.94,63,2026-07-01 15:25:22
6423,Blackforge Greaves,28609,17165,80000,80000,2.8,4.66,1,2026-06-29 19:45:25
12984,Skycaller,82142,49285,239950,229900,2.92,4.66,4,2026-07-01 14:25:16
15313,Feral Shoulder Pads,1789,1073,5000,5000,2.79,4.66,1,2026-07-01 14:25:16
3388,Strong Troll's Blood Elixir,33910,23366,7300,7300,4.65,3.2,23,2026-07-01 14:05:16
43478,Gigantic Feast,160946,96568,449400,449000,2.79,4.65,3,2026-07-01 15:25:22
4070,Jouster's Crest,35486,21292,164500,30000,4.64,1.41,2,2026-07-01 14:05:16
37774,Leggings of Aqueous Dissolution,179176,107506,499000,499000,2.78,4.64,1,2026-07-01 02:05:11
43536,Glyph of Bone Shield,6771,4063,1460,1445,4.64,2.81,24,2026-07-01 15:25:22
3394,Recipe: Potion of Curing,18982,13107,4100,4000,4.63,3.28,3,2026-07-01 14:05:16
4392,Advanced Target Dummy,91639,54983,254500,254500,2.78,4.63,11,2026-07-01 14:05:16
24193,Design: Bold Living Ruby,1876909,891306,405000,405000,4.63,2.2,1,2026-07-01 14:45:20
40088,Vivid Forest Emerald,555070,502697,119996,119996,4.63,4.19,8,2026-07-01 15:25:22
43655,Book of Survival,46252,27281,10000,10000,4.63,2.73,1,2026-06-27 17:45:17
3663,Murloc Fin Soup,9242,8404,2000,2000,4.62,4.2,1,2026-06-29 01:25:46
6396,Emblazoned Chestpiece,15654,10723,49500,49500,3.16,4.62,1,2026-06-28 11:25:22
10553,Foreman Vest,11550,6930,2500,2500,4.62,2.77,1,2026-06-26 23:25:18
24056,Glowing Nightseye,138644,83186,30000,30000,4.62,2.77,1,2026-05-07 08:04:47
42727,Ornate Saronite Pauldrons,487179,292307,1350000,1350000,2.77,4.62,1,2026-07-01 15:25:22
42739,Glyph of Fireball,276940,89341,59985,59985,4.62,1.49,12,2026-07-01 15:25:22
1958,Petrified Shinbone,11535,9601,2500,2500,4.61,3.84,1,2026-05-22 19:25:33
4265,Heavy Armor Kit,6884,4199,1494,1400,4.61,3.0,20,2026-07-01 14:05:16
12691,Plans: Wildthorn Mail,12472,11290,57500,50000,4.61,4.43,2,2026-07-01 14:25:16
43396,Glyph of Bloodrage,208035,124821,45111,43900,4.61,2.84,24,2026-07-01 15:25:22
9718,Reforged Blade of Heroes,115446,106245,489000,489000,4.24,4.6,1,2026-06-28 09:45:29
14792,Protector Gauntlets,70430,34772,160000,160000,2.27,4.6,1,2026-07-01 14:25:16
43334,Glyph of Challenging Roar,131622,65176,28616,28495,4.6,2.29,15,2026-07-01 15:25:22
9383,Obsidian Cleaver,160356,96214,442000,442000,2.76,4.59,1,2026-07-01 05:24:59
15893,Prospector's Buckler,9189,9065,2000,2000,4.59,4.53,1,2026-06-30 20:25:11
17922,Lionfur Armor,7804,4682,1700,1700,4.59,2.75,1,2026-06-25 06:44:57
29960,Captured Firefly,114798471,95808600,24990000,24990000,4.59,3.83,1,2026-07-01 15:05:19
37754,Shimmersteel Hood,145101,87061,400000,400000,2.76,4.59,1,2026-06-30 17:05:14
39501,Heavy Parchment,29364,29263,6400,6400,4.59,4.57,14,2026-06-15 01:05:13
4313,Red Woolen Boots,27500,27500,6000,6000,4.58,4.58,1,2026-06-12 23:45:03
14370,Mystic's Woolies,22457,13474,4900,4900,4.58,2.75,1,2026-07-01 13:05:13
43421,Glyph of Mortal Strike,283799,103663,61991,61991,4.58,1.67,12,2026-07-01 15:25:22
3049,Lambent Scale Breastplate,21945,21299,4799,4799,4.57,4.44,1,2026-07-01 14:05:16
4066,Insignia Buckler,21813,15043,68800,68800,3.15,4.57,1,2026-07-01 14:05:16
4237,Handstitched Leather Belt,8643,2861,1893,800,4.57,3.58,2,2026-07-01 14:05:16
8307,Hero's Boots,228566,137140,50000,50000,4.57,2.74,1,2026-06-29 10:25:19
14042,Cindercloth Vest,296429,275000,1257500,1257500,4.24,4.57,3,2026-07-01 14:25:16
12260,Searing Golden Blade,174643,142500,650000,650000,3.72,4.56,4,2026-07-01 14:25:16
25439,Tigerseye Band,9081,5449,1993,1990,4.56,2.74,32,2026-07-01 14:45:20
25700,Fel Scales,69495,41697,191375,190000,2.75,4.56,11,2026-07-01 14:45:20
30306,Pattern: Boots of Utter Darkness,7752219,6571727,1700000,1700000,4.56,3.87,1,2026-07-01 15:05:19
728,Recipe: Westfall Stew,42775,24013,9400,9400,4.55,2.55,1,2026-07-01 14:05:16
2493,Wooden Mallet,5000,5000,1099,1099,4.55,4.55,1,2026-05-24 20:05:52
4332,Bright Yellow Shirt,81235,21987,100000,100000,1.23,4.55,1,2026-07-01 14:05:16
8384,Pattern: Comfortable Leather Hat,692061,415237,151990,151990,4.55,2.73,1,2026-07-01 11:05:12
8489,Cat Carrier (White Kitten),95377,41651,189749,189500,1.99,4.55,3,2026-07-01 14:25:16
12692,Plans: Thorium Shield Spike,227057,225939,49900,49800,4.55,4.54,6,2026-07-01 14:25:16
38781,Scroll of Enchant 2H Weapon - Lesser Intellect,276502,43913,199900,199900,1.38,4.55,4,2026-07-01 15:25:22
13075,Direwing Legguards,110253,66152,300000,300000,2.72,4.54,1,2026-06-29 21:25:40
13085,Horizon Choker,69800,41880,189999,189999,2.72,4.54,2,2026-07-01 14:25:16
43385,Glyph of Renewed Life,211383,81045,46598,46598,4.54,1.74,15,2026-07-01 15:25:22
2163,Shadowblade,183974,110384,597499,499999,3.25,4.53,2,2026-07-01 14:05:16
9224,Elixir of Demonslaying,45305,33833,10000,10000,4.53,3.38,2,2026-07-01 14:25:16
9294,Recipe: Wildvine Potion,9060,5872,2000,2000,4.53,2.94,4,2026-07-01 14:25:16
9750,Gypsy Sash,22633,2048,4999,4999,4.53,2.44,1,2026-07-01 14:25:16
13074,Golem Shard Leggings,134132,63615,288499,288000,2.15,4.53,4,2026-07-01 14:25:16
14608,Dokebi Buckler,23532,18389,5200,5200,4.53,3.54,1,2026-06-27 07:05:18
16249,Formula: Enchant 2H Weapon - Major Intellect,2264975,1601676,500000,500000,4.53,3.2,1,2026-06-23 13:45:01
21892,Pattern: Bolt of Imbued Netherweave,543340,427121,120000,120000,4.53,3.56,1,2026-07-01 14:45:20
22572,Mote of Air,56210,32078,12399,12199,4.53,2.63,45,2026-07-01 14:45:20
37587,Ymirjar Physician's Robe,534222,411577,117998,117998,4.53,3.49,2,2026-07-01 15:05:19
6329,Recipe: Loch Frenzy Delight,135671,81403,30000,30000,4.52,2.71,3,2026-07-01 14:05:16
14501,Pattern: Mooncloth Vest,225737,186566,49900,49900,4.52,3.74,1,2026-06-30 16:45:14
21154,Festival Dress,893030,575576,2600200,2600200,2.91,4.52,2,2026-02-18 22:42:43
38780,Scroll of Enchant Weapon - Minor Striking,18064,15752,4000,4000,4.52,3.94,2,2026-03-13 14:02:38
38973,Scroll of Enchant Cloak - Spell Piercing,1414597,848758,3836399,3836399,2.71,4.52,4,2026-07-01 15:25:22
4476,Beastwalker Robe,22179,13307,60000,60000,2.71,4.51,1,2026-06-29 22:05:33
11288,Greater Magic Wand,13290,11810,2948,2899,4.51,4.07,100,2026-07-01 14:25:16
12163,Plans: Moonsteel Broadsword,179066,172720,39700,39600,4.51,4.36,3,2026-07-01 14:25:16
18232,Field Repair Bot 74A,2707912,1679885,600000,600000,4.51,2.8,2,2026-06-29 22:45:29
37805,Melia's Magnificent Scepter,369492,221695,999600,999600,2.71,4.51,1,2026-07-01 13:45:14
43542,Glyph of Death and Decay,272671,128111,60493,60493,4.51,2.12,11,2026-07-01 15:25:22
2969,Spellbinder Vest,13830,7600,3070,2200,4.5,3.45,2,2026-06-29 21:05:36
6054,Recipe: Shadow Protection Potion,224858,136081,50000,50000,4.5,2.72,1,2026-07-01 14:05:16
14456,Elunarian Vest,180000,180000,40000,40000,4.5,4.5,1,2026-07-01 06:05:01
43480,Small Feast,125474,111136,500466,500000,3.99,4.5,7,2026-07-01 15:25:22
9300,Recipe: Elixir of Demonslaying,359478,235270,80000,80000,4.49,2.94,1,2026-07-01 14:25:16
20855,Design: Wicked Moonstone Ring,220123,80770,49000,49000,4.49,1.65,4,2026-07-01 14:45:20
38416,Frostscale Leggings,449286,220000,100000,100000,4.49,2.2,1,2026-06-27 10:45:06
41533,Glyph of Healing Stream Totem,7205,4323,19580,19400,2.72,4.49,35,2026-07-01 15:25:22
1996,Voodoo Band,44792,38232,10000,10000,4.48,3.82,1,2026-05-01 18:04:32
2569,Linen Boots,32699,30183,7299,7299,4.48,4.14,8,2026-07-01 14:05:16
3341,Gauntlets of Ogre Strength,26636,25248,5949,5900,4.48,4.28,2,2026-07-01 14:05:16
4690,Hunting Belt,471,335,1500,1500,3.18,4.48,1,2026-07-01 14:05:16
29723,Pattern: Cobrascale Hood,606364,320597,135500,135500,4.48,2.37,1,2026-06-27 08:25:16
44312,Wapach's Spaulders of Solidarity,7027779,6519272,29184973,29184973,4.15,4.48,1,2026-07-01 15:25:22
2458,Elixir of Minor Fortitude,1241,745,3333,3333,2.69,4.47,15,2026-07-01 14:05:16
3211,Burnished Bracers,11171,8595,2500,2500,4.47,3.44,1,2026-06-28 20:05:32
4793,Sylvan Cloak,20115,12069,4500,4500,4.47,2.68,1,2026-03-01 19:22:54
8315,Alabaster Plate Girdle,31315,18789,83969,83969,2.68,4.47,1,2026-06-30 08:45:37
16039,Ta'Kierthan Songblade,146230,111971,500000,500000,3.42,4.47,1,2026-07-01 01:05:16
2143,Cuirboulli Boots,8910,8910,2000,2000,4.46,4.46,1,2026-06-30 16:45:14
4816,Legionnaire's Leggings,431876,89150,585000,20000,1.35,4.46,2,2026-07-01 14:05:16
7973,Big-mouth Clam,35268,26271,7900,7900,4.46,3.33,5,2026-07-01 14:25:16
24222,The Shadowfoot Stabber,97103,58262,259999,259999,2.68,4.46,1,2026-07-01 14:05:16
37776,Bracers of Accurate Fire,140520,123102,549499,549000,3.91,4.46,2,2026-07-01 15:05:19
936,Midnight Mace,56177,33706,150000,150000,2.67,4.45,1,2026-07-01 14:05:16
10647,Engineer's Ink,22274,20281,5000,5000,4.45,4.06,1,2026-03-13 19:42:43
13033,Zealot Blade,52393,49400,220000,220000,4.2,4.45,1,2026-06-30 19:45:14
14376,Sanguine Cape,16921,15335,3800,3800,4.45,4.04,1,2026-06-30 12:05:00
14423,Silksand Shoulder Pads,38717,23230,103426,103426,2.67,4.45,2,2026-06-30 22:05:15
29730,Pattern: Earthen Netherscale Boots,113869,67227,299499,299000,2.63,4.45,3,2026-07-01 15:05:19
2857,Runed Copper Belt,8605,7993,1940,1900,4.44,4.21,15,2026-07-01 14:05:16
11083,Soul Dust,4259,981,959,774,4.44,1.27,1361,2026-07-01 14:25:16
24299,Pattern: Cloak of the Black Void,1110610,691956,249999,249999,4.44,2.77,1,2026-06-30 09:05:03
31148,Demon Hide Spaulders,81634,60715,269800,269800,3.3,4.44,1,2026-07-01 15:05:19
1945,Woodworking Gloves,9534,5936,2150,2100,4.43,2.83,3,2026-07-01 14:05:16
10858,Plans: Solid Iron Maul,135467,77662,30590,30000,4.43,2.59,3,2026-07-01 14:25:16
18653,Schematic: Goblin Jumper Cables XL,1341570,699028,302998,302998,4.43,2.31,1,2026-07-01 14:45:20
37115,Crusader's Square Pauldrons,642389,239549,145000,140000,4.43,1.71,2,2026-07-01 15:05:19
40738,Wristwraps of the Cutthroat,5636834,3382100,14990000,14990000,2.66,4.43,1,2026-06-27 22:45:25
41108,Glyph of Divinity,8832,5299,1995,1700,4.43,3.12,33,2026-07-01 15:25:22
4360,Rough Copper Bomb,4090,1338,925,925,4.42,1.45,140,2026-07-01 14:05:16
5525,Boiled Clams,1617,950,366,366,4.42,2.6,55,2026-07-01 14:05:16
13041,Guardian Blade,19402,10767,47599,47599,2.45,4.42,1,2026-07-01 00:05:18
18650,Schematic: EZ-Thro Dynamite II,353240,209872,80000,80000,4.42,2.62,2,2026-07-01 14:45:20
37756,Zoe's Comforting Cape,214960,128976,569999,569999,2.65,4.42,1,2026-07-01 15:05:19
42963,Glyph of Feint,11318,10951,2560,2545,4.42,4.3,29,2026-07-01 15:25:22
8139,Chromite Gauntlets,33978,20387,97631,90000,2.87,4.41,3,2026-07-01 14:25:16
14466,Pattern: Frostweave Tunic,5733,4486,19900,19800,3.47,4.41,2,2026-07-01 14:25:16
14529,Runecloth Bandage,1780,1068,4706,4706,2.64,4.41,6,2026-06-30 14:45:07
41109,Glyph of Seal of Wisdom,268711,109086,60991,60991,4.41,1.79,13,2026-07-01 15:25:22
1314,Ghoul Fingers,19786,19064,4500,4500,4.4,4.24,1,2026-06-30 20:45:13
4043,Aurora Bracers,43599,31484,9900,9900,4.4,3.18,1,2026-06-28 03:05:32
4339,Bolt of Mageweave,43830,26616,9960,9900,4.4,2.69,16,2026-07-01 14:05:16
4861,Sleek Feathered Tunic,2200,2200,9681,9681,4.4,4.4,1,2026-06-25 02:45:09
41542,Glyph of Windfury Weapon,27292,26288,6198,6198,4.4,4.24,19,2026-07-01 15:25:22
42973,Glyph of Slice and Dice,20835,16515,4732,4698,4.4,3.52,18,2026-07-01 15:25:22
42987,Darkmoon Card: Greatness,51467219,31841809,155000000,140000000,3.01,4.4,3,2026-07-01 15:25:22
12997,Redbeard Crest,593329,370210,135250,135250,4.39,2.74,1,2026-06-30 17:05:14
13114,Troll's Bane Leggings,110930,74491,326969,326969,2.95,4.39,1,2026-07-01 00:25:17
3864,Citrine,20858,8268,4766,4199,4.38,1.97,98,2026-07-01 14:05:16
4361,Copper Tube,723,283,165,163,4.38,1.74,53,2026-07-01 14:05:16
4788,Agile Boots,15839,9503,41675,41600,2.63,4.38,2,2026-07-01 14:05:16
14724,War Paint Cloak,13130,8871,3000,3000,4.38,2.96,1,2026-06-30 22:45:17
35641,Scytheclaw Boots,347217,251189,79249,78999,4.38,3.18,6,2026-07-01 15:05:19
37786,Legguards of the Forlorn Seas,204728,122837,537997,537997,2.63,4.38,1,2026-06-30 17:05:14
43374,Glyph of Shadowfiend,252776,166238,57755,55498,4.38,3.0,11,2026-07-01 15:25:22
1934,Stonemason Trousers,15278,9167,3500,3500,4.37,2.62,1,2026-07-01 01:05:16
12695,Plans: Radiant Gloves,25572,22308,6550,5100,3.9,4.37,2,2026-07-01 14:25:16
43549,Glyph of the Ghoul,130094,45210,29799,29799,4.37,1.52,22,2026-07-01 15:25:22
8182,Pellet Rifle,8722,2473,2000,2000,4.36,1.24,1,2026-07-01 14:25:16
8204,Tough Scorpid Gloves,32733,19640,7500,7500,4.36,2.62,1,2026-06-28 06:45:13
24110,Living Ruby Pendant,110000,110000,480000,480000,4.36,4.36,1,2026-05-26 19:45:39
43490,Tasty Cupcake,9430,8718,38024,38024,4.03,4.36,6,2026-07-01 15:25:22
787,Slitherskin Mackerel,77,46,200,200,2.6,4.35,2,2026-06-21 21:45:13
4408,Schematic: Mechanical Squirrel Box,8115,7764,33928,33800,4.18,4.35,4,2026-07-01 14:05:16
7089,Pattern: Azure Silk Cloak,434799,172203,100000,100000,4.35,1.72,1,2026-07-01 14:25:16
8217,Quickdraw Quiver,216440,108599,49800,49800,4.35,2.18,9,2026-07-01 14:25:16
12054,Demon Band,43457,16042,10000,10000,4.35,1.6,2,2026-07-01 14:25:16
12425,Imperial Plate Bracers,38300,22980,100000,100000,2.61,4.35,2,2026-07-01 14:25:16
23805,Schematic: Ultra-Spectropic Detection Goggles,825567,658821,190000,190000,4.35,3.47,1,2026-07-01 14:45:20
43010,Worm Meat,7352,4655,1690,1682,4.35,2.77,135,2026-07-01 15:25:22
2268,Stonesplinter Blade,21672,21672,4999,4999,4.34,4.34,1,2026-07-01 14:05:16
2587,Gray Woolen Shirt,54581,13787,12569,12569,4.34,1.1,1,2026-06-26 13:04:50
13030,Basilisk Bone,32108,31130,139500,129500,4.34,4.16,2,2026-07-01 14:25:16
28461,Runed Tourmaline,32539,27778,7500,7500,4.34,3.7,1,2026-06-12 17:04:51
37116,Epaulets of Market Row,411494,346879,94875,93000,4.34,3.73,11,2026-07-01 15:05:19
2299,Burning War Axe,51579,48735,213199,210799,4.13,4.33,9,2026-07-01 14:05:16
5002,Glowing Green Talisman,20369,13256,4700,4500,4.33,2.95,3,2026-07-01 14:05:16
6529,Shiny Bauble,21680,4889,5006,5006,4.33,1.02,1,2026-07-01 14:25:16
14441,Venomshroud Mask,43571,22494,98699,97500,2.27,4.33,2,2026-07-01 14:25:16
14436,Windchaser Coronet,33915,25399,110000,110000,3.24,4.33,1,2026-07-01 14:25:16
37753,Mendicant's Robe of Mendacity,144795,86877,379964,374929,2.62,4.32,3,2026-07-01 15:05:19
805,Small Red Pouch,4288,2573,995,995,4.31,2.59,1,2026-07-01 14:05:16
2315,Dark Leather Boots,8108,4745,20499,20400,2.53,4.3,6,2026-07-01 14:05:16
5484,Recipe: Roasted Kodo Meat,127308,86915,29600,29600,4.3,2.94,6,2026-07-01 14:05:16
2990,Burnished Leggings,10727,8899,2500,2500,4.29,3.56,1,2026-07-01 14:05:16
9426,Monolithic Bow,35000,35000,150000,150000,4.29,4.29,1,2026-06-26 08:24:55
29201,Thick Bronze Darts,42934,26661,10000,10000,4.29,2.67,1,2026-07-01 15:05:19
37197,Tattered Castle Drape,383666,251542,89499,89499,4.29,2.81,1,2026-07-01 13:45:14
41240,Cobalt Tenderizer,270576,154019,660000,660000,2.44,4.29,1,2026-06-30 06:45:16
45806,Glyph of Howling Blast,201152,100677,46891,46889,4.29,2.15,12,2026-07-01 15:25:22
767,Long Bo Staff,3796,3020,887,885,4.28,3.41,3,2026-07-01 14:05:16
3610,Plans: Gemmed Copper Gauntlets,2105,941,492,490,4.28,1.92,5,2026-07-01 14:05:16
14428,Windchaser Footpads,37387,22432,95900,95900,2.57,4.28,1,2026-07-01 07:45:09
22308,Pattern: Enchanted Runecloth Bag,461681,252003,107750,107500,4.28,2.34,2,2026-07-01 14:45:20
4714,Silver-thread Sash,20075,12045,4700,4500,4.27,2.68,4,2026-07-01 14:05:16
7966,Solid Grinding Stone,3357,2014,8600,8600,2.56,4.27,1,2026-07-01 14:25:16
20854,Design: Amulet of the Moon,126097,96189,29500,29400,4.27,3.27,3,2026-07-01 14:45:20
23099,Luminous Flame Spessarite,106758,10714,25000,25000,4.27,2.33,1,2026-06-22 02:25:09
1712,Scroll of Spirit II,678,371,1583,1582,2.33,4.26,10,2026-07-01 14:05:16
3039,Short Ash Bow,37924,27145,8900,8900,4.26,3.05,1,2026-07-01 14:05:16
42466,Glyph of Searing Pain,6948,4169,1632,1632,4.26,2.55,30,2026-07-01 15:25:22
4342,Purple Dye,1809,1413,6000,6000,3.32,4.25,2,2026-03-14 00:42:48
4379,Silver-plated Shotgun,21240,16666,5000,5000,4.25,3.33,5,2026-07-01 14:05:16
8304,Hero's Cape,106627,63976,271670,271670,2.55,4.25,1,2026-07-01 14:25:16
14495,Pattern: Ghostweave Pants,57376,31652,13499,13400,4.25,2.36,3,2026-07-01 14:25:16
15994,Thorium Widget,13580,7370,3196,2799,4.25,2.63,169,2026-07-01 14:45:20
16255,Formula: Enchant 2H Weapon - Major Spirit,1062111,741845,249999,249999,4.25,2.97,2,2026-07-01 07:45:09
20748,Brilliant Mana Oil,42525,25515,10000,10000,4.25,2.55,1,2026-06-06 18:05:19
38898,Scroll of Enchant Bracer - Stats,223884,141140,600000,600000,2.68,4.25,1,2026-07-01 15:25:22
2844,Copper Mace,5000,5000,21200,21200,4.24,4.24,1,2026-04-18 08:22:13
5469,Strider Meat,2118,1459,500,500,4.24,2.92,8,2026-07-01 14:05:16
11164,Formula: Enchant Weapon - Lesser Beastslayer,16389,6986,29599,29599,1.81,4.24,1,2026-07-01 14:25:16
13144,Serenity Belt,55071,33043,140000,140000,2.54,4.24,1,2026-07-01 14:25:16
31292,Crystal Pulse Shield,293277,175966,746500,746000,2.55,4.24,2,2026-07-01 15:05:19
6379,Inscribed Leather Belt,12686,9413,3000,3000,4.23,3.14,1,2026-07-01 14:05:16
12239,Recipe: Dragonbreath Chili,122218,73331,28900,28900,4.23,2.54,3,2026-07-01 14:25:16
38864,Scroll of Enchant Boots - Spirit,58334,35000,148000,148000,2.54,4.23,2,2026-07-01 15:25:22
1992,Swampchill Fetish,39452,23671,100000,100000,2.53,4.22,1,2026-07-01 14:05:16
2233,Shadow Weaver Leggings,20236,12142,4800,4800,4.22,2.53,1,2026-06-29 01:25:46
11081,Formula: Enchant Shield - Lesser Protection,8304,4982,1969,1965,4.22,2.54,2,2026-07-01 14:25:16
14367,Mystic's Gloves,21083,15496,5000,5000,4.22,3.1,1,2026-07-01 14:25:16
18333,Libram of Focus,2083167,996667,493599,493599,4.22,2.02,1,2026-07-01 14:45:20
24061,Glinting Noble Topaz,51327,30796,130000,130000,2.53,4.22,1,2026-04-09 07:22:21
32227,Crimson Spinel,249471,220102,59249,59000,4.21,3.73,4,2026-07-01 15:05:19
39334,Dusky Pigment,8430,5705,2000,2000,4.21,2.85,3,2026-07-01 15:25:22
43572,Magic Eater,1675,1230,398,390,4.21,3.15,15,2026-07-01 15:25:22
7910,Star Ruby,64684,31541,15400,15400,4.2,2.05,46,2026-07-01 14:25:16
14662,Keeper's Hooves,55499,33299,140000,140000,2.52,4.2,1,2026-06-30 04:25:28
31290,Band of Dominion,209621,129385,543389,543389,2.59,4.2,1,2026-06-30 19:25:16
34747,Northern Stew,41978,28173,10000,10000,4.2,2.82,36,2026-07-01 15:05:19
2204,Brashclaw's Skewer,41895,25137,9999,9999,4.19,2.51,2,2026-07-01 14:05:16
13897,White Traditional Hanbok,209630,125778,50000,50000,4.19,2.52,1,2026-07-01 14:25:16
33048,Stewed Trout,5444,5364,1300,1300,4.19,4.13,117,2026-07-01 15:05:19
43425,Glyph of Blocking,280416,112933,66998,66998,4.19,1.69,12,2026-07-01 15:25:22
920,Wicked Spiked Mace,15707,9424,39400,39400,2.51,4.18,1,2026-07-01 14:05:16
4699,Seer's Belt,8363,8250,2000,2000,4.18,4.12,1,2026-06-30 23:05:18
22848,Elixir of Empowerment,203661,130055,48700,48700,4.18,2.67,1,2026-07-01 14:45:20
40246,Boots of Impetuous Ideals,24846549,13151995,57479950,54990000,2.31,4.18,3,2026-07-01 15:25:22
43660,Fire Eater's Guide,181476,108886,455657,455657,2.51,4.18,1,2026-06-29 17:05:22
50045,Glyph of Eternal Water,196587,71777,46984,46984,4.18,1.53,15,2026-07-01 15:25:22
3866,Plans: Jade Serpentblade,14602,8219,3500,3400,4.17,2.42,7,2026-07-01 14:05:16
22826,Sneaking Potion,41744,25343,10000,10000,4.17,2.53,5,2026-06-08 10:45:28
23827,Super Sapper Charge,12000,12000,50000,50000,4.17,4.17,1,2026-03-24 15:42:37
30729,Black-Iron Battlecloak,4124747,2474848,990000,990000,4.17,2.5,1,2026-01-10 15:03:02
40897,Glyph of Maul,30852,19830,7398,7398,4.17,2.68,18,2026-07-01 15:25:22
4068,Chief Brigadier Shield,40043,24026,101499,100000,2.53,4.16,4,2026-07-01 14:05:16
11204,Formula: Enchant Bracer - Greater Spirit,30352,24308,7300,7300,4.16,3.33,1,2026-06-30 21:25:18
13096,Band of the Hierophant,123669,74201,309000,309000,2.5,4.16,1,2026-06-17 20:05:29
14834,Tyrant's Armguards,86392,70855,295495,295000,3.42,4.16,3,2026-07-01 14:25:16
22202,Small Obsidian Shard,14286,14286,59500,59500,4.16,4.16,10,2026-07-01 14:45:20
25662,Scaled Draenic Pants,60107,36064,150000,150000,2.5,4.16,1,2026-06-16 16:05:14
40282,Slime Stream Bands,8900000,8900000,36995000,30000000,4.16,3.37,2,2026-07-01 15:25:22
7561,Schematic: Goblin Jumper Cables,31690,19014,79250,79000,2.5,4.15,2,2026-07-01 14:25:16
13120,Deepfury Bracers,60278,36167,150000,150000,2.49,4.15,1,2026-06-30 23:45:20
13858,Runecloth Robe,290350,80000,70000,70000,4.15,1.14,1,2026-07-01 14:25:16
15086,Wicked Leather Headband,83053,80463,20000,20000,4.15,4.02,15,2026-06-27 23:25:28
42469,Glyph of Siphon Life,249044,192235,59990,59990,4.15,3.2,11,2026-07-01 15:25:22
44573,Cup of Frog Venom Brew,41451,26428,10000,10000,4.15,2.64,20,2026-06-13 20:25:16
45743,Glyph of Divine Storm,207398,114974,50000,50000,4.15,2.3,11,2026-07-01 15:25:22
1405,Foamspittle Staff,20105,12063,50000,50000,2.49,4.14,1,2026-04-26 15:23:47
4064,Emblazoned Buckler,15651,9381,38800,38800,2.48,4.14,1,2026-07-01 14:05:16
7278,Light Leather Quiver,3647,3411,880,880,4.14,3.88,7,2026-07-01 14:25:16
7760,Warchief Kilt,206095,123657,49800,49800,4.14,2.48,1,2026-07-01 14:25:16
12998,Magician's Mantle,241188,144713,599000,599000,2.48,4.14,1,2026-06-25 22:45:05
13062,Thunderwood,40259,24155,100000,100000,2.48,4.14,1,2026-06-28 19:45:30
13145,Enormous Ogre Belt,85683,45823,194749,189500,2.27,4.14,4,2026-07-01 14:25:16
24170,Design: Embrace of the Dawn,959060,600545,231404,231404,4.14,2.6,2,2026-07-01 14:45:20
33459,Scroll of Protection VI,2953,2276,714,710,4.14,3.21,2,2026-07-01 15:05:19
36907,Talandra's Rose,28705,23052,6935,6900,4.14,3.34,443,2026-07-01 15:05:19
36976,Ring-Lord's Leggings,1610348,966209,3999999,3999999,2.48,4.14,1,2026-07-01 09:05:05
42463,Glyph of Howl of Terror,186319,118052,44999,44999,4.14,2.62,21,2026-07-01 15:25:22
43415,Glyph of Devastate,256584,106062,61991,61991,4.14,1.71,13,2026-07-01 15:25:22
43867,Glyph of Holy Wrath,241408,102736,58300,58300,4.14,1.76,18,2026-07-01 15:25:22
3471,Copper Chain Vest,7586,4552,18800,18800,2.48,4.13,1,2026-06-28 02:45:36
3571,Trogg Beater,20650,12390,5000,5000,4.13,2.48,1,2026-06-27 11:25:02
6219,Arclight Spanner,20590,8340,4987,4900,4.13,1.7,2,2026-07-01 14:05:16
6398,Emblazoned Belt,14727,13701,3564,3564,4.13,3.84,1,2026-06-29 03:25:42
22844,Major Nature Protection Potion,226927,32983,55000,55000,4.13,1.67,9,2026-02-09 02:02:33
3680,Recipe: Murloc Fin Soup,25974,9162,6300,5500,4.12,1.67,5,2026-07-01 14:05:16
4351,Pattern: Shadow Hood,41042,29137,9950,9900,4.12,2.94,4,2026-07-01 14:05:16
12775,Huge Thorium Battleaxe,412500,375000,100000,100000,4.12,3.75,1,2026-06-27 03:25:23
12974,The Black Knight,34215,26460,109250,109000,3.19,4.12,3,2026-07-01 14:25:16
41119,Saronite Bomb,12254,5559,2974,2500,4.12,2.22,586,2026-07-01 15:25:22
41483,Perfect Champion's Huge Citrine,123571,74143,30000,30000,4.12,2.47,1,2026-06-30 17:45:10
4059,Glyphed Bracers,16024,9614,39500,39500,2.47,4.11,1,2026-07-01 10:05:11
4424,Scroll of Spirit III,1503,460,366,365,4.11,1.26,3,2026-07-01 14:05:16
8201,Big Voodoo Mask,41086,24652,10000,10000,4.11,2.47,4,2026-06-28 22:05:43
14596,Hawkeye's Epaulets,28329,16997,69900,69900,2.47,4.11,1,2026-07-01 14:25:16
23811,Schematic: White Smoke Flare,614827,368896,149749,149500,4.11,2.47,2,2026-07-01 14:45:20
39938,Regal Shadow Crystal,32402,15107,7900,7900,4.1,1.91,54,2026-07-01 15:25:22
40105,Energized Forest Emerald,492033,295220,120000,120000,4.1,2.46,23,2026-07-01 15:25:22
41183,Saronite Ambusher,402682,241609,990000,990000,2.46,4.1,1,2026-06-12 23:05:07
41788,Design: Beaming Earthsiege Diamond,521205,220863,127099,127099,4.1,1.74,2,2026-07-01 15:25:22
42907,Glyph of Hunter's Mark,34989,25984,8539,8498,4.1,3.06,14,2026-07-01 15:25:22
7364,Pattern: Heavy Earthen Gloves,6534,5791,1597,1595,4.09,3.63,3,2026-07-01 14:25:16
32905,Bottled Nethergon Vapor,15075,9045,3684,3684,4.09,2.46,19,2026-07-01 15:05:19
45805,Glyph of Disease,204400,68548,50000,50000,4.09,1.37,8,2026-07-01 15:25:22
45808,Runed Mana Band,465463,335092,1428750,1370000,3.07,4.09,3,2026-07-01 15:25:22
5543,Plans: Iridescent Hammer,12236,3446,2999,2999,4.08,1.15,1,2026-07-01 14:05:16
6315,Steelarrow Crossbow,22559,13535,5525,5525,4.08,2.45,1,2026-06-30 20:05:11
6382,Forest Leather Belt,17422,9794,40000,40000,2.3,4.08,1,2026-07-01 04:45:04
25843,Fel Iron Rod,366891,220135,897999,897999,2.45,4.08,4,2026-07-01 14:45:20
30305,Pattern: Boots of Natural Grace,6113518,3668111,1500000,1500000,4.08,2.45,1,2026-07-01 15:05:19
37365,Bands of the Sky Ring,390843,292051,95907,95907,4.08,3.05,1,2026-07-01 15:05:19
45745,Glyph of Divine Plea,268974,113945,66000,66000,4.08,1.73,22,2026-07-01 15:25:22
2457,Elixir of Minor Agility,15258,10324,3750,3750,4.07,2.75,12,2026-07-01 14:05:16
2589,Linen Cloth,454,98,399,399,1.14,4.07,294,2026-07-01 14:05:16
3491,Heavy Bronze Mace,20845,12295,50000,50000,2.4,4.07,1,2026-06-30 15:25:07
4052,Insignia Cap,162855,80386,40000,40000,4.07,2.01,1,2026-06-27 20:05:32
4366,Target Dummy,2214,1328,5399,5399,2.44,4.07,6,2026-06-30 13:25:06
15408,Heavy Scorpid Scale,6325,5262,21778,21400,3.44,4.07,67,2026-07-01 14:25:16
39953,Glinting Huge Citrine,50409,22182,12400,12400,4.07,1.79,25,2026-07-01 15:25:22
40053,Pristine Monarch Topaz,84974,71060,289333,289000,3.4,4.07,25,2026-07-01 15:25:22
43391,Glyph of Kilrogg,162615,78233,40000,40000,4.07,1.96,30,2026-07-01 15:25:22
13546,Bloodbelly Fish,51495,51495,12686,12686,4.06,4.06,4,2026-05-20 13:05:15
14439,Venomshroud Armguards,53116,42562,215763,133325,4.06,3.13,2,2026-07-01 14:25:16
21954,Design: Ring of Bitter Shadows,405833,230829,99950,99900,4.06,2.31,2,2026-07-01 14:45:20
36930,Monarch Topaz,118874,81360,359749,330000,3.03,4.06,27,2026-07-01 15:05:19
41787,Design: Thundering Skyflare Diamond,364806,181663,89750,89500,4.06,2.03,3,2026-07-01 15:25:22
42429,Red Velvet Cupcake,110443,110443,27228,27228,4.06,4.06,3,2026-07-01 15:05:19
4480,Thundering Charm,13246,11076,44875,44875,3.39,4.05,3,2026-07-01 14:05:16
23622,Plans: Steelgrip Gauntlets,880793,814553,3300000,3300000,3.75,4.05,1,2026-07-01 14:45:20
23629,Plans: Felsteel Longblade,1479989,525571,2128749,2127498,1.44,4.05,2,2026-07-01 14:45:20
2160,Padded Armor,9699,9699,2400,2400,4.04,4.04,1,2026-05-14 09:06:03
5470,Thunder Lizard Tail,392,337,97,97,4.04,3.47,10,2026-07-01 14:05:16
38862,Scroll of Enchant Boots - Greater Stamina,70212,41308,17397,17397,4.04,2.37,19,2026-07-01 15:25:22
41127,Brilliant Saronite Gauntlets,399720,239832,968825,968500,2.42,4.04,3,2026-07-01 15:25:22
846,Tanned Leather Jerkin,10000,10000,2480,2480,4.03,4.03,1,2026-06-08 23:45:33
13109,Blackflame Cape,82769,49661,200000,200000,2.42,4.03,1,2026-07-01 14:25:16
24075,Golden Draenite Ring,95345,74371,300000,300000,3.15,4.03,1,2026-07-01 14:45:20
27684,Recipe: Buzzard Bites,201035,120621,49900,49900,4.03,2.42,1,2026-07-01 15:05:19
2266,Stonesplinter Dagger,8556,5134,20631,20631,2.41,4.02,1,2026-06-27 04:25:18
2319,Medium Leather,5794,3238,1440,1100,4.02,2.94,5558,2026-07-01 14:05:16
8133,Myrmidon's Pauldrons,49532,29719,119750,119500,2.42,4.02,2,2026-07-01 14:25:16
13045,Viscous Hammer,82651,49591,199224,199224,2.41,4.02,2,2026-07-01 14:25:16
5256,Kovork's Rattle,99900,99900,24900,24900,4.01,4.01,1,2026-07-01 14:05:16
24077,Thick Adamantite Necklace,103917,62350,249999,249999,2.41,4.01,1,2026-06-30 03:05:28
41783,Design: Purified Twilight Opal,313875,116160,78249,78000,4.01,1.49,5,2026-07-01 15:25:22
2243,Hand of Edward the Odd,416337,249802,999500,999000,2.4,4.0,2,2026-07-01 14:05:16
2260,Frostmane Hand Axe,10000,10000,2500,2500,4.0,4.0,1,2026-06-25 18:05:07
2526,Main Gauche,60000,60000,15000,15000,4.0,4.0,1,2026-05-14 00:25:12
3190,Beatstick,4229,3200,1350,800,3.13,4.0,2,2026-07-01 14:05:16
5479,Crispy Lizard Tail,417,250,1000,1000,2.4,4.0,20,2026-06-28 18:05:24
9742,Simple Cord,20000,20000,4999,4999,4.0,4.0,1,2026-07-01 14:25:16
27636,Bat Bites,500,500,2000,2000,4.0,4.0,40,2026-06-11 09:04:32
39343,Azure Pigment,60844,53477,15200,15200,4.0,3.52,120,2026-07-01 15:25:22
41097,Glyph of Hammer of Wrath,239974,77356,59990,59990,4.0,1.29,28,2026-07-01 15:25:22
11139,Large Glowing Shard,1543,1475,387,386,3.99,3.82,119,2026-07-01 14:25:16
24304,Pattern: Black Belt of Knowledge,1932358,1159415,484500,470000,3.99,2.47,3,2026-07-01 14:45:20
29377,Ethereum Phase-Spear,418129,250877,999999,999999,2.39,3.99,1,2026-03-09 18:42:35
38592,Dark Arctic Chestpiece,717618,390268,180000,180000,3.99,2.17,3,2026-07-01 15:25:22
38766,Scroll of Enchant Chest - Minor Health,2263,752,3000,3000,1.33,3.99,5,2026-06-27 17:05:12
3679,Recipe: Blood Sausage,62423,47498,15700,15700,3.98,3.03,4,2026-07-01 14:05:16
4795,Bear Bracers,79687,41978,20000,20000,3.98,2.1,1,2026-07-01 14:05:16
13093,Blush Ember Ring,62716,37630,149950,149900,2.39,3.98,3,2026-07-01 14:25:16
20959,The Jade Eye,25152,15091,60000,60000,2.39,3.98,1,2026-06-29 17:05:22
43446,Swiftarrow Gauntlets,748616,449170,1789500,1789500,2.39,3.98,1,2026-06-28 02:05:34
2278,Forest Tracker Epaulets,100875,60525,240000,240000,2.38,3.97,1,2026-07-01 14:05:16
4343,Brown Linen Pants,7921,4753,1994,1994,3.97,2.38,8,2026-07-01 14:05:16
4396,Mechanical Dragonling,1027846,854371,258600,258600,3.97,3.3,4,2026-06-16 12:05:09
30483,Pattern: Shadowcloth,494819,367943,1460500,1460500,2.95,3.97,1,2026-06-26 11:44:55
38800,Scroll of Enchant Gloves - Mining,33559,20135,80000,80000,2.38,3.97,1,2026-06-26 15:05:02
38837,Scroll of Enchant Boots - Minor Speed,29821,25167,99979,99977,3.35,3.97,75,2026-07-01 15:25:22
43672,Glyph of Pestilence,273599,133514,69000,69000,3.97,1.93,8,2026-07-01 15:25:22
50167,Technique: Glyph of Rapid Rejuvenation,357367,353766,90000,90000,3.97,3.93,1,2026-06-30 08:45:37
5967,Girdle of Nobility,39626,23776,10000,10000,3.96,2.38,1,2026-06-29 22:45:29
11101,Formula: Enchant Bracer - Lesser Strength,273036,149991,69000,69000,3.96,2.17,3,2026-07-01 14:25:16
42471,Glyph of Succubus,24451,16501,6174,6100,3.96,2.71,11,2026-07-01 15:25:22
44554,Flying Carpet,1180028,756668,2999999,2999999,2.54,3.96,1,2026-06-25 14:25:04
3475,Cloak of Flames,1264963,758978,3000000,3000000,2.37,3.95,1,2026-06-21 14:25:22
35128,Hardened Khorium,216071,129643,511595,511595,2.37,3.95,4,2026-07-01 15:05:19
8174,Comfortable Leather Hat,572018,343211,145000,145000,3.94,2.37,1,2026-07-01 14:25:16
12422,Imperial Plate Chest,290009,253746,999900,999900,3.45,3.94,1,2026-06-27 22:05:23
12820,Winterfall Firewater,31934,13594,8099,8000,3.94,1.7,68,2026-07-01 14:25:16
14504,Pattern: Runecloth Shoulders,19294,15718,62250,62000,3.23,3.94,6,2026-07-01 14:25:16
4319,Azure Silk Gloves,118000,118000,30000,30000,3.93,3.93,1,2026-04-27 18:43:47
4412,Schematic: Moonsight Rifle,12632,7579,29900,29800,2.37,3.93,4,2026-07-01 14:05:16
6200,Garneg's War Belt,21208,12725,50000,50000,2.36,3.93,1,2026-07-01 04:45:04
7360,Pattern: Dark Leather Gloves,7442,6873,1892,1890,3.93,3.64,4,2026-07-01 14:25:16
9393,Beacon of Hope,33929,20357,80000,80000,2.36,3.93,1,2026-06-30 21:05:10
15412,Green Dragonscale,2073,1441,527,527,3.93,2.73,47,2026-07-01 14:25:16
16802,Arcanist Belt,423998,254399,999500,999000,2.36,3.93,2,2026-07-01 14:45:20
22388,Plans: Titanic Leggings,2631925,523409,669999,669999,3.93,1.28,1,2026-06-29 19:05:23
37777,Bracers of Sizzling Heat,179366,107620,423000,423000,2.36,3.93,1,2026-06-30 23:45:20
42470,Glyph of Soulstone,7842,6875,1997,1994,3.93,3.45,18,2026-07-01 15:25:22
8296,Traveler's Jerkin,174035,104421,44450,44400,3.92,2.35,2,2026-06-22 19:05:13
14869,Warleader's Bracers,196118,117671,50000,50000,3.92,2.35,1,2026-06-29 05:45:40
31857,Darkmoon Card: Wrath,6877817,3251376,12755000,12750000,1.85,3.92,2,2026-07-01 15:05:19
37801,Waistguard of the Risen Knight,815351,711515,207999,207999,3.92,3.42,9,2026-07-01 15:05:19
39933,Puissant Shadow Crystal,38803,23282,9900,9900,3.92,2.35,3,2026-07-01 15:25:22
42967,Glyph of Hemorrhage,254585,92627,64996,64996,3.92,1.43,13,2026-07-01 15:25:22
3040,Hunter's Muzzle Loader,19560,11736,4998,4998,3.91,2.35,3,2026-07-01 14:05:16
22793,Mana Thistle,14009,8381,3583,3399,3.91,2.47,106,2026-07-01 14:45:20
37590,Bands of Fading Light,259708,193324,66500,66000,3.91,2.93,10,2026-07-01 15:05:19
40921,Glyph of Starfall,242496,97437,61992,61992,3.91,1.57,15,2026-07-01 15:25:22
4367,Small Seaforium Charge,17911,13400,4595,4595,3.9,2.92,14,2026-06-07 17:25:09
8277,Valorous Girdle,86247,65058,253407,253407,2.94,3.9,1,2026-07-01 14:25:16
8409,Pattern: Nightscape Shoulders,311676,108104,80000,80000,3.9,1.35,1,2026-07-01 14:25:16
8951,Elixir of Greater Defense,12079,11693,7312,3000,1.65,3.9,29,2026-07-01 14:25:16
18239,Pattern: Shadowskin Gloves,194964,99140,50000,50000,3.9,1.98,1,2026-07-01 14:45:20
20975,Design: The Jade Eye,115411,104727,29600,29600,3.9,3.54,3,2026-07-01 14:45:20
23199,Totem of the Storm,115913,69548,29709,29709,3.9,2.34,1,2026-06-25 12:05:01
31127,Hauberk of Totemic Rage,76656,45994,179749,179499,2.34,3.9,3,2026-07-01 15:05:19
23630,Plans: Khorium Champion,968002,581232,249000,249000,3.89,2.33,1,2026-06-28 00:05:31
38874,Scroll of Enchant 2H Weapon - Major Spirit,186642,179950,699900,699900,3.75,3.89,1,2026-06-07 11:04:57
43400,Glyph of Enduring Victory,239686,198726,61599,61599,3.89,3.23,16,2026-07-01 15:25:22
14582,Dokebi Cape,17171,10303,40000,40000,2.33,3.88,1,2026-07-01 14:25:16
2593,Flask of Port,5750,3450,1485,1485,3.87,2.32,20,2026-06-09 14:25:22
3488,Copper Battle Axe,13250,7950,3420,3420,3.87,2.32,1,2026-06-27 04:25:18
23638,Plans: Lesser Ward of Shielding,580577,519954,149950,149900,3.87,3.47,2,2026-07-01 14:45:20
24203,Design: Brilliant Dawnstone,1935947,1072893,500000,500000,3.87,2.15,1,2026-07-01 14:45:20
42454,Glyph of Conflagrate,225243,85772,58200,58200,3.87,1.47,13,2026-07-01 15:25:22
2166,Foreman's Leggings,19292,11575,5000,5000,3.86,2.31,1,2026-04-01 02:02:36
3055,Forest Leather Chestpiece,19277,16394,5000,5000,3.86,3.28,1,2026-07-01 14:05:16
4375,Whirring Bronze Gizmo,8099,6130,2098,1995,3.86,3.07,57,2026-07-01 14:05:16
7113,Mistscape Armor,46016,27610,106630,106500,2.32,3.86,6,2026-07-01 14:25:16
14401,Resilient Cap,50913,42229,13200,13200,3.86,3.2,1,2026-06-30 06:25:19
21943,Design: Truesilver Crab,191521,114747,49600,49600,3.86,2.31,1,2026-07-01 14:45:20
40772,Gnomish Army Knife,15822,5436,4099,4099,3.86,1.33,19,2026-07-01 15:25:22
41527,Glyph of Earthliving Weapon,132424,90977,34334,34102,3.86,2.67,18,2026-07-01 15:25:22
43492,Haunted Herring,102646,19035,73498,73497,1.4,3.86,17,2026-07-01 15:25:22
7078,Essence of Fire,62918,38544,149500,148500,2.38,3.85,53,2026-07-01 14:25:16
14549,Boots of Avoidance,654430,392658,170000,170000,3.85,2.31,7,2026-07-01 14:25:16
14663,Keeper's Bindings,22483,13490,52125,52000,2.32,3.85,4,2026-07-01 14:25:16
14675,Pridelord Gloves,130036,78022,33800,33800,3.85,2.31,1,2026-06-30 05:25:23
21790,Sapphire Pendant of Winter Night,28964,17378,66969,66969,2.31,3.85,21,2026-07-01 14:45:20
41731,Yeti Milk,8668,5201,20000,20000,2.31,3.85,2,2026-05-26 00:46:06
2578,Barbaric Linen Vest,12804,7682,3337,3337,3.84,2.3,1,2026-06-26 19:45:07
10312,Pattern: Red Mageweave Gloves,13670,3905,29047,15000,2.12,3.84,2,2026-07-01 14:25:16
10375,Imbued Plate Vambraces,86860,52116,200000,200000,2.3,3.84,1,2026-07-01 13:05:13
13886,37 Pound Redgill,124320,105628,32400,32400,3.84,3.26,1,2026-07-01 02:05:11
14461,Elunarian Handgrips,384302,344180,100000,100000,3.84,3.44,1,2026-06-26 18:25:03
18711,Arena Bands,153418,92051,39999,39999,3.84,2.3,1,2026-07-01 14:45:20
40031,Regal Twilight Opal,613487,458840,159666,159500,3.84,2.88,10,2026-07-01 15:25:22
41526,Glyph of Shocking,215275,68490,55998,55998,3.84,1.22,12,2026-07-01 15:25:22
3283,Battle Chain Tunic,9568,5741,2500,2500,3.83,2.3,1,2026-06-30 19:45:14
9752,Gypsy Bands,384,287,1100,1100,2.86,3.83,1,2026-06-28 02:25:33
22832,Super Mana Potion,26485,12932,6907,6700,3.83,1.93,102,2026-07-01 14:45:20
32229,Lionseye,225907,155343,58999,58999,3.83,2.63,5,2026-07-01 15:05:19
4355,Pattern: Icy Cloak,229296,162429,60000,60000,3.82,2.71,1,2026-07-01 12:05:10
6528,Spellbinder Robe,19491,19099,5100,5100,3.82,3.74,1,2026-07-01 04:45:04
13491,Recipe: Elixir of the Mongoose,160470,107084,42000,42000,3.82,2.55,1,2026-06-30 11:25:00
22576,Mote of Mana,43883,26033,11481,11481,3.82,2.27,139,2026-07-01 14:45:20
22645,Crunchy Spider Surprise,352,211,805,805,2.29,3.82,8,2026-07-01 14:45:20
35579,Vrykul Shackles,171277,102766,44866,44499,3.82,2.31,10,2026-07-01 15:05:19
37820,Worgen's Ring of Revitalization,130788,78473,300000,300000,2.29,3.82,1,2026-07-01 15:05:19
38372,Nerubian Leg Armor,395238,183056,700000,700000,1.77,3.82,5,2026-07-01 15:05:19
1351,Fingerbone Bracers,19068,15144,5000,5000,3.81,3.03,1,2026-04-24 11:43:11
2379,Tarnished Chain Vest,9900,9900,2600,2600,3.81,3.81,1,2026-06-27 10:05:12
4335,Rich Purple Silk Shirt,366782,236539,96277,96277,3.81,2.46,1,2026-07-01 14:05:16
4711,Glimmering Cloak,9335,5601,2450,2400,3.81,2.33,2,2026-07-01 14:05:16
6555,Bard's Cloak,3792,2622,995,995,3.81,2.64,1,2026-07-01 14:25:16
8950,Homemade Cherry Pie,640,616,2350,2350,3.67,3.81,2,2026-06-29 10:45:22
14750,Slayer's Cuffs,30501,18301,8000,8000,3.81,2.29,1,2026-06-24 16:05:05
24202,Design: Stormy Star of Elune,1942418,1062382,509500,509500,3.81,2.09,1,2026-07-01 14:45:20
42914,Glyph of Steady Shot,243601,96769,63994,63994,3.81,1.51,13,2026-07-01 15:25:22
2815,Curve-bladed Ripper,69435,54150,221398,206000,3.19,3.8,3,2026-07-01 14:05:16
4496,Small Brown Pouch,2580,1832,679,670,3.8,2.73,11,2026-07-01 14:05:16
7919,Heavy Mithril Gauntlet,39326,37961,15000,10000,2.62,3.8,2,2026-07-01 14:25:16
10400,Blackened Defias Leggings,37962,31772,9999,9999,3.8,3.18,3,2026-07-01 14:25:16
44310,Namlak's Supernumerary Sticker,3549701,2628002,9990000,9990000,2.81,3.8,1,2026-07-01 15:25:22
4387,Iron Strut,5444,2848,10998,10800,2.02,3.79,43,2026-07-01 14:05:16
8310,Hero's Pauldrons,189422,113653,50000,50000,3.79,2.27,1,2026-07-01 14:25:16
14397,Resilient Mantle,24640,18975,6499,6499,3.79,2.92,1,2026-06-27 11:25:02
38846,Scroll of Enchant Bracer - Greater Strength,49165,39585,149999,149999,3.05,3.79,29,2026-07-01 15:25:22
40302,Benefactor's Gauntlets,17053838,14089362,4496250,4495000,3.79,3.13,5,2026-07-01 15:25:22
40920,Glyph of Hurricane,189128,115974,49931,49897,3.79,2.32,17,2026-07-01 15:25:22
2958,Journeyman's Pants,3380,2257,895,890,3.78,2.54,10,2026-07-01 14:05:16
4457,Barbecued Buzzard Wing,4407,2644,9999,9999,2.27,3.78,2,2026-07-01 06:45:04
13940,Recipe: Cooked Glossy Mightfish,155538,117137,41200,41200,3.78,2.84,3,2026-07-01 14:25:16
21882,Soul Essence,9442,8586,2500,2500,3.78,3.43,13,2026-07-01 14:45:20
31295,Chestguard of the Dark Stalker,220520,132312,499999,499999,2.27,3.78,1,2026-06-28 16:25:20
41555,Black Duskweave Wristwraps,437005,262203,990000,990000,2.27,3.78,1,2026-07-01 15:25:22
43443,Swiftarrow Boots,521137,312682,1182500,1182500,2.27,3.78,4,2026-06-30 18:05:13
2105,Thug Shirt,584554,350732,154899,154899,3.77,2.26,1,2026-06-09 23:45:15
6416,Aurora Boots,37698,17903,10000,10000,3.77,1.79,1,2026-07-01 14:25:16
13116,Spaulders of the Unseen,97186,58312,220000,220000,2.26,3.77,1,2026-07-01 14:25:16
14815,Warstrike Gauntlets,301915,102000,80000,80000,3.77,1.27,1,2026-06-30 08:45:37
16250,Formula: Enchant Weapon - Superior Striking,3771401,3148201,1000000,1000000,3.77,3.15,4,2026-07-01 14:45:20
38679,Scroll of Enchant Bracer - Minor Health,2264,1016,600,600,3.77,1.69,4,2026-06-27 14:05:03
38812,Scroll of Enchant Bracer - Stamina,24246,18561,69900,69900,2.88,3.77,1,2026-06-30 13:45:11
39916,Thick Sun Crystal,33560,17219,8898,8898,3.77,1.94,3,2026-07-01 15:25:22
4608,Raw Black Truffle,7497,1362,1994,1994,3.76,1.46,9,2026-07-01 14:05:16
7942,Blue Glittering Axe,75153,52500,20000,20000,3.76,2.62,1,2026-06-10 11:44:22
20452,Smoked Desert Dumplings,4117,2470,9299,9299,2.26,3.76,5,2026-07-01 00:45:16
39001,Scroll of Enchant Cloak - Mighty Armor,795334,461757,211750,190000,3.76,2.43,13,2026-07-01 15:25:22
39968,Timeless Dark Jade,34943,24837,9299,9299,3.76,2.67,4,2026-07-01 15:25:22
41166,Runic Healing Injector,30989,18593,70000,70000,2.26,3.76,4,2026-07-01 15:25:22
41539,Glyph of Stormstrike,83533,61464,22202,22202,3.76,2.77,15,2026-07-01 15:25:22
897,Madwolf Bracers,10138,6083,2700,2700,3.75,2.25,1,2026-06-29 19:05:23
2227,Heavy Ogre War Axe,15780,9468,35500,35500,2.25,3.75,1,2026-06-30 20:45:13
2934,Ruined Leather Scraps,383,306,102,98,3.75,3.12,371,2026-07-01 14:05:16
4949,Orcish Cleaver,11817,11136,3150,3100,3.75,3.59,4,2026-07-01 14:05:16
7911,Truesilver Ore,1855,1283,4843,4800,2.61,3.74,81,2026-07-01 14:25:16
13506,Potion of Petrification,138926,80438,300993,300993,2.17,3.74,18,2026-07-01 14:25:16
14752,Slayer's Cape,27668,11741,7399,4999,3.74,2.35,2,2026-07-01 14:25:16
39937,Balanced Shadow Crystal,32147,23730,8600,8600,3.74,2.76,5,2026-07-01 15:25:22
41241,Sure-fire Shuriken,145418,103695,387999,387999,2.67,3.74,6,2026-07-01 15:25:22
42915,Glyph of Trueshot Aura,187077,73268,50000,50000,3.74,1.47,22,2026-07-01 15:25:22
4836,Fireproof Orb,33592,20155,9000,9000,3.73,2.24,1,2026-07-01 14:05:16
5488,Recipe: Crispy Lizard Tail,110434,96090,29600,29600,3.73,3.25,8,2026-07-01 14:05:16
6325,Recipe: Brilliant Smallfish,37514,11998,10066,10000,3.73,1.2,7,2026-07-01 14:05:16
7280,Rugged Leather Pants,4026,2416,9000,9000,2.24,3.73,1,2026-06-11 16:04:54
12992,Searing Blade,35718,21431,80000,80000,2.24,3.73,1,2026-06-30 12:05:00
14101,Brightcloth Gloves,25720,15432,57500,57500,2.24,3.73,3,2026-05-29 15:25:05
16247,Formula: Enchant 2H Weapon - Superior Impact,149347,34362,39999,39999,3.73,1.16,15,2026-07-01 14:45:20
17038,Ironwood Seed,15256,5369,20000,20000,1.31,3.73,1,2026-07-01 14:45:20
18588,Ez-Thro Dynamite II,2129,1045,3900,3900,1.83,3.73,5,2026-06-29 13:45:17
31149,Gloves of Pandemonium,78821,63857,238233,238233,3.02,3.73,1,2026-07-01 15:05:19
40016,Mystic Autumn's Glow,670474,402284,179874,179500,3.73,2.24,14,2026-07-01 15:25:22
41400,Thundering Skyflare Diamond,927989,922387,248999,248999,3.73,3.7,3,2026-07-01 15:25:22
45762,Glyph of Killing Spree,257662,87092,69000,69000,3.73,1.26,11,2026-07-01 15:25:22
2098,Double-barreled Shotgun,22882,13437,50004,50004,2.19,3.72,1,2026-07-01 05:05:03
8124,Heraldic Spaulders,44627,41890,11999,11999,3.72,3.49,1,2026-07-01 14:25:16
9490,Gizmotron Megachopper,186082,111649,49999,49999,3.72,2.23,1,2026-07-01 14:25:16
14343,Small Brilliant Shard,2334,806,3260,3000,1.4,3.72,160,2026-07-01 14:25:16
14422,Silksand Gloves,30608,27364,101860,101860,3.33,3.72,1,2026-06-30 10:45:03
15088,Wicked Leather Belt,74438,53055,20000,20000,3.72,2.65,11,2026-06-27 23:25:28
38857,Scroll of Enchant Gloves - Greater Strength,84661,50797,189000,189000,2.23,3.72,14,2026-07-01 15:25:22
7361,Pattern: Herbalist's Gloves,594261,356557,160000,160000,3.71,2.23,1,2026-07-01 14:25:16
9303,Recipe: Philosopher's Stone,129219,79595,34800,34800,3.71,2.29,6,2026-07-01 14:25:16
14454,Highborne Cord,53933,32360,124500,120000,2.31,3.71,2,2026-07-01 14:25:16
22644,Crunchy Spider Leg,1317,407,355,355,3.71,1.15,124,2026-07-01 14:45:20
23095,Bold Blood Garnet,13795,8771,32499,32499,2.36,3.71,27,2026-07-01 14:45:20
32902,Bottled Nethergon Energy,12135,7281,3500,1960,3.47,3.71,67,2026-07-01 15:05:19
37070,Tundra Wolf Boots,645643,375676,1443750,1392500,2.24,3.71,3,2026-07-01 15:05:19
41367,Dark Jade Focusing Lens,58244,26138,97000,97000,1.67,3.71,4,2026-07-01 06:45:04
41444,Perfect Brilliant Sun Crystal,44713,26828,99500,99500,2.23,3.71,8,2026-07-01 15:25:22
1015,Lean Wolf Flank,5207,2504,1406,1380,3.7,1.81,72,2026-07-01 14:05:16
1722,Thornstone Sledgehammer,58615,35169,135000,130000,2.3,3.7,3,2026-07-01 14:05:16
3681,Recipe: Crocolisk Gumbo,72490,43494,19600,19600,3.7,2.22,3,2026-07-01 14:05:16
4414,Schematic: Portable Bronze Mortar,11602,8655,32100,32000,2.77,3.7,4,2026-07-01 14:05:16
7991,Plans: Mithril Scale Shoulders,69466,20257,74998,74998,1.08,3.7,4,2026-07-01 14:25:16
12804,Powerful Mojo,34368,25299,9300,8900,3.7,2.84,18,2026-07-01 14:25:16
32200,Solid Empyrean Sapphire,180000,180000,666136,666136,3.7,3.7,2,2026-04-04 06:02:26
34859,Razor Sharp Fillet Knife,158346,113605,420000,420000,2.65,3.7,1,2026-07-01 15:05:19
41553,Black Duskweave Leggings,895836,537502,1987500,1987500,2.22,3.7,1,2026-07-01 15:25:22
2312,Fine Leather Gloves,6003,5394,19900,19900,3.32,3.69,1,2026-06-22 06:05:04
8308,Hero's Band,90336,54202,199998,199998,2.21,3.69,3,2026-07-01 14:25:16
1251,Linen Bandage,162,155,44,44,3.68,3.52,16,2026-07-01 08:05:07
3850,Jade Serpentblade,331071,187500,90000,90000,3.68,2.08,2,2026-07-01 14:05:16
4297,Pattern: Barbaric Gloves,9191,4673,2500,2500,3.68,1.87,1,2026-07-01 14:05:16
16676,Beaststalker's Gloves,150000,150000,551530,551530,3.68,3.68,1,2026-07-01 14:45:20
20818,Elegant Silver Ring,11020,9106,2995,2995,3.68,3.04,6,2026-07-01 09:05:05
21851,Netherweave Gloves,367952,149100,100000,100000,3.68,1.49,1,2026-06-28 14:25:12
39310,Mantle of the Extensive Mind,4334351,2302806,8475000,8470000,1.96,3.68,4,2026-07-01 15:25:22
44311,Avool's Sword of Jin,6075568,4071043,14990000,14990000,2.47,3.68,1,2026-06-27 09:45:13
2841,Bronze Bar,7333,4952,1999,1990,3.67,2.49,452,2026-07-01 14:05:16
3608,Plans: Mighty Iron Hammer,5937,2442,1619,1500,3.67,1.63,4,2026-07-01 14:05:16
13003,Lord Alexander's Battle Axe,154208,92525,339999,339999,2.2,3.67,1,2026-07-01 14:25:16
10413,Gloves of the Fang,181175,141369,49500,49000,3.66,2.89,4,2026-07-01 14:25:16
23491,Fel Iron Chain Gloves,63660,38196,139871,139871,2.2,3.66,2,2026-07-01 14:45:20
40187,Poignant Sabatons,23761661,14256997,6500000,6500000,3.66,2.19,5,2026-07-01 15:25:22
45797,Glyph of Shield Wall,252754,206571,69000,69000,3.66,2.99,11,2026-07-01 15:25:22
4044,Aurora Pants,43933,23073,12039,12039,3.65,1.92,2,2026-07-01 14:05:16
4721,Insignia Mantle,13797,8241,30000,30000,2.17,3.64,3,2026-07-01 14:05:16
3073,Smoldering Pants,28710,27955,7900,7900,3.63,3.54,1,2026-06-27 10:25:12
6342,Formula: Enchant Chest - Minor Mana,5438,4188,1497,1495,3.63,2.8,4,2026-07-01 14:05:16
6359,Firefin Snapper,7229,2708,1994,1994,3.63,1.36,30,2026-07-01 14:05:16
13121,Wing of the Whelpling,98870,59322,215196,215196,2.18,3.63,2,2026-07-01 14:25:16
22831,Elixir of Major Agility,106596,63958,29400,29400,3.63,2.18,13,2026-07-01 10:25:15
37802,Elanor's Edge,229840,137904,554499,499999,2.41,3.63,2,2026-07-01 15:05:19
4410,Schematic: Shadow Goggles,10682,9261,2950,2900,3.62,3.19,2,2026-07-01 14:05:16
23494,Fel Iron Chain Bracers,64402,38641,140000,140000,2.17,3.62,1,2026-06-04 21:45:13
23775,Titanium Toolbox,1330486,798292,2893749,2892500,2.17,3.62,2,2026-07-01 14:45:20
38889,Scroll of Enchant Gloves - Healing Power,7964447,4651544,2200000,2200000,3.62,2.11,1,2026-04-18 07:02:14
41496,Perfect Pristine Huge Citrine,155702,93421,43000,43000,3.62,2.17,4,2026-06-25 01:45:10
3194,Black Malice,180734,114011,50000,50000,3.61,2.28,1,2026-07-01 14:05:16
6404,Mail Combat Spaulders,22572,12627,6249,6200,3.61,2.04,4,2026-07-01 14:25:16
10592,Catseye Elixir,2237,2216,8000,8000,3.58,3.61,3,2026-07-01 04:05:11
14581,Dokebi Chestguard,18045,10885,5000,5000,3.61,2.18,1,2026-06-30 09:24:57
43864,Brilliant Saronite Bracers,329745,272520,984397,984397,2.99,3.61,1,2026-07-01 15:25:22
5069,Fire Wand,7986,5394,5700,1500,1.4,3.6,2,2026-07-01 14:05:16
20856,Design: Heavy Golden Necklace of Battle,70844,69202,19700,19600,3.6,3.53,2,2026-07-01 14:45:20
31143,Shroud of Frenzy,97129,86713,349999,300000,3.6,3.46,2,2026-07-01 15:05:19
31333,The Night Watchman,5945036,3567022,1649886,1649886,3.6,2.16,1,2026-06-30 22:45:17
38840,Scroll of Enchant Weapon - Demonslaying,684074,517215,190000,190000,3.6,2.72,1,2026-06-24 19:45:16
41441,Perfect Solid Chalcedony,107300,68985,29800,29800,3.6,2.31,77,2026-07-01 15:25:22
44084,Forlorn Starflare Diamond,719533,348684,200000,200000,3.6,1.74,1,2026-06-30 04:25:28
4260,Guardian Leather Bracers,53837,39632,15000,15000,3.59,2.64,5,2026-04-17 07:22:22
41099,Glyph of Consecration,133692,64813,37199,37199,3.59,1.74,34,2026-07-01 15:25:22
1539,Gnarled Hermit's Staff,111752,67097,31200,31200,3.58,2.15,1,2026-06-12 18:44:54
4257,Green Leather Belt,13972,8383,30000,30000,2.15,3.58,6,2026-06-30 22:45:17
4305,Bolt of Silk Cloth,21503,12144,6000,6000,3.58,2.02,2942,2026-07-01 14:05:16
6068,Recipe: Shadow Oil,142094,95237,39700,39600,3.58,2.4,6,2026-07-01 14:05:16
13468,Black Lotus,11444,8331,29866,29800,2.61,3.58,8,2026-07-01 14:25:16
42641,Global Thermal Sapper Charge,19853,11912,42644,42644,2.15,3.58,12,2026-07-01 13:25:15
42901,Glyph of Aspect of the Viper,209263,147745,58500,58500,3.58,2.53,21,2026-07-01 15:25:22
45761,Glyph of Hunger for Blood,246983,124380,69000,69000,3.58,1.8,10,2026-07-01 15:25:22
4350,Pattern: Spider Silk Slippers,16650,16071,4700,4500,3.54,3.57,4,2026-07-01 14:05:16
8173,Thick Armor Kit,6615,5358,2371,1500,2.79,3.57,40,2026-07-01 14:25:16
8181,Hunting Rifle,8564,5138,2400,2400,3.57,2.14,1,2026-07-01 14:25:16
38963,Scroll of Enchant Weapon - Exceptional Spirit,1603047,1414088,449500,449500,3.57,3.15,2,2026-07-01 15:25:22
2519,Heavy Shot,84,84,299,299,3.56,3.56,200,2026-04-29 16:23:52
6394,Silver-thread Boots,31998,23639,9000,9000,3.56,2.63,1,2026-07-01 11:25:09
7926,Ornate Mithril Pants,46831,28099,100000,100000,2.14,3.56,1,2026-05-27 05:45:44
14086,Beaded Sandals,35561,15135,9999,9999,3.56,1.51,1,2026-07-01 14:05:16
20746,Lesser Wizard Oil,24060,17916,63750,63750,2.65,3.56,7,2026-07-01 14:45:20
21893,Pattern: Imbued Netherweave Bag,355539,213323,100000,100000,3.56,2.13,1,2026-07-01 14:45:20
29732,Pattern: Netherdrake Helm,730578,649215,205500,205000,3.56,3.17,2,2026-07-01 15:05:19
34113,Field Repair Bot 110G,1269551,975410,356383,356000,3.56,2.74,43,2026-07-01 15:05:19
40077,Crazy Alchemist's Potion,96078,75425,26952,26898,3.56,2.8,2,2026-07-01 15:25:22
42902,Glyph of Bestial Wrath,190231,83031,53493,53493,3.56,1.55,13,2026-07-01 15:25:22
45737,Glyph of Living Bomb,245715,112235,69000,69000,3.56,1.63,9,2026-07-01 15:25:22
13046,Blanchard's Stout,94006,56404,200000,200000,2.13,3.55,1,2026-07-01 14:25:16
21902,Pattern: Soulcloth Gloves,888510,617449,250000,250000,3.55,2.47,1,2026-04-29 12:24:06
41453,Perfect Guardian's Shadow Crystal,106511,88683,30000,30000,3.55,2.96,2,2026-07-01 04:45:04
756,Tunnel Pick,35429,33425,9999,9999,3.54,3.34,2,2026-07-01 14:05:16
3292,Ancestral Tunic,9426,5656,20000,20000,2.12,3.54,1,2026-07-01 14:05:16
4563,Billy Club,4661,2797,9949,9900,2.13,3.54,2,2026-07-01 14:05:16
9295,Recipe: Invisibility Potion,16354,12184,48074,43100,2.94,3.54,12,2026-07-01 14:25:16
10938,Lesser Magic Essence,6837,4260,1934,1900,3.54,2.24,69,2026-07-01 14:25:16
34504,Adamantite Shell Machine,353956,76281,100000,100000,3.54,1.31,4,2026-06-29 10:45:22
41538,Glyph of Mana Tide Totem,206770,173626,58398,58398,3.54,2.97,18,2026-07-01 15:25:22
43613,The Dusk Blade,14502138,12713912,45000000,45000000,3.1,3.54,1,2026-07-01 15:25:22
45756,Glyph of Penance,244472,143644,69000,69000,3.54,2.08,9,2026-07-01 15:25:22
768,Lumberjack Axe,17666,7625,4999,4999,3.53,1.53,1,2026-07-01 14:05:16
3413,Doomspike,93841,56305,198750,198500,2.12,3.53,2,2026-07-01 14:05:16
9262,Black Vitriol,3680,1694,1043,1040,3.53,1.63,9,2026-07-01 14:25:16
13077,Girdle of Uther,81045,48627,171717,171717,2.12,3.53,1,2026-07-01 04:05:11
31255,Cloak of the Craft,211553,142697,60000,60000,3.53,2.38,1,2026-06-26 00:44:56
43495,Earthgiving Legguards,7075819,4245491,14979999,14979999,2.12,3.53,1,2026-07-01 15:25:22
45603,Glyph of Nourish,174785,69692,49498,49498,3.53,1.41,11,2026-07-01 15:25:22
6097,Acolyte's Shirt,293756,132410,83545,83545,3.52,1.58,1,2026-05-14 02:05:05
37782,Gauntlets of the Cheerful Hearth,96210,71004,250000,250000,2.6,3.52,1,2026-06-29 17:05:22
41975,Cobalt Gauntlets,151249,90749,319500,319000,2.11,3.52,2,2026-07-01 15:25:22
3416,Martyr's Chain,2015155,1031818,573302,573302,3.51,1.8,1,2026-06-28 02:45:36
4789,Stable Boots,35080,21048,10000,10000,3.51,2.1,1,2026-06-29 20:45:33
14412,Stonecloth Epaulets,29855,17913,8499,8499,3.51,2.11,1,2026-07-01 14:25:16
21894,Pattern: Bolt of Soulcloth,350815,210489,100000,100000,3.51,2.1,1,2026-07-01 14:45:20
40079,Lesser Flask of Toughness,174600,104760,49799,49799,3.51,2.1,43,2026-07-01 15:25:22
42643,Titanium Earthguard Ring,5695085,3417051,11999993,11999993,2.11,3.51,2,2026-07-01 15:25:22
42738,Glyph of Evocation,34631,33662,9877,9800,3.51,3.43,27,2026-07-01 15:25:22
1488,Avenger's Armor,100000,100000,350000,350000,3.5,3.5,1,2026-06-30 00:05:36
3474,Gemmed Copper Gauntlets,8577,5146,17999,17999,2.1,3.5,1,2026-06-30 04:05:31
4707,Lambent Scale Girdle,40284,23947,11500,11400,3.5,2.1,4,2026-07-01 14:05:16
7922,Steel Plate Helm,70029,61132,20000,20000,3.5,3.06,2,2026-07-01 14:25:16
11135,Greater Mystic Essence,12300,5375,3519,3000,3.5,1.79,149,2026-07-01 14:25:16
13073,Mugthol's Helm,95234,57140,200000,200000,2.1,3.5,1,2026-07-01 00:45:16
35615,Glowworm Cavern Bindings,204726,137421,58497,58497,3.5,2.35,5,2026-07-01 15:05:19
38971,Scroll of Enchant Bracers - Striking,256681,94676,331000,331000,1.29,3.5,4,2026-07-01 15:25:22
40908,Glyph of Innervate,234671,113913,66998,66998,3.5,1.7,13,2026-07-01 15:25:22
41095,Glyph of Hammer of Justice,13217,8465,3775,3700,3.5,2.29,28,2026-07-01 15:25:22
43351,Glyph of Feign Death,174593,92518,49832,49498,3.5,1.87,17,2026-07-01 15:25:22
2697,Recipe: Goretusk Liver Pie,40399,21453,11560,11500,3.49,1.87,8,2026-07-01 14:05:16
6239,Red Linen Vest,17466,10480,4999,4999,3.49,2.1,1,2026-06-24 23:25:16
15894,Bristlebark Buckler,20965,15629,6000,6000,3.49,2.6,1,2026-07-01 14:05:16
18254,Runn Tum Tuber Surprise,8025,6002,2300,2300,3.49,2.61,14,2026-06-23 07:45:07
20955,Golden Dragon Ring,6966,5770,1994,1990,3.49,2.9,56,2026-07-01 14:45:20
32228,Empyrean Sapphire,209519,148591,60000,60000,3.49,2.48,3,2026-07-01 15:05:19
45753,Glyph of Dispersion,237422,136877,68000,68000,3.49,2.01,10,2026-07-01 15:25:22
3057,Forest Leather Boots,16705,5138,4800,3000,3.48,1.71,2,2026-06-29 20:25:29
4602,Moon Harvest Pumpkin,1035,451,297,296,3.48,1.52,6,2026-07-01 14:05:16
4701,Inscribed Cloak,13924,8354,4000,4000,3.48,2.09,1,2026-06-29 21:05:36
29157,Golden Ring of Power,86565,51939,24897,24897,3.48,2.09,12,2026-07-01 15:05:19
30307,Pattern: Boots of the Crimson Hawk,6613331,6519419,1900000,1900000,3.48,3.43,1,2026-06-06 16:45:04
31282,Shroud of Spiritual Purity,235916,129485,450000,450000,1.91,3.48,1,2026-07-01 15:05:19
34068,Weighted Jack-o'-Lantern,22886,14376,49999,49999,2.18,3.48,7,2026-06-28 17:05:29
40737,Pigmented Clan Bindings,10535714,6321428,22000000,22000000,2.09,3.48,2,2026-05-10 20:24:58
41495,Perfect Potent Huge Citrine,94168,54959,191000,191000,2.03,3.48,5,2026-07-01 15:25:22
43131,Eaglebane Bracers,531309,318785,1110000,1110000,2.09,3.48,1,2026-07-01 12:05:10
1718,Basilisk Hide Pants,190052,114031,396500,396000,2.09,3.47,4,2026-07-01 14:05:16
7091,Pattern: Truefaith Gloves,8851,6401,2550,2500,3.47,2.56,2,2026-07-01 14:25:16
8313,Hero's Buckler,347046,332025,100000,100000,3.47,3.32,1,2026-06-28 09:05:29
13055,Bonechewer,100962,60577,350000,150000,3.47,2.48,2,2026-07-01 14:25:16
14635,Pattern: Gem-studded Leather Belt,208240,149824,60000,60000,3.47,2.5,1,2026-07-01 14:25:16
35564,Recipe: Charred Bear Kabobs,156674,94004,45200,45200,3.47,2.08,10,2026-07-01 15:05:19
41517,Glyph of Chain Heal,203984,86984,58800,58800,3.47,1.48,14,2026-07-01 15:25:22
45861,Diamond-tipped Cane,25960,5806,20456,20169,1.27,3.47,10,2026-07-01 15:25:22
2977,Veteran Armor,11426,6856,23722,23722,2.08,3.46,1,2026-07-01 03:45:06
14588,Hawkeye's Cord,28627,17176,59750,59500,2.09,3.46,2,2026-07-01 14:25:16
15007,Primal Cape,417,250,865,865,2.07,3.46,1,2026-06-29 09:05:34
21948,Design: Opal Necklace of Impact,94467,56680,27300,24800,3.46,2.29,2,2026-07-01 14:45:20
42903,Glyph of Deterrence,95026,69076,27498,25000,3.46,2.76,32,2026-07-01 15:25:22
851,Cutlass,2000,2000,6900,6900,3.45,3.45,1,2026-05-03 17:44:54
4258,Guardian Belt,68989,21553,20000,20000,3.45,1.08,1,2026-07-01 14:05:16
4624,Recipe: Lesser Stoneshield Potion,995805,597483,288999,288999,3.45,2.07,1,2026-06-30 18:45:13
34766,Poached Northern Sculpin,33785,20271,9800,9800,3.45,2.07,7,2026-07-01 11:05:12
37747,Beneficent Bulwark,217031,130219,449500,449000,2.07,3.45,2,2026-07-01 15:05:19
39947,Inscribed Huge Citrine,34513,21799,10000,10000,3.45,2.18,1,2026-07-01 15:25:22
50168,Technique: Glyph of Quick Decay,307494,184496,89190,89190,3.45,2.07,1,2026-06-30 05:25:23
2863,Coarse Sharpening Stone,922,727,2500,2500,2.71,3.44,19,2026-07-01 14:05:16
14468,Pattern: Runecloth Bag,162899,97739,559999,120000,3.44,1.23,3,2026-07-01 14:25:16
21072,Smoked Sagefish,6672,2545,1940,1940,3.44,1.31,20,2026-07-01 14:45:20
41116,Tempered Saronite Bracers,396380,363876,1250000,1250000,3.15,3.44,1,2026-07-01 15:25:22
5966,Guardian Gloves,18535,10881,5400,5400,3.43,2.02,3,2026-07-01 14:05:16
8845,Ghost Mushroom,29130,10743,8499,8499,3.43,1.26,9,2026-07-01 14:25:16
11026,Tree Frog Box,178460,114979,394500,394000,2.21,3.43,2,2026-07-01 14:25:16
13037,Crystalpine Stinger,28883,17330,59500,59500,2.06,3.43,1,2026-07-01 14:25:16
22787,Ragveil,12154,3918,3542,2499,3.43,1.57,335,2026-07-01 14:45:20
23590,Plans: Adamantite Maul,411509,283319,120000,120000,3.43,2.36,1,2026-06-06 02:05:06
29584,Throat Piercers,575975,209496,167799,165599,3.43,1.27,2,2026-07-01 15:05:19
39976,Enduring Dark Jade,33452,20071,9766,9700,3.43,2.07,9,2026-07-01 15:25:22
39981,Shining Dark Jade,31534,18920,9200,9200,3.43,2.06,2,2026-07-01 15:25:22
41101,Glyph of Avenger's Shield,226119,78130,65997,65997,3.43,1.18,15,2026-07-01 15:25:22
8170,Rugged Leather,37610,21569,11000,11000,3.42,1.96,3,2026-07-01 14:25:16
24201,Design: Lustrous Star of Elune,1196177,538268,349999,349999,3.42,1.54,1,2026-07-01 14:45:20
38863,Scroll of Enchant Boots - Greater Agility,120442,109823,35265,35199,3.42,3.12,17,2026-07-01 15:25:22
41801,Moonglow Cuttlefish,3632,1213,1063,1063,3.42,1.14,152,2026-07-01 15:25:22
3719,Hillman's Cloak,31699,19019,9300,9300,3.41,2.05,8,2026-07-01 14:05:16
3853,Moonsteel Broadsword,340540,288735,100000,100000,3.41,2.89,1,2026-07-01 14:05:16
14365,Mystic's Cape,10225,6135,3000,3000,3.41,2.04,1,2026-06-21 19:05:21
14368,Mystic's Shoulder Pads,5916,3550,1735,1735,3.41,2.05,1,2026-07-01 14:25:16
16055,Schematic: Arcane Bomb,356294,310101,104499,104499,3.41,2.97,6,2026-07-01 14:45:20
31323,Don Santos' Famous Hunting Rifle,2931217,1758730,5990000,5990000,2.04,3.41,1,2026-07-01 14:45:20
35197,Schematic: Quad Deathblow X44 Goggles,7608350,4565010,2230000,2230000,3.41,2.05,1,2026-02-20 16:02:33
41454,Perfect Infused Shadow Crystal,77483,46490,158499,158499,2.05,3.41,8,2026-07-01 15:25:22
43533,Glyph of Anti-Magic Shell,199809,158136,58584,57750,3.41,2.74,39,2026-07-01 15:25:22
44082,Impassive Starflare Diamond,681129,446859,200000,200000,3.41,2.23,1,2026-06-27 19:45:33
44923,Glyph of Thunderstorm,214985,128991,62993,62993,3.41,2.05,14,2026-07-01 15:25:22
3729,Soothing Turtle Bisque,1610,1351,4600,4600,2.86,3.4,4,2026-07-01 13:25:15
6408,Insignia Gloves,20480,11905,12999,3499,1.58,3.4,3,2026-07-01 14:25:16
8134,Myrmidon's Defender,49091,29455,100000,100000,2.04,3.4,1,2026-07-01 14:25:16
8281,Valorous Pauldrons,34037,20422,69500,69500,2.04,3.4,1,2026-07-01 14:25:16
15775,Pattern: Volcanic Shoulders,70046,52496,20600,20600,3.4,2.55,10,2026-07-01 14:45:20
29112,Cenarion Spirits,84992,65443,25000,25000,3.4,2.62,4,2026-07-01 15:05:19
40741,Cuffs of the Shadow Ascendant,6874971,4124983,14009999,14009999,2.04,3.4,1,2026-06-25 23:05:03
43464,Scroll of Agility VIII,8239,4347,14800,14800,1.8,3.4,2,2026-07-01 15:25:22
44575,Flask of Bitter Cactus Cider,33993,21350,10000,10000,3.4,2.13,20,2026-06-09 22:45:15
45764,Glyph of Shadow Dance,234263,137821,69000,69000,3.4,2.0,11,2026-07-01 15:25:22
45789,Glyph of Soul Link,170040,102024,50000,50000,3.4,2.04,15,2026-07-01 15:25:22
791,Gnarled Ash Staff,52976,43789,148750,148500,2.81,3.39,3,2026-07-01 14:05:16
4729,Aurora Mantle,24556,14734,50000,50000,2.04,3.39,1,2026-07-01 14:05:16
4830,Saber Leggings,84854,50912,25008,25008,3.39,2.04,1,2026-06-28 06:05:17
12052,Ring of the Moon,67477,42751,19900,19900,3.39,2.15,1,2026-07-01 14:25:16
44445,Scaled Icewalkers,678696,480313,199999,199999,3.39,2.4,1,2026-06-30 10:05:03
6391,Pattern: Stylish Green Shirt,10152,9497,3000,3000,3.38,3.17,8,2026-07-01 14:25:16
7373,Dusky Leather Leggings,33782,26435,10000,10000,3.38,2.64,3,2026-07-01 03:05:07
7920,Mithril Scale Pants,39411,23647,80000,80000,2.03,3.38,4,2026-07-01 02:25:10
10035,Tuxedo Pants,192584,49648,57000,57000,3.38,1.15,1,2026-07-01 14:25:16
15927,Bright Sphere,13743,10144,4800,3000,2.86,3.38,2,2026-07-01 14:45:20
40954,Spiked Cobalt Bracers,253272,177500,600000,600000,2.37,3.38,1,2026-07-01 15:25:22
41806,Musselback Sculpin,25848,15509,7650,7600,3.38,2.04,143,2026-07-01 15:25:22
43442,Swiftarrow Belt,796188,477713,1612500,1612500,2.03,3.38,3,2026-07-01 15:25:22
45060,Scroll of Enchant Staff - Spellpower,1082136,649282,319999,319999,3.38,2.03,10,2026-07-01 15:25:22
45813,Sky Sapphire Amulet,362069,295949,999500,999000,2.76,3.38,3,2026-07-01 15:25:22
4380,Big Bronze Bomb,5061,2822,1500,1500,3.37,1.88,60,2026-06-27 09:45:13
6368,Recipe: Rainbow Fin Albacore,33928,21550,10066,9800,3.37,2.2,8,2026-07-01 14:05:16
6475,Pattern: Deviate Scale Gloves,125633,75380,37261,37200,3.37,2.03,2,2026-07-01 14:25:16
13040,Heartseeking Crossbow,74210,44526,149969,149969,2.02,3.37,1,2026-07-01 14:25:16
14047,Runecloth,4723,2157,1400,1209,3.37,1.78,319,2026-07-01 14:25:16
30753,Warphorn Spear,242355,145413,490000,490000,2.02,3.37,1,2026-05-04 15:24:49
31275,Necklace of Trophies,173102,103861,350000,350000,2.02,3.37,1,2026-06-25 08:24:58
40899,Glyph of Growl,219349,92507,64994,64994,3.37,1.42,15,2026-07-01 15:25:22
10024,Black Mageweave Headband,38964,27565,11600,11600,3.36,2.38,6,2026-07-01 14:25:16
13113,Feathermoon Headdress,92331,91847,308715,308715,3.34,3.36,1,2026-06-29 09:45:28
14108,Felcloth Boots,216611,215600,64500,64500,3.36,3.34,3,2026-06-25 00:05:13
14446,Venomshroud Belt,35049,21029,70668,70668,2.02,3.36,2,2026-07-01 14:25:16
17203,Sulfuron Ingot,10091254,5363766,3000000,3000000,3.36,1.79,8,2026-07-01 14:45:20
18984,Dimensional Ripper - Everlook,2500000,2500000,8399999,8399999,3.36,3.36,1,2026-07-01 14:45:20
42910,Glyph of Multi-Shot,15122,9073,4500,4500,3.36,2.02,29,2026-07-01 15:25:22
45800,Glyph of Hungering Cold,198040,107890,59000,59000,3.36,1.83,10,2026-07-01 15:25:22
3845,Golden Scale Cuirass,28368,26887,90000,90000,3.17,3.35,2,2026-05-10 20:45:01
4036,Silver-thread Cuffs,16745,10047,5000,5000,3.35,2.01,1,2026-06-29 12:45:17
4390,Iron Grenade,8039,2913,2399,2399,3.35,1.21,20,2026-07-01 14:05:16
4625,Firebloom,15537,6010,4638,4599,3.35,1.31,123,2026-07-01 14:05:16
5976,Guild Tabard,33494,20096,10000,10000,3.35,2.01,1,2026-06-22 18:05:13
7930,Heavy Mithril Breastplate,62273,37364,125000,125000,2.01,3.35,1,2026-06-20 23:05:32
8956,Oil of Immolation,8681,5857,19600,19600,2.26,3.35,20,2026-07-01 14:25:16
9264,Elixir of Shadow Power,67037,58049,20000,20000,3.35,2.9,2,2026-07-01 14:25:16
21153,Raw Greater Sagefish,26446,15868,7900,7900,3.35,2.01,30,2026-07-01 14:45:20
22827,Elixir of Major Frost Power,33524,27488,10000,10000,3.35,2.75,3,2026-06-29 12:05:21
23426,Khorium Ore,21866,12106,40743,40581,1.86,3.35,178,2026-07-01 14:45:20
31226,Leggings of the Sly,186756,112054,375000,375000,2.01,3.35,1,2026-07-01 15:05:19
39342,Nether Pigment,43840,32644,13100,13099,3.35,2.49,100,2026-07-01 15:25:22
4060,Glyphed Leggings,41745,38983,12500,12500,3.34,3.12,1,2026-07-01 14:05:16
8278,Valorous Greaves,49664,29798,99750,99500,2.01,3.34,3,2026-07-01 14:25:16
21941,Design: Black Pearl Panther,264941,201058,79250,79000,3.34,2.55,2,2026-07-01 14:45:20
23112,Golden Draenite,91441,64999,27379,26198,3.34,2.48,50,2026-07-01 14:45:20
42404,Glyph of Mass Dispel,145689,74652,43600,43599,3.34,1.71,29,2026-07-01 15:25:22
42461,Glyph of Health Funnel,23352,14011,7000,6900,3.34,2.03,26,2026-07-01 15:25:22
3389,Elixir of Defense,28649,17189,8600,8600,3.33,2.0,3,2026-07-01 14:05:16
5489,Recipe: Lean Venison,166744,149085,50000,50000,3.33,2.98,3,2026-07-01 14:05:16
8068,Crafted Heavy Shot,20,12,6,6,3.33,2.0,1400,2026-05-30 01:05:20
13457,Greater Fire Protection Potion,31910,27652,92193,92193,2.89,3.33,40,2026-07-01 14:25:16
14578,Dokebi Cord,16640,9984,5000,5000,3.33,2.0,1,2026-06-25 22:25:03
18611,Gnarlpine Leggings,1500,1500,4999,4999,3.33,3.33,1,2026-06-11 03:44:43
18698,Tattered Leather Hood,150154,90092,299999,299999,2.0,3.33,1,2026-06-13 20:25:16
39349,Weapon Vellum,24954,10048,7500,7500,3.33,1.34,3,2026-07-01 15:25:22
39999,Bright Scarlet Ruby,364803,240601,894000,800000,2.45,3.33,14,2026-07-01 15:25:22
42954,Glyph of Adrenaline Rush,195758,78210,58800,58800,3.33,1.33,13,2026-07-01 15:25:22
43350,Glyph of Mend Pet,153852,67785,46151,40199,3.33,1.69,28,2026-07-01 15:25:22
1529,Jade,41446,12634,12475,12200,3.32,1.04,52,2026-07-01 14:05:16
3164,Discolored Worg Heart,1545,290,465,465,3.32,1.6,11,2026-07-01 14:05:16
6241,White Linen Robe,9972,6507,3000,3000,3.32,2.17,1,2026-07-01 14:05:16
7058,Crimson Silk Vest,16285,14154,4899,4799,3.32,2.95,18,2026-07-01 14:25:16
9487,Hi-tech Supergun,175754,105452,350000,350000,1.99,3.32,1,2026-07-01 14:25:16
23490,Fel Iron Chain Tunic,118527,105502,350000,350000,2.95,3.32,6,2026-06-29 15:05:21
25669,Thick Draenic Gloves,50167,30100,100000,100000,1.99,3.32,3,2026-06-07 05:45:15
27676,Strange Spores,2156,831,650,645,3.32,1.29,33,2026-07-01 15:05:19
34207,Glove Reinforcements,1507591,904555,3000000,3000000,1.99,3.32,1,2026-07-01 06:45:04
37364,Frostbridge Orb,652247,474139,196750,196500,3.32,2.41,2,2026-07-01 15:05:19
41540,Glyph of Lava Lash,13698,12706,4128,4000,3.32,3.18,30,2026-07-01 15:25:22
44325,Elixir of Accuracy,42863,25718,85499,85499,1.99,3.32,29,2026-07-01 15:25:22
5207,Opaque Wand,19686,11812,5949,5900,3.31,2.0,2,2026-07-01 14:05:16
5527,Goblin Deviled Clams,3100,1753,937,875,3.31,2.0,24,2026-07-01 14:05:16
5770,Robes of Arcana,491725,295035,148500,148500,3.31,1.99,5,2026-07-01 14:05:16
14763,Enduring Cape,21516,18786,6500,6500,3.31,2.89,1,2026-07-01 11:45:10
21301,Green Helper Box,994169,260891,299999,299999,3.31,1.15,1,2026-07-01 03:05:07
43455,Stormhide Crown,1950347,1739474,590000,590000,3.31,2.95,1,2026-07-01 15:25:22
2244,Krol Blade,505033,303020,1000000,1000000,1.98,3.3,1,2026-07-01 14:05:16
11611,Plans: Dark Iron Sunderer,151441,39936,190981,131987,1.26,3.3,2,2026-07-01 14:25:16
23098,Inscribed Flame Spessarite,8262,6773,2500,2500,3.3,2.71,9,2026-06-28 17:05:29
40909,Glyph of Rebirth,12208,11226,3745,3400,3.26,3.3,41,2026-07-01 15:25:22
2084,Darksteel Bastard Sword,32618,19571,9900,9900,3.29,1.98,1,2026-06-28 01:45:33
3415,Staff of the Friar,1150496,690298,349500,349000,3.29,1.98,2,2026-07-01 14:05:16
4477,Nefarious Buckler,27947,16768,8500,8500,3.29,1.97,1,2026-07-01 14:05:16
20967,Citrine Pendant of Golden Healing,65069,29890,19800,19800,3.29,1.51,1,2026-06-16 23:45:21
29528,Drums of War,329380,272685,100000,100000,3.29,2.73,1,2026-06-09 15:45:25
40110,Haunted Memento,57527813,34516688,17490000,17490000,3.29,1.97,1,2026-06-30 05:05:23
42338,Jade Dagger Pendant,413142,231081,759500,759500,1.84,3.29,1,2026-06-30 12:44:57
44456,Scroll of Enchant Cloak - Speed,159495,136697,453333,450000,2.84,3.29,8,2026-07-01 15:25:22
3428,Common Gray Shirt,62525,12150,39900,39800,1.57,3.28,2,2026-07-01 14:05:16
8250,Imperial Red Mantle,65501,36295,19999,19999,3.28,1.81,1,2026-07-01 02:25:10
20075,Recipe: Heavy Crocolisk Stew,163897,146127,50000,50000,3.28,2.92,4,2026-07-01 14:45:20
23094,Teardrop Blood Garnet,16263,14470,4965,4900,3.28,2.95,8,2026-07-01 14:45:20
37672,Patina-Coated Breastplate,457933,308392,139499,139499,3.28,2.21,6,2026-07-01 15:05:19
41485,Perfect Deft Huge Citrine,78978,54718,179500,179500,2.27,3.28,3,2026-07-01 15:25:22
911,Ironwood Treebranch,13193,12986,42400,42400,3.21,3.27,1,2026-06-30 20:45:13
2598,Pattern: Red Linen Robe,411,68,1344,89,3.27,1.31,4,2026-07-01 14:05:16
4235,Heavy Hide,81122,38981,24800,24800,3.27,1.57,21,2026-07-01 14:05:16
4236,Cured Heavy Hide,132036,98097,272499,30000,2.06,3.27,11,2026-07-01 14:05:16
4577,Compact Shotgun,10901,8224,26900,26900,2.47,3.27,1,2026-07-01 14:05:16
4726,Chief Brigadier Cloak,32750,26718,10000,10000,3.27,2.67,1,2026-07-01 14:05:16
8846,Gromsblood,28086,13542,8599,8500,3.27,1.59,45,2026-07-01 14:25:16
13067,Hydralick Armor,127525,76515,250000,250000,1.96,3.27,1,2026-06-30 15:45:07
21990,Netherweave Bandage,4169,3128,1275,1275,3.27,2.45,20,2026-07-01 13:05:13
46849,Titanium Powder,201168,155743,510000,509000,2.54,3.27,57,2026-07-01 15:25:22
1715,Polished Jazeraint Armor,126965,76179,248500,248000,1.96,3.26,6,2026-07-01 14:05:16
1944,Metalworking Gloves,16290,14243,5000,5000,3.26,2.85,1,2026-07-01 13:25:15
14573,Bristlebark Amice,14358,8615,4400,4400,3.26,1.96,1,2026-06-30 20:45:13
14767,Enduring Pauldrons,48916,41679,15000,15000,3.26,2.78,1,2026-06-28 14:45:16
38964,Scroll of Enchant Gloves - Greater Assault,232797,115811,379504,378000,1.63,3.26,37,2026-07-01 15:25:22
2865,Rough Bronze Leggings,7805,4683,2400,2400,3.25,1.95,2,2026-07-01 14:05:16
4309,Handstitched Linen Britches,8107,7172,2495,2495,3.25,2.87,15,2026-07-01 14:05:16
4348,Pattern: Phoenix Gloves,8137,6965,2500,2500,3.25,2.79,1,2026-07-01 14:05:16
4347,Pattern: Reinforced Woolen Shoulders,10810,6508,6000,2000,1.8,3.25,6,2026-07-01 14:05:16
11152,Formula: Enchant Gloves - Fishing,72130,55575,22222,22222,3.25,2.5,1,2026-07-01 14:25:16
13027,Bonesnapper,76992,46195,150000,150000,1.95,3.25,1,2026-07-01 14:25:16
23769,Red Smoke Flare,12804,7682,25000,25000,1.95,3.25,20,2026-07-01 14:45:20
28123,Potent Ornate Topaz,491772,295063,960000,960000,1.95,3.25,1,2026-02-26 16:42:36
28468,Rigid Amber,32539,27778,10000,10000,3.25,2.78,1,2026-03-17 03:02:43
39911,Runed Bloodstone,63057,37884,19399,19200,3.25,1.97,56,2026-07-01 15:25:22
42741,Glyph of Frost Nova,25610,22335,7881,7880,3.25,2.83,20,2026-07-01 15:25:22
43376,Glyph of Distract,162429,97457,50000,50000,3.25,1.95,30,2026-07-01 15:25:22
46372,Glyph of Survival Instincts,214169,95375,65797,65797,3.25,1.45,12,2026-07-01 15:25:22
4723,Humbert's Pants,19131,11479,5900,5900,3.24,1.95,2,2026-07-01 14:05:16
8288,Arcane Pads,64872,38923,20000,20000,3.24,1.95,1,2026-06-23 21:45:07
13118,Serpentine Sash,78913,69416,225000,225000,2.85,3.24,1,2026-07-01 14:25:16
13521,Recipe: Flask of Supreme Power,9710788,5826473,2999999,2999999,3.24,1.94,1,2026-06-29 15:25:19
35639,Brighthelm of Guarding,420145,352023,129749,129500,3.24,2.72,3,2026-07-01 15:05:19
38787,Scroll of Enchant Shield - Minor Stamina,3689,1859,1140,1140,3.24,1.63,2,2026-06-30 21:45:16
45785,Glyph of Life Tap,223762,97015,69000,69000,3.24,1.41,8,2026-07-01 15:25:22
4481,Cresting Charm,8383,2447,2599,2599,3.23,1.06,11,2026-07-01 14:05:16
6381,Bright Cloak,12118,9675,6450,3000,1.88,3.23,2,2026-07-01 14:05:16
9422,Shadowforge Bushmaster,108429,65057,209950,209900,1.94,3.23,2,2026-07-01 14:25:16
13026,Heaven's Light,102934,61760,199749,199500,1.94,3.23,5,2026-07-01 14:25:16
13465,Mountain Silversage,29786,26085,9229,8800,3.23,2.96,137,2026-07-01 14:25:16
20827,Ring of Silver Might,6133,3986,1898,1898,3.23,2.1,43,2026-07-01 14:45:20
43454,Stormhide Grips,1907629,1588921,590000,590000,3.23,2.69,1,2026-07-01 15:25:22
44087,Persistent Earthshatter Diamond,646872,388123,200000,200000,3.23,1.94,1,2026-06-30 04:25:28
12360,Arcanite Bar,193195,115917,60000,59999,3.22,1.93,38,2026-07-01 14:25:16
22276,Lovely Red Dress,153047,92917,299000,299000,1.95,3.22,1,2026-06-18 03:45:31
23572,Primal Nether,33939,24683,79666,79500,2.35,3.22,9,2026-07-01 14:45:20
29535,Nethercobra Leg Armor,19300000,19300000,6000000,6000000,3.22,3.22,1,2026-07-01 15:05:19
37745,Greenhealer's Garb,110051,108633,350000,350000,3.18,3.22,1,2026-07-01 13:05:13
6180,Slarkskin,25644,18741,8000,8000,3.21,2.34,1,2026-06-29 18:05:25
10602,Schematic: Deadly Scope,384624,199005,120000,120000,3.21,1.66,1,2026-07-01 14:25:16
13759,Raw Nightfin Snapper,22899,13739,7142,7142,3.21,1.92,23,2026-07-01 14:25:16
14453,Highborne Robes,103883,62330,199999,199998,1.93,3.21,2,2026-07-01 14:25:16
31139,Fist of Reckoning,155880,93528,300000,300000,1.92,3.21,1,2026-07-01 15:05:19
38937,Scroll of Enchant Bracer - Major Intellect,152083,91970,47366,47200,3.21,1.95,7,2026-07-01 15:25:22
41534,Glyph of Healing Wave,186999,80259,58200,58200,3.21,1.38,19,2026-07-01 15:25:22
43538,Glyph of Dark Command,211551,69578,65996,65996,3.21,1.05,19,2026-07-01 15:25:22
1711,Scroll of Stamina II,1397,540,436,419,3.2,1.29,20,2026-07-01 14:05:16
2701,Recipe: Seasoned Wolf Kabob,33890,14918,10600,10600,3.2,1.41,6,2026-07-01 14:05:16
5472,Kaldorei Spider Kabob,9152,6181,19800,19800,2.16,3.2,2,2026-07-01 05:24:59
22277,Red Dinner Suit,258180,123726,396500,396000,1.54,3.2,2,2026-07-01 14:45:20
23120,Stormy Azure Moonstone,16002,9601,4999,4999,3.2,1.92,8,2026-07-01 14:45:20
24338,Hellfire Spineleaf,651,391,1250,1250,1.92,3.2,16,2026-06-27 06:45:18
25844,Adamantite Rod,448285,305393,978000,978000,2.18,3.2,3,2026-07-01 14:45:20
45741,Glyph of Beacon of Light,220853,80646,69000,69000,3.2,1.17,8,2026-07-01 15:25:22
8202,Big Voodoo Pants,47775,28665,14999,14999,3.19,1.91,6,2026-07-01 14:25:16
13864,Runecloth Boots,95580,57348,30000,30000,3.19,1.91,16,2026-07-01 14:25:16
29160,Emerald Lion Ring,94966,47013,150000,150000,1.58,3.19,2,2026-07-01 15:05:19
38818,Scroll of Enchant Chest - Greater Mana,14367,8620,27500,27500,1.91,3.19,1,2026-06-27 15:45:14
38900,Scroll of Enchant Bracer - Superior Healing,3990000,3990000,1251446,1251446,3.19,3.19,1,2026-07-01 15:25:22
39946,Luminous Huge Citrine,31866,24070,9999,9999,3.19,2.41,1,2026-07-01 15:05:19
40950,Spiked Cobalt Shoulders,137667,122288,390000,390000,2.83,3.19,4,2026-07-01 15:25:22
42779,Steaming Chicken Soup,133459,80075,41800,41800,3.19,1.92,5,2026-06-28 21:05:35
4464,Trouncing Boots,23839,14303,7500,7500,3.18,1.91,1,2026-06-26 23:45:21
13479,Recipe: Elixir of the Sages,28153,12649,8850,8850,3.18,1.43,1,2026-07-01 14:25:16
42396,Glyph of Circle of Healing,206365,118462,64995,64995,3.18,1.82,16,2026-07-01 15:25:22
4385,Green Tinted Goggles,41447,15766,50000,50000,1.21,3.17,3,2026-07-01 14:05:16
12359,Thorium Bar,21806,8454,26919,26800,1.23,3.17,936,2026-07-01 14:25:16
12999,Drakewing Bands,52497,31498,100000,100000,1.9,3.17,1,2026-06-25 20:24:56
15996,Lifelike Mechanical Toad,870008,314053,994500,994000,1.14,3.17,2,2026-07-01 14:45:20
22850,Super Rejuvenation Potion,22512,15086,7099,7099,3.17,2.13,2,2026-07-01 14:45:20
43397,Glyph of Charge,173489,104093,54697,49596,3.17,2.1,12,2026-07-01 15:25:22
2264,Mantle of Thieves,336284,201770,636601,636601,1.89,3.16,1,2026-06-17 01:05:22
22393,Codex: Prayer of Shadow Protection,62387,30268,19749,19500,3.16,1.55,2,2026-07-01 14:45:20
27655,Ravager Dog,6008,5531,1900,1900,3.16,2.91,46,2026-07-01 10:25:15
4606,Spongy Morel,1140,379,362,362,3.15,1.05,3,2026-07-01 14:05:16
7553,Band of the Unicorn,30689,25782,9750,9500,3.15,2.71,6,2026-07-01 14:25:16
14169,Aboriginal Shoulder Pads,17819,13757,5650,5600,3.15,2.46,3,2026-07-01 14:25:16
23817,Schematic: Titanium Toolbox,260896,221863,82900,82900,3.15,2.68,1,2026-06-30 16:25:13
29727,Pattern: Gloves of the Living Touch,810617,563484,257600,257600,3.15,2.19,1,2026-07-01 15:05:19
35566,Recipe: Juicy Bear Burger,150447,113617,47800,47800,3.15,2.38,5,2026-07-01 15:05:19
38786,Scroll of Enchant Boots - Minor Agility,94286,60000,29900,29900,3.15,2.01,2,2026-05-14 09:06:03
39898,Cobra Hatchling,64709,23997,75750,75500,1.17,3.15,5,2026-07-01 15:25:22
42742,Glyph of Frostbolt,184937,84634,58800,58800,3.15,1.44,20,2026-07-01 15:25:22
12644,Dense Grinding Stone,3137,1748,1000,995,3.14,1.76,56,2026-07-01 14:25:16
13119,Enchanted Kodo Bracers,41825,25095,13300,13300,3.14,1.89,1,2026-07-01 13:05:13
13117,Ogron's Sash,60402,56686,178166,178000,2.95,3.14,8,2026-07-01 14:25:16
13453,Elixir of Brute Force,32486,26034,81800,81800,2.52,3.14,7,2026-07-01 04:05:11
33458,Scroll of Intellect VI,4169,1429,1328,1295,3.14,1.1,2,2026-07-01 15:05:19
34760,Grilled Bonescale,6590,3177,2100,2100,3.14,1.51,1,2026-06-23 17:05:02
44088,Powerful Earthshatter Diamond,627384,355227,200000,200000,3.14,1.78,2,2026-06-30 04:25:28
2091,Magic Dust,36272,21763,11600,11600,3.13,1.88,17,2026-07-01 14:05:16
2553,Recipe: Elixir of Minor Agility,9404,7547,3000,3000,3.13,2.52,1,2026-07-01 14:05:16
4055,Insignia Boots,26612,15967,50000,50000,1.88,3.13,1,2026-07-01 14:05:16
8305,Hero's Gauntlets,94582,56749,30241,30241,3.13,1.88,1,2026-06-06 15:05:00
13199,Crushridge Bindings,81553,73737,230500,230500,2.83,3.13,5,2026-07-01 14:25:16
13512,Flask of Supreme Power,625397,479730,200000,200000,3.13,2.4,1,2026-07-01 14:25:16
14421,Silksand Circlet,31094,27483,97250,80000,3.13,2.91,3,2026-07-01 14:25:16
15419,Warbear Leather,4944,2428,1582,1580,3.13,1.54,5,2026-07-01 14:25:16
17724,Pattern: Green Holiday Shirt,3056386,1117933,3500000,3500000,1.15,3.13,1,2026-07-01 14:45:20
38860,Scroll of Enchant Shield - Vitality,53001,31801,100000,99500,1.89,3.13,16,2026-07-01 15:25:22
1315,Lei of Lilies,112755,107489,335500,335000,2.98,3.12,2,2026-07-01 14:05:16
1491,Ring of Precision,136303,81782,254965,254965,1.87,3.12,1,2026-06-27 03:45:21
4401,Mechanical Squirrel Box,82240,48126,150000,150000,1.82,3.12,2,2026-07-01 14:05:16
8279,Valorous Helm,67352,64083,200000,200000,2.97,3.12,1,2026-07-01 14:25:16
11203,Formula: Enchant Gloves - Advanced Mining,21884,18913,59500,59000,2.72,3.12,4,2026-07-01 14:25:16
14373,Sanguine Belt,21807,13358,7000,7000,3.12,1.91,1,2026-06-29 19:05:23
37196,Runecaster's Mantle,310079,227005,99498,99498,3.12,2.28,6,2026-07-01 15:05:19
2889,Recipe: Beer Basted Boar Ribs,61657,49247,19800,19800,3.11,2.49,3,2026-07-01 14:05:16
14579,Dokebi Boots,24855,22251,8000,8000,3.11,2.78,1,2026-06-29 17:05:22
15748,Pattern: Heavy Scorpid Leggings,62178,37307,20000,20000,3.11,1.87,2,2026-07-01 14:45:20
18662,Heavy Leather Ball,25040,16193,50291,50291,2.01,3.11,1,2026-07-01 14:45:20
18665,The Eye of Shadow,3035752,1953733,976000,976000,3.11,2.0,1,2026-06-30 01:25:27
21765,Truesilver Healing Ring,30248,22156,9734,9699,3.11,2.28,74,2026-07-01 14:45:20
27688,Recipe: Ravager Dog,202027,173712,65000,65000,3.11,2.67,5,2026-07-01 15:05:19
40087,Powerful Rejuvenation Potion,55944,46400,17999,17999,3.11,2.58,3,2026-06-30 09:44:59
42103,Moonshroud Gloves,2857740,1560052,919999,919999,3.11,1.7,7,2026-07-01 15:25:22
42459,Glyph of Felguard,192965,78581,61992,61992,3.11,1.27,15,2026-07-01 15:25:22
43146,Weapon Vellum III,164779,111958,52940,52500,3.11,2.13,81,2026-07-01 15:25:22
38441,Cloak of Harsh Winds,349197,209518,650000,650000,1.86,3.1,1,2026-06-22 03:25:09
41117,Saronite Protector,322355,193413,600000,600000,1.86,3.1,1,2026-07-01 15:25:22
42955,Glyph of Ambush,5936,5131,1916,1914,3.1,2.68,14,2026-07-01 15:25:22
1443,Jeweled Amulet of Cainwyn,350387,210232,650000,650000,1.86,3.09,1,2026-07-01 14:05:16
1973,Orb of Deception,291145,261255,900000,800000,3.09,3.06,2,2026-07-01 14:05:16
3291,Ancestral Woollies,7718,4631,2950,1500,2.62,3.09,5,2026-07-01 14:05:16
8839,Blindweed,19097,10141,6188,6100,3.09,1.66,275,2026-07-01 14:25:16
12685,Plans: Radiant Belt,149369,108158,48357,48114,3.09,2.25,2,2026-07-01 14:25:16
13039,Skull Splitting Crossbow,67344,40406,127499,125000,1.89,3.09,2,2026-07-01 14:25:16
14805,Bloodlust Britches,106964,64178,198250,198000,1.85,3.09,4,2026-07-01 14:25:16
18661,Schematic: World Enlarger,308621,158485,100000,100000,3.09,1.58,1,2026-06-30 01:05:32
18741,Morlune's Bracer,104433,64432,198998,198998,1.91,3.09,5,2026-07-01 14:45:20
36977,Bindings of the Construct,463307,277984,150000,150000,3.09,1.85,1,2026-07-01 15:05:19
1394,Driftwood Club,10951,6571,3560,3560,3.08,1.85,1,2026-06-29 18:45:21
13856,Runecloth Belt,35064,21038,11400,11400,3.08,1.85,22,2026-07-01 14:25:16
20907,Solid Bronze Ring,14587,5440,4733,4700,3.08,1.16,17,2026-07-01 14:45:20
42993,Spicy Fried Herring,31720,16177,49800,49800,1.57,3.08,20,2026-07-01 07:45:09
43661,Book of Stars,215886,129532,399000,399000,1.85,3.08,2,2026-06-29 17:05:22
44253,Darkmoon Card: Greatness,64265118,48697965,197499500,150000000,3.07,3.08,2,2026-07-01 15:25:22
2840,Copper Bar,4928,2167,1606,1600,3.07,1.35,236,2026-07-01 14:05:16
4345,Pattern: Red Woolen Boots,3576,2146,1350,700,2.65,3.07,2,2026-07-01 14:05:16
4340,Gray Dye,1336,650,1995,1995,1.49,3.07,1,2026-07-01 14:05:16
7277,Handstitched Leather Bracers,921,329,2825,800,3.07,2.43,2,2026-07-01 14:25:16
9197,Elixir of Dream Vision,30717,13729,9999,9999,3.07,1.37,1,2026-07-01 14:25:16
13125,Elven Chain Boots,106738,64043,196507,196507,1.84,3.07,3,2026-07-01 14:25:16
23633,Plans: Runic Hammer,1011526,606916,330000,320000,3.07,1.9,4,2026-07-01 14:45:20
34832,Captain Rumsey's Lager,16869,3380,5499,5499,3.07,1.63,30,2026-07-01 07:05:06
39087,Cobalt Belt,201575,126610,389500,389000,1.93,3.07,2,2026-07-01 15:25:22
43338,Glyph of Revive Pet,142561,111033,46399,46399,3.07,2.39,16,2026-07-01 15:25:22
812,Glowing Brightwood Staff,301598,180959,553999,553999,1.84,3.06,1,2026-07-01 14:05:16
5775,Pattern: Black Silk Pack,30582,18349,10000,10000,3.06,1.83,1,2026-07-01 02:25:10
14757,Slayer's Pants,30599,29180,10000,10000,3.06,2.92,1,2026-06-24 19:45:16
23841,Gnomish Flame Turret,27571,19000,9000,9000,3.06,2.11,3,2026-04-18 20:02:33
29550,Tome of Conjure Water IX,78725,70723,25700,25000,3.06,2.83,2,2026-07-01 15:05:19
42407,Glyph of Shadow,200164,82511,65499,65499,3.06,1.26,14,2026-07-01 15:25:22
43355,Glyph of the Pack,166101,64873,54266,50000,3.06,1.3,28,2026-07-01 15:25:22
43543,Glyph of Frost Strike,36150,21690,11833,11500,3.06,1.89,18,2026-07-01 15:25:22
45766,Glyph of Fan of Knives,211458,111436,69000,69000,3.06,1.62,9,2026-07-01 15:25:22
4766,Feral Blade,45759,16771,14999,14999,3.05,1.12,1,2026-06-27 21:25:34
6399,Emblazoned Shoulders,18289,15306,6000,6000,3.05,2.55,1,2026-07-01 14:05:16
9485,Vibroblade,72639,55723,170000,170000,2.34,3.05,1,2026-07-01 14:25:16
12223,Meaty Bat Wing,299,179,98,95,3.05,1.88,28,2026-07-01 14:25:16
15758,Pattern: Devilsaur Gauntlets,457137,393150,150000,150000,3.05,2.62,1,2026-07-01 14:45:20
16215,Formula: Enchant Boots - Greater Stamina,64465,32576,99500,99500,1.54,3.05,1,2026-07-01 05:44:59
22578,Mote of Water,28346,16004,9300,9300,3.05,1.72,42,2026-07-01 14:45:20
40015,Thick Autumn's Glow,455764,301292,149499,139999,3.05,2.15,26,2026-07-01 15:25:22
41395,Bracing Earthsiege Diamond,885227,730459,289933,289900,3.05,2.52,8,2026-07-01 15:25:22
48933,Wormhole Generator: Northrend,381405,294931,899999,899999,2.36,3.05,3,2026-07-01 15:25:22
9427,Stonevault Bonebreaker,58897,52280,159000,159000,2.7,3.04,1,2026-07-01 07:45:09
11304,Fine Longbow,29937,17962,9850,9800,3.04,1.83,6,2026-07-01 14:25:16
12697,Plans: Radiant Boots,30748,28971,10099,10099,3.04,2.87,5,2026-07-01 14:25:16
14342,Mooncloth,760571,429418,250000,250000,3.04,1.72,1,2026-07-01 14:25:16
14759,Enduring Bracers,21261,12757,7000,7000,3.04,1.82,1,2026-06-21 19:45:27
14868,Warleader's Shoulders,146258,137937,420000,420000,2.87,3.04,3,2026-07-01 14:25:16
25847,Plans: Eternium Rod,576586,361113,189950,189900,3.04,1.9,2,2026-07-01 14:45:20
41185,Furious Saronite Beatstick,481757,478262,1454000,1454000,3.02,3.04,1,2026-06-30 06:45:16
2957,Journeyman's Vest,7564,5674,2500,2500,3.03,2.27,1,2026-07-01 12:45:09
3287,Tribal Pants,7564,3908,2500,2500,3.03,1.56,1,2026-06-29 11:05:18
3852,Golden Iron Destroyer,151370,90822,50000,50000,3.03,1.82,1,2026-02-11 03:42:43
7348,Fletcher's Gloves,38228,22937,69749,69500,1.82,3.03,4,2026-07-01 14:25:16
22457,Primal Mana,542288,357077,178900,170000,3.03,2.1,50,2026-07-01 14:45:20
23634,Plans: Fel Hardened Maul,1059575,635745,349500,349000,3.03,1.82,2,2026-07-01 14:45:20
39961,Pristine Huge Citrine,37213,32152,12300,12300,3.03,2.61,7,2026-07-01 15:25:22
44955,Glyph of Arcane Blast,84169,39249,27747,27600,3.03,1.42,26,2026-07-01 15:25:22
2852,Copper Chain Pants,3914,1688,1295,1295,3.02,1.3,13,2026-07-01 14:05:16
8130,Myrmidon's Greaves,52849,40200,17499,17499,3.02,2.3,3,2026-07-01 14:25:16
11208,Formula: Enchant Weapon - Demonslaying,17285,8938,26999,26999,1.56,3.02,5,2026-07-01 14:25:16
13870,Frostweave Gloves,43083,32323,97500,97500,2.26,3.02,8,2026-07-01 14:25:16
14418,Silksand Boots,19195,15902,48000,48000,2.5,3.02,1,2026-07-01 14:25:16
14673,Pridelord Cape,30452,18271,10100,10100,3.02,1.81,1,2026-07-01 03:05:07
36921,Autumn's Glow,341455,169508,113181,105000,3.02,1.61,40,2026-07-01 15:05:19
39084,Cobalt Helm,199741,132573,400000,400000,2.0,3.02,1,2026-07-01 15:25:22
4300,Pattern: Guardian Leather Bracers,6828,2627,7898,7898,1.16,3.01,4,2026-07-01 14:05:16
8387,Pattern: Big Voodoo Mask,7183,4978,16766,15000,2.33,3.01,8,2026-07-01 14:25:16
13018,Executioner's Cleaver,110911,66547,200000,200000,1.8,3.01,1,2026-06-30 16:25:13
16680,Beaststalker's Belt,150569,90341,50000,50000,3.01,1.81,1,2026-06-28 19:05:28
17720,Schematic: Snowmaster 9000,3875933,3243531,9750000,9750000,2.52,3.01,1,2026-07-01 14:45:20
38418,Nerubian Belt,301087,154856,100000,100000,3.01,1.55,1,2026-06-20 23:25:32
40090,Steady Forest Emerald,525384,315230,174666,159500,3.01,1.98,28,2026-07-01 15:25:22
45758,Glyph of Hymn of Hope,175674,100423,58300,58300,3.01,1.72,11,2026-07-01 15:25:22
2488,Gladius,10000,10000,30000,30000,3.0,3.0,1,2026-06-27 18:05:18
3309,Barbaric Loincloth,11041,9008,27000,27000,2.45,3.0,1,2026-07-01 00:45:16
4835,Elite Shoulders,60010,55841,20000,20000,3.0,2.79,1,2026-06-18 03:45:31
8349,Feathered Breastplate,750000,750000,249999,249999,3.0,3.0,2,2026-07-01 14:25:16
9392,Annealed Blade,104114,62468,187149,187149,1.8,3.0,4,2026-07-01 14:25:16
11226,Formula: Enchant Gloves - Riding Skill,283136,177001,94250,90000,3.0,1.97,2,2026-07-01 14:25:16
13935,Baked Salmon,5658,5271,15799,15799,2.79,3.0,30,2026-07-01 14:25:16
16827,Nightslayer Belt,449584,239636,150000,150000,3.0,1.6,1,2026-06-19 19:45:22
18298,Unbridled Leggings,240017,144010,80000,80000,3.0,1.8,1,2026-06-29 14:45:19
25895,Enigmatic Skyfire Diamond,330000,330000,110000,110000,3.0,3.0,1,2026-05-03 01:04:41
31342,The Ancient Scepter of Sue-Min,5549864,3329918,10000000,10000000,1.8,3.0,1,2026-07-01 12:25:09
32381,Schematic: Fused Wiring,143500,135787,47799,47700,3.0,2.85,3,2026-07-01 15:05:19
41463,Perfect Dazzling Dark Jade,55412,33247,99900,99900,1.8,3.0,5,2026-07-01 15:25:22
48114,Deviate Hatchling,5398471,4237532,1797500,1700000,3.0,2.49,2,2026-07-01 15:25:22
1997,Pressed Felt Robe,22771,20253,7608,7608,2.99,2.66,1,2026-05-25 05:05:54
4037,Silver-thread Pants,23159,17411,51995,51995,2.25,2.99,1,2026-06-30 14:25:12
4852,Flash Bomb,2699,2699,902,902,2.99,2.99,1,2026-05-24 15:46:02
10036,Tuxedo Jacket,444500,438525,148833,148500,2.99,2.95,8,2026-07-01 14:25:16
13488,Recipe: Transmute Life to Earth,177271,112395,59250,59000,2.99,1.91,5,2026-07-01 14:25:16
13869,Frostweave Tunic,59878,57979,20000,20000,2.99,2.9,1,2026-07-01 12:05:10
14565,Prospector's Woolies,50428,16710,49999,49999,1.01,2.99,1,2026-07-01 14:25:16
39975,Vivid Dark Jade,43588,16750,50000,50000,1.15,2.99,3,2026-06-21 02:45:22
41511,Bolt of Imbued Frostweave,107093,59569,178000,178000,1.66,2.99,40,2026-07-01 15:25:22
1447,Ring of Saviors,236360,141816,79250,79000,2.98,1.8,3,2026-07-01 14:05:16
1483,Face Smasher,447382,291332,150000,150000,2.98,1.94,1,2026-07-01 14:05:16
2976,Hunting Gloves,16765,10059,30000,30000,1.79,2.98,1,2026-07-01 14:05:16
4076,Mail Combat Boots,18172,13426,44900,40000,2.47,2.98,3,2026-07-01 14:05:16
6275,Pattern: Greater Adept's Robe,33133,30815,11100,11000,2.98,2.8,4,2026-07-01 14:05:16
22900,Recipe: Elixir of Camouflage,207628,124577,69647,69500,2.98,1.79,3,2026-07-01 14:45:20
44647,Violet Hat,279348,167609,500000,500000,1.79,2.98,1,2026-06-12 10:05:01
45734,Glyph of Scatter Shot,149106,115072,49999,49999,2.98,2.3,21,2026-07-01 15:25:22
45747,Glyph of Salvation,196691,81891,66000,66000,2.98,1.24,10,2026-07-01 15:25:22
14157,Pagan Mantle,2662,1597,897,895,2.97,1.78,5,2026-07-01 14:25:16
14826,Symbolic Gauntlets,39315,23589,70000,70000,1.78,2.97,1,2026-07-01 14:25:16
22845,Major Arcane Protection Potion,39478,16859,50000,50000,1.27,2.97,1,2026-06-25 14:25:04
31134,Blade of Misfortune,420882,252529,799499,750000,1.9,2.97,2,2026-07-01 15:05:19
31142,Blade of Trapped Knowledge,137516,82510,247500,245000,1.8,2.97,4,2026-07-01 15:05:19
35191,Schematic: Wonderheal XT68 Shades,4449776,2669866,1500000,1500000,2.97,1.78,1,2026-06-14 23:05:15
38873,Scroll of Enchant Weapon - Crusader,2205417,1655735,743000,743000,2.97,2.23,11,2026-07-01 15:25:22
40536,Explosive Decoy,5376,4441,1810,1809,2.97,2.45,144,2026-07-01 15:25:22
43534,Glyph of Heart Strike,196284,84172,65996,65996,2.97,1.28,25,2026-07-01 15:25:22
45767,Glyph of Tricks of the Trade,204988,89799,69000,69000,2.97,1.3,9,2026-07-01 15:25:22
12996,Band of Purification,56357,33814,100000,100000,1.77,2.96,1,2026-06-30 20:05:11
14849,Sunscale Helmet,61948,37169,110000,110000,1.78,2.96,1,2026-07-01 10:05:11
21747,Festival Firecracker,29566,27277,10000,10000,2.96,2.73,2,2026-05-18 19:45:23
31272,Crown of Endless Knowledge,281278,168767,500000,500000,1.78,2.96,1,2026-07-01 15:05:19
41389,Beaming Earthsiege Diamond,881043,610619,297959,296599,2.96,2.06,16,2026-07-01 15:25:22
42472,Glyph of Unstable Affliction,169165,84636,57186,56999,2.96,1.48,24,2026-07-01 15:25:22
43126,Ink of the Sea,58698,31714,19807,19800,2.96,1.6,1008,2026-07-01 15:25:22
4247,Hillman's Leather Gloves,10312,4643,3500,3500,2.95,1.33,4,2026-07-01 14:05:16
15779,Pattern: Frostsaber Tunic,44196,26518,15000,15000,2.95,1.77,2,2026-06-28 00:45:32
15870,Golden Skeleton Key,7122,3422,10101,10101,1.42,2.95,4,2026-06-27 14:05:03
37773,Shock-Inducing Girdle,98762,98141,290000,290000,2.94,2.95,1,2026-07-01 15:05:19
41807,Dragonfin Angelfish,29536,17722,9999,9800,2.95,1.81,614,2026-07-01 15:25:22
5485,Recipe: Fillet of Frenzy,88242,63376,30000,30000,2.94,2.11,2,2026-07-01 14:05:16
10570,Manslayer,411251,246751,139700,139500,2.94,1.77,4,2026-07-01 14:25:16
12799,Large Opal,92838,50354,149310,148000,1.61,2.94,60,2026-07-01 14:25:16
13100,Furen's Boots,67552,40531,119000,119000,1.76,2.94,1,2026-07-01 14:25:16
14473,Pattern: Ghostweave Belt,587405,134035,200000,200000,2.94,1.49,1,2026-07-01 14:25:16
38813,Scroll of Enchant Weapon - Lesser Beastslayer,132142,79285,45000,45000,2.94,1.76,2,2026-05-28 22:25:21
40051,Reckless Monarch Topaz,471482,222138,654000,654000,1.39,2.94,32,2026-07-01 15:25:22
41103,Glyph of Exorcism,83302,41238,28312,27499,2.94,1.5,24,2026-07-01 15:25:22
43379,Glyph of Blurred Speed,171209,68756,58200,58200,2.94,1.18,13,2026-07-01 15:25:22
43467,Scroll of Protection VII,2937,2890,8560,8500,2.91,2.94,14,2026-07-01 15:25:22
3473,Runed Copper Pants,7163,4298,12600,12600,1.76,2.93,1,2026-06-29 15:25:19
8301,Traveler's Spaulders,114288,68573,201000,201000,1.76,2.93,1,2026-07-01 14:25:16
8298,Traveler's Gloves,87270,77060,29800,29800,2.93,2.59,1,2026-06-30 16:25:13
10605,Schematic: Spellpower Goggles Xtreme,6343,2933,8766,8600,1.38,2.93,10,2026-07-01 14:25:16
13939,Recipe: Spotted Yellowtail,121506,72904,41466,41400,2.93,1.76,8,2026-07-01 14:25:16
15084,Wicked Leather Bracers,28010,22772,9548,9499,2.93,2.4,66,2026-07-01 14:25:16
21358,Pattern: Soul Pouch,175731,135820,60000,60000,2.93,2.26,1,2026-07-01 14:45:20
22795,Fel Blossom,2740,2299,934,934,2.93,2.46,5,2026-07-01 14:45:20
40099,Shining Forest Emerald,291062,223766,99500,99500,2.93,2.25,22,2026-07-01 15:25:22
5962,Guardian Pants,26300,15780,9000,9000,2.92,1.75,1,2026-06-28 06:25:15
11134,Lesser Mystic Essence,3699,2600,1265,1259,2.92,2.07,154,2026-07-01 14:25:16
15925,Journeyman's Stave,4031,3801,1381,1375,2.92,2.76,12,2026-07-01 14:45:20
25673,Wild Draenish Boots,117051,99360,290000,290000,2.48,2.92,1,2026-05-20 19:05:07
27678,Clefthoof Meat,7381,3047,9106,8900,1.23,2.92,161,2026-07-01 15:05:19
38790,Scroll of Enchant Cloak - Lesser Protection,9390,6850,20000,20000,2.13,2.92,5,2026-07-01 15:25:22
40199,Pygmy Suckerfish,14327,4317,12747,12600,1.12,2.92,836,2026-07-01 15:25:22
2059,Sentry Cloak,727262,393233,250000,250000,2.91,1.57,1,2026-06-30 20:45:13
6450,Silk Bandage,1009,315,347,347,2.91,1.1,80,2026-07-01 14:25:16
38868,Scroll of Enchant Weapon - Icy Chill,2912442,2493043,1000000,1000000,2.91,2.49,2,2026-02-11 18:02:40
45778,Glyph of Stoneclaw Totem,185930,93977,63995,63995,2.91,1.47,12,2026-07-01 15:25:22
50125,Glyph of Rapid Rejuvenation,184702,90826,63494,63494,2.91,1.43,11,2026-07-01 15:25:22
8119,Heraldic Breastplate,43054,25832,75250,75000,1.75,2.9,3,2026-07-01 14:25:16
11082,Greater Astral Essence,16857,8083,5814,5300,2.9,1.53,284,2026-07-01 14:25:16
15005,Primal Bands,6950,6950,3699,2400,1.88,2.9,2,2026-07-01 14:25:16
16703,Dreadmist Bracers,89997,72321,31000,31000,2.9,2.33,2,2026-06-30 19:05:13
29724,Pattern: Cobrascale Gloves,579177,262377,199500,110000,2.9,2.39,2,2026-07-01 15:05:19
31878,Design: Veiled Noble Topaz,1212794,727676,417999,417999,2.9,1.74,1,2026-07-01 15:05:19
38841,Scroll of Enchant Chest - Superior Mana,86405,51843,29800,29800,2.9,1.74,1,2026-06-26 23:45:21
40046,Deft Monarch Topaz,375653,226506,129579,129400,2.9,1.75,20,2026-07-01 15:25:22
45621,Elixir of Minor Accuracy,26785,16071,9235,7707,2.9,2.09,24,2026-07-01 14:25:16
45742,Glyph of Hammer of the Righteous,199975,76780,69000,69000,2.9,1.11,10,2026-07-01 15:25:22
4041,Aurora Cowl,32306,26984,78000,78000,2.41,2.89,1,2026-06-29 06:05:36
4680,Brackwater Cloak,2741,1645,950,950,2.89,1.73,1,2026-06-06 00:45:09
13127,Frostreaver Crown,169971,101983,295000,295000,1.74,2.89,1,2026-07-01 12:25:09
27498,Scroll of Agility V,4217,1053,1457,1439,2.89,1.37,15,2026-07-01 15:05:19
27685,Recipe: Lynx Steak,56000,33600,19400,19400,2.89,1.73,3,2026-07-01 15:05:19
41786,Design: Destructive Skyflare Diamond,297236,190993,102750,102500,2.89,1.86,6,2026-07-01 15:25:22
43132,Nightshock Hood,664219,398531,230000,230000,2.89,1.73,1,2026-03-22 00:22:31
44089,Trenchant Earthshatter Diamond,719783,286538,829342,829342,1.15,2.89,2,2026-07-01 15:25:22
730,Murloc Eye,147,69,199,199,1.35,2.88,34,2026-07-01 14:05:16
776,Vendetta,63635,38181,110000,110000,1.73,2.88,1,2026-07-01 11:05:12
4240,Woolen Bag,7199,4319,2500,2500,2.88,1.73,4,2026-07-01 14:05:16
12808,Essence of Undeath,77869,30031,27000,20000,2.88,1.5,139,2026-07-01 14:25:16
13091,Medallion of Grand Marshal Morris,57748,55578,160000,160000,2.77,2.88,1,2026-06-25 16:24:59
19287,Darkmoon Card: Heroism,2880444,705930,1000000,1000000,2.88,1.42,1,2026-06-28 21:05:35
22539,Formula: Enchant Shield - Intellect,431377,242484,150000,150000,2.88,1.62,1,2026-07-01 14:45:20
37759,Rhie-ay's Clutching Gauntlets,258249,154949,89750,89500,2.88,1.73,4,2026-07-01 15:05:19
41479,Perfect Timeless Dark Jade,86531,56473,30000,30000,2.88,1.88,5,2026-07-01 15:25:22
3472,Runed Copper Gauntlets,8211,4927,14137,14137,1.72,2.87,1,2026-07-01 00:05:18
3860,Mithril Bar,28679,13938,40000,40000,1.39,2.87,607,2026-07-01 14:05:16
4660,Walking Boots,28728,17237,10000,10000,2.87,1.72,1,2026-06-29 16:25:17
8175,Nightscape Tunic,127695,100449,44500,44500,2.87,2.26,1,2026-07-01 14:25:16
10624,Stinging Bow,110153,66092,190000,190000,1.72,2.87,2,2026-07-01 14:25:16
12410,Thorium Helm,96903,64504,33799,33799,2.87,1.91,6,2026-07-01 14:25:16
21213,Preserved Holly,28075,16845,48399,48399,1.72,2.87,7,2026-07-01 14:45:20
31671,Serpent Flesh,6608,5462,2300,2300,2.87,2.37,41,2026-07-01 15:05:19
37794,Torta's Oversized Choker,301247,180748,105113,105113,2.87,1.72,1,2026-07-01 15:05:19
42743,Glyph of Ice Armor,16962,16029,5911,5799,2.87,2.76,26,2026-07-01 15:25:22
43545,Glyph of Icebound Fortitude,174921,70829,61000,61000,2.87,1.16,16,2026-07-01 15:25:22
47,Footpad's Shoes,199999,199999,70000,70000,2.86,2.86,1,2026-04-02 18:22:42
892,Gnoll Casting Gloves,20000,20000,7000,7000,2.86,2.86,1,2026-06-10 23:04:50
14435,Windchaser Cinch,52794,37803,108132,108132,2.05,2.86,4,2026-06-30 08:05:15
15937,Hibernal Sphere,37557,27609,79250,79000,2.11,2.86,2,2026-07-01 14:45:20
16221,Formula: Enchant Chest - Major Health,147822,97379,51749,51500,2.86,1.89,5,2026-07-01 14:45:20
16716,Wildheart Belt,95912,79590,33500,29500,2.86,2.7,3,2026-07-01 12:05:10
28053,Wicked Arrow,7,7,20,20,2.86,2.86,2877,2026-05-06 18:44:35
37764,Corehound Fang Shoulderpads,154871,153802,439900,439900,2.84,2.86,1,2026-07-01 04:05:11
40669,Tempered Saronite Belt,561214,435491,1248749,1247500,2.23,2.86,2,2026-07-01 15:25:22
2570,Linen Cloak,5414,3248,1898,1898,2.85,1.71,1,2026-06-28 23:05:46
3174,Spider Ichor,68,34,97,97,1.43,2.85,12,2026-07-01 14:05:16
4077,Mail Combat Headguard,28246,20602,9900,9900,2.85,2.08,1,2026-07-01 00:25:17
19774,Souldarite,44862,19275,55000,55000,1.23,2.85,5,2026-07-01 14:45:20
21929,Flame Spessarite,31640,9503,27839,27099,1.14,2.85,14,2026-07-01 14:45:20
29958,Blue Dragonhawk Hatchling,441489,264893,756250,756250,1.71,2.85,2,2026-07-01 09:45:12
37824,Gwyneth's Runed Dragonwand,356199,213719,125000,120000,2.85,1.78,3,2026-07-01 15:05:19
40092,Seer's Forest Emerald,490448,485490,171991,171991,2.85,2.82,5,2026-07-01 15:25:22
50077,Glyph of Quick Decay,182301,156297,63994,63994,2.85,2.44,11,2026-07-01 15:25:22
3478,Coarse Grinding Stone,3273,1964,5577,5577,1.7,2.84,179,2026-07-01 14:05:16
6348,Formula: Enchant Weapon - Minor Beastslayer,5247,2614,7462,7425,1.42,2.84,3,2026-07-01 14:05:16
6796,Red Swashbuckler's Shirt,23066,14011,39799,39799,1.73,2.84,2,2026-07-01 14:25:16
8320,Alabaster Shield,113787,68272,40000,40000,2.84,1.71,1,2026-07-01 13:25:15
14831,Symbolic Crown,41137,24682,70000,70000,1.7,2.84,1,2026-06-30 15:45:07
15752,Pattern: Living Leggings,30432,17608,50000,50000,1.64,2.84,1,2026-06-28 17:45:22
31284,Bracers of Recklessness,234503,140702,399999,399999,1.71,2.84,1,2026-06-26 13:24:51
38867,Scroll of Enchant Chest - Major Mana,168645,28176,79999,79999,2.11,2.84,1,2026-06-26 05:44:59
39919,Solid Chalcedony,25577,16062,9009,8999,2.84,1.78,94,2026-07-01 15:25:22
40305,Spaulders of Egotism,20922805,13557500,7365000,6500000,2.84,2.09,2,2026-07-01 15:25:22
43657,Royal Guide of Escape Routes,197639,87932,69498,69498,2.84,1.27,1,2026-06-30 06:45:16
44443,Dark Nerubian Leggings,341198,204719,120000,120000,2.84,1.71,1,2026-07-01 15:25:22
944,Elemental Mage Staff,317948,308570,899999,800000,2.83,2.59,2,2026-07-01 14:05:16
11302,Uther's Strength,232659,139595,394833,394833,1.7,2.83,1,2026-07-01 14:25:16
14452,Highborne Pauldrons,54545,32727,19305,19305,2.83,1.7,1,2026-07-01 14:25:16
14760,Enduring Breastplate,23527,14116,44375,40000,1.89,2.83,2,2026-07-01 14:25:16
18562,Elementium Ore,3280504,2417989,1157499,1157499,2.83,2.09,1,2026-07-01 14:45:20
29292,Helboar Bacon,7623,4574,2698,2698,2.83,1.7,6,2026-07-01 15:05:19
32062,Elixir of Major Fortitude,32394,19436,11428,11428,2.83,1.7,18,2026-06-28 21:05:35
35562,Bear Flank,56503,43034,19999,19999,2.83,2.15,26,2026-07-01 15:05:19
40895,Gnomish X-Ray Specs,856633,513980,1456700,1456700,1.7,2.83,1,2026-07-01 14:45:20
41490,Perfect Glimmering Huge Citrine,90764,40733,32100,32000,2.83,1.27,4,2026-07-01 15:25:22
43342,Glyph of Fading,112345,68866,39648,39498,2.83,1.74,11,2026-07-01 15:25:22
43539,Glyph of Death's Embrace,165741,99445,58500,58500,2.83,1.7,17,2026-07-01 15:25:22
45793,Glyph of Vigilance,178035,158826,62993,62993,2.83,2.52,12,2026-07-01 15:25:22
4609,Recipe: Barbecued Buzzard Wing,125388,76269,44400,44400,2.82,1.72,5,2026-07-01 14:05:16
4837,Strength of Will,25360,25277,9000,9000,2.82,2.81,1,2026-07-01 14:05:16
8544,Mageweave Bandage,1957,914,694,694,2.82,1.32,23,2026-07-01 14:25:16
13943,Recipe: Hot Smoked Bass,162617,140101,57750,57500,2.82,2.44,3,2026-07-01 14:25:16
16710,Shadowcraft Bracers,74370,71016,209999,100000,2.82,1.41,3,2026-07-01 14:45:20
20744,Minor Wizard Oil,27890,4169,9900,9900,2.82,2.37,2,2026-07-01 14:45:20
31151,Girdle of Siege,133363,88703,250000,250000,1.87,2.82,1,2026-07-01 07:05:06
38350,"Winterfin ""Depth Charge""",3550,3550,10000,10000,2.82,2.82,6,2026-05-25 09:06:01
38877,Scroll of Enchant Weapon - Spellpower,2816529,1689917,1000000,1000000,2.82,1.69,1,2026-01-05 20:23:17
41450,Perfect Balanced Shadow Crystal,62365,37419,22100,22000,2.82,1.7,6,2026-07-01 15:25:22
42908,Glyph of Immolation Trap,23182,13909,8218,8000,2.82,1.74,34,2026-07-01 15:25:22
44947,Scroll of Enchant Bracer - Major Stamina,1257991,868726,2449275,2448800,1.95,2.82,12,2026-07-01 15:25:22
1645,Moonberry Juice,1090,356,388,386,2.81,1.08,24,2026-07-01 14:05:16
4363,Copper Modulator,1068,359,380,380,2.81,1.06,17,2026-07-01 14:05:16
5749,Scythe Axe,44295,16914,47500,47500,1.07,2.81,1,2026-06-28 01:45:33
7057,Green Silken Shoulders,28109,16865,9996,9996,2.81,1.69,4,2026-07-01 14:25:16
7276,Handstitched Leather Cloak,2249,778,800,800,2.81,1.03,1,2026-07-01 13:45:14
13057,Bloodpike,29609,17765,49900,49900,1.69,2.81,1,2026-07-01 14:25:16
15777,Pattern: Runic Leather Shoulders,226826,120884,80622,80622,2.81,1.5,1,2026-06-29 20:45:33
25649,Knothide Leather Scraps,5565,3318,1978,1970,2.81,1.68,433,2026-07-01 14:45:20
32535,Gift of the Talonpriests,296842,178105,500000,500000,1.68,2.81,1,2026-04-06 00:02:23
3288,Tribal Vest,10626,5879,3800,3800,2.8,1.55,1,2026-07-01 07:05:06
4399,Wooden Stock,2980,1788,5000,5000,1.68,2.8,1,2026-03-13 19:42:43
7786,Headsplitter,125221,75133,44700,44600,2.8,1.68,4,2026-07-01 14:25:16
14574,Bristlebark Britches,19607,17215,7000,7000,2.8,2.46,1,2026-07-01 06:05:01
15045,Green Dragonscale Breastplate,699000,699000,250000,250000,2.8,2.8,1,2026-04-27 18:43:47
16110,Recipe: Monster Omelet,113010,67806,40400,40400,2.8,1.68,5,2026-07-01 14:45:20
38435,Nerubian Bracers,294065,172283,105050,105050,2.8,1.64,1,2026-06-22 05:45:03
38821,Scroll of Enchant Weapon - Striking,139791,83875,49900,49900,2.8,1.68,1,2026-06-29 21:25:40
40901,Glyph of Shred,23815,14289,66749,40000,2.8,2.8,23,2026-07-01 15:25:22
5095,Rainbow Fin Albacore,6978,1817,2500,2500,2.79,1.38,34,2026-06-28 15:45:23
6240,Blue Linen Vest,20907,12544,7500,7500,2.79,1.67,4,2026-06-26 16:05:04
7049,Truefaith Gloves,29835,17901,50000,50000,1.68,2.79,1,2026-06-29 06:05:36
7753,Bloodspiller,72510,43506,25999,25999,2.79,1.67,4,2026-07-01 14:25:16
14426,Silksand Girdle,26883,21360,75000,50000,2.79,2.34,2,2026-07-01 14:25:16
16850,Giantstalker's Bracers,773973,358394,1000000,1000000,1.29,2.79,1,2026-07-01 14:45:20
18296,Marksman Bands,138815,83289,49800,49800,2.79,1.67,1,2026-07-01 12:05:10
22890,Tome of Frost Ward V,55528,51127,19900,19800,2.79,2.58,5,2026-07-01 14:45:20
31202,Girdle of Divine Blessing,179514,107708,330000,300000,1.84,2.79,2,2026-07-01 15:05:19
41584,Frostbite Bullets,24,14,39,39,1.62,2.79,10000,2026-03-04 18:22:50
43356,Glyph of Scare Beast,132026,73452,47399,47399,2.79,1.55,19,2026-07-01 15:25:22
48126,Razzashi Hatchling,33836390,23054617,64161943,64161943,1.9,2.78,1,2026-07-01 15:25:22
4838,Orb of Power,24935,13708,9000,9000,2.77,1.52,1,2026-07-01 14:05:16
13146,Shell Launcher Shotgun,102197,61318,234500,170000,2.29,2.77,4,2026-07-01 14:25:16
13945,Recipe: Nightfin Soup,126827,76096,45749,45600,2.77,1.67,11,2026-07-01 14:25:16
14723,War Paint Bindings,13162,7897,4744,4488,2.77,1.76,2,2026-06-28 22:45:45
15947,Sanguine Star,16617,9970,5999,5999,2.77,1.66,1,2026-07-01 14:45:20
40109,Elixir of Mighty Mageblood,44905,22765,62962,62962,1.4,2.77,6,2026-07-01 15:25:22
40900,Glyph of Mangle,177206,72417,63898,63898,2.77,1.13,10,2026-07-01 15:25:22
4293,Pattern: Hillman's Leather Vest,2877,1105,2150,400,1.34,2.76,5,2026-07-01 14:05:16
5180,Necklace of Harmony,55236,40578,20000,20000,2.76,2.03,1,2026-07-01 14:05:16
9424,Ginn-su Sword,218770,131262,603500,208000,2.76,1.58,3,2026-07-01 14:25:16
14414,Stonecloth Belt,18110,10866,30000,30000,1.66,2.76,1,2026-07-01 14:25:16
30419,Brilliant Necklace,19289,16221,6999,6999,2.76,2.32,1,2026-07-01 07:45:09
41255,Green Workman's Shirt,211043,126626,350000,350000,1.66,2.76,1,2026-07-01 15:25:22
45602,Glyph of Wild Growth,190294,84892,68999,68999,2.76,1.23,8,2026-07-01 15:25:22
4705,Lambent Scale Pauldrons,27498,16499,10000,10000,2.75,1.65,1,2026-07-01 14:05:16
6311,22 Pound Catfish,56953,38333,20700,20600,2.75,1.86,3,2026-07-01 14:05:16
8142,Chromite Barbute,63972,36409,100000,100000,1.56,2.75,1,2026-07-01 14:25:16
12210,Roast Raptor,3284,2950,1195,1195,2.75,2.47,11,2026-07-01 09:05:05
14406,Resilient Cord,18167,12882,6606,6606,2.75,1.95,1,2026-07-01 14:25:16
16224,Formula: Enchant Cloak - Superior Defense,202916,121750,73750,73500,2.75,1.66,3,2026-07-01 14:45:20
33872,Spicy Hot Talbuk,43924,26354,16000,16000,2.75,1.65,20,2026-06-24 03:25:27
41500,Perfect Stalwart Huge Citrine,89025,79728,32400,32400,2.75,2.46,3,2026-07-01 15:25:22
43590,Polar Vest,7313899,4283306,11780000,11780000,1.61,2.75,1,2026-07-01 06:45:04
1664,Spellforce Rod,57669,34601,94651,94651,1.64,2.74,1,2026-07-01 14:05:16
4073,Glimmering Mail Greaves,30403,18242,50000,50000,1.64,2.74,1,2026-06-30 20:45:13
4826,Marauder Axe,48589,29153,79996,79996,1.65,2.74,1,2026-07-01 14:05:16
12424,Imperial Plate Belt,109558,65735,39999,39999,2.74,1.64,1,2026-05-27 01:05:43
21858,Spellfire Bag,9539494,5723696,3480000,3480000,2.74,1.64,1,2026-07-01 14:45:20
34861,Sharpened Fish Hook,5480,4434,1999,1999,2.74,2.22,4,2026-06-28 12:05:25
38810,Scroll of Enchant Boots - Lesser Stamina,18226,10936,30000,30000,1.65,2.74,2,2026-06-30 03:45:28
41440,Perfect Lustrous Chalcedony,54239,41605,19800,19800,2.74,2.1,1,2026-06-30 20:45:13
42971,Glyph of Vigor,183740,92680,66998,66998,2.74,1.38,13,2026-07-01 15:25:22
809,Bloodrazor,519807,311884,850000,850000,1.64,2.73,1,2026-07-01 14:05:16
2100,Precisely Calibrated Boomstick,304160,182496,498999,498998,1.64,2.73,3,2026-07-01 14:05:16
12979,Firebane Cloak,54656,32794,20000,20000,2.73,1.64,1,2026-07-01 14:25:16
13013,Elder Wizard's Mantle,91293,54776,149500,149500,1.64,2.73,1,2026-07-01 14:25:16
14526,Pattern: Mooncloth,163554,140278,60000,60000,2.73,2.34,1,2026-07-01 14:25:16
14850,Sunscale Legplates,48777,29266,80000,80000,1.64,2.73,1,2026-06-29 03:45:43
14860,Vanguard Pauldrons,135972,81583,49800,49800,2.73,1.64,1,2026-07-01 09:25:09
15300,Grizzly Gloves,3829,2297,1400,1400,2.73,1.64,1,2026-07-01 14:25:16
18744,Plaguebat Fur Gloves,126995,76197,208199,208199,1.64,2.73,1,2026-07-01 14:45:20
45769,Glyph of Cloak of Shadows,159060,57005,58300,58300,2.73,1.02,12,2026-07-01 15:25:22
1679,Korg Bat,28541,17125,46500,46500,1.63,2.72,1,2026-06-28 12:05:25
2099,Dwarven Hand Cannon,241240,144744,393500,393000,1.63,2.72,2,2026-07-01 14:05:16
3000,Brood Mother Carapace,27245,15000,10000,10000,2.72,1.5,1,2026-06-25 13:45:01
4716,Combat Cloak,16344,9806,6000,5000,2.72,1.96,2,2026-07-01 14:05:16
20745,Minor Mana Oil,12175,9186,25000,25000,2.05,2.72,1,2026-06-28 21:45:42
24105,Roasted Moongraze Tenderloin,1592,733,585,585,2.72,1.25,5,2026-07-01 14:45:20
29548,Nether Dragonscales,27170,23855,10000,10000,2.72,2.39,5,2026-07-01 07:45:09
38082,"""Gigantique"" Bag",19074986,11444992,7000000,7000000,2.72,1.63,1,2026-05-13 23:45:14
38965,Scroll of Enchant Weapon - Icebreaker,5194972,4451484,1912600,1905000,2.72,2.34,4,2026-07-01 15:25:22
1448,Blackrock Gauntlets,17655,15578,6507,6507,2.71,2.39,1,2026-06-30 14:45:07
4601,Soft Banana Bread,1777,655,655,655,2.71,1.0,1,2026-07-01 14:05:16
4828,Nightwind Belt,28246,21614,58500,58500,2.07,2.71,1,2026-07-01 11:05:12
14766,Enduring Breeches,20759,13391,56250,12500,2.71,1.07,2,2026-07-01 14:25:16
15890,Vanguard Shield,108573,65144,40000,40000,2.71,1.63,1,2026-06-26 09:24:51
27657,Blackened Basilisk,615,369,1000,1000,1.63,2.71,20,2026-06-27 15:25:12
37795,Grips of the Valiant Champion,149555,89733,243602,243602,1.63,2.71,1,2026-06-30 05:25:23
39978,Forceful Dark Jade,32563,21133,12000,12000,2.71,1.76,3,2026-07-01 15:25:22
45770,Glyph of Thunder,173368,83686,63995,63995,2.71,1.31,12,2026-07-01 15:25:22
2039,Plains Ring,170140,102084,275724,275724,1.62,2.7,1,2026-07-01 14:05:16
12207,Giant Egg,16091,9036,24783,24400,1.54,2.7,41,2026-07-01 14:25:16
15738,Pattern: Heavy Scorpid Gauntlets,133806,80284,49500,49500,2.7,1.62,1,2026-06-15 10:05:17
20747,Lesser Mana Oil,32167,19300,11899,11700,2.7,1.65,49,2026-07-01 14:45:20
21305,Red Helper Box,934489,462188,1247500,1247500,1.33,2.7,1,2026-06-29 21:45:34
22825,Elixir of Healing Power,16175,14521,6000,6000,2.7,2.42,18,2026-07-01 14:45:20
25906,Design: Brutal Earthstorm Diamond,1610972,366431,989499,989000,1.63,2.7,2,2026-07-01 14:45:20
41525,Mystic Frostwoven Robe,197778,166566,450000,450000,2.28,2.7,1,2026-07-01 15:25:22
43860,Brilliant Saronite Belt,260683,156410,96499,96499,2.7,1.62,10,2026-07-01 15:25:22
45740,Glyph of Ice Barrier,189090,88992,69999,69999,2.7,1.27,10,2026-07-01 15:25:22
3426,Bold Yellow Shirt,49847,29585,79749,79500,1.6,2.69,2,2026-07-01 14:05:16
3840,Green Iron Shoulders,23957,14374,8900,8900,2.69,1.62,1,2026-07-01 14:05:16
4479,Burning Charm,14966,13469,6491,5000,2.31,2.69,11,2026-07-01 14:05:16
8280,Valorous Legguards,55795,33477,90000,90000,1.61,2.69,1,2026-07-01 11:05:12
8827,Elixir of Water Walking,13635,7374,22200,19800,1.63,2.69,222,2026-07-01 14:25:16
8949,Elixir of Agility,11370,10747,4461,3999,2.55,2.69,111,2026-07-01 14:25:16
10302,Pattern: Red Mageweave Pants,22189,16216,8250,8200,2.69,1.98,4,2026-07-01 14:25:16
10374,Imbued Plate Pauldrons,134316,96805,50000,50000,2.69,1.94,1,2026-07-01 14:25:16
10582,Briar Tredders,50000,50000,134300,134300,2.69,2.69,1,2026-07-01 06:45:04
13124,Ravasaur Scale Boots,92808,55685,154495,150000,1.66,2.69,2,2026-07-01 14:25:16
21887,Knothide Leather,39850,25904,14800,14800,2.69,1.75,82,2026-07-01 14:45:20
33053,Hot Buttered Trout,2728,1637,4400,4400,1.61,2.69,2,2026-06-27 06:45:18
41380,Austere Earthsiege Diamond,942855,491736,349897,349896,2.69,1.41,14,2026-07-01 15:25:22
41492,Perfect Inscribed Huge Citrine,67197,40318,108500,108500,1.61,2.69,3,2026-07-01 15:25:22
43380,Glyph of Vanish,178487,90377,66398,66398,2.69,1.36,14,2026-07-01 15:25:22
43426,Glyph of Last Stand,164141,75769,61000,61000,2.69,1.24,18,2026-07-01 15:25:22
1981,Icemail Jerkin,184872,110923,297500,297000,1.61,2.68,2,2026-07-01 14:05:16
2964,Burnt Leather Gloves,2500,2500,932,932,2.68,2.68,1,2026-06-29 06:25:39
3841,Golden Scale Shoulders,15549,9329,24999,24999,1.61,2.68,1,2026-07-01 12:25:09
4684,Spellbinder Belt,1073,644,400,400,2.68,1.61,1,2026-06-08 01:45:18
8258,Serpentskin Armor,134171,80503,50000,50000,2.68,1.61,1,2026-06-28 20:25:34
8491,Cat Carrier (Black Tabby),11409746,9067141,4250000,4250000,2.68,2.13,1,2026-07-01 14:25:16
14783,Khan's Belt,24853,14912,40000,40000,1.61,2.68,1,2026-07-01 14:25:16
16684,Magister's Gloves,118422,39156,105131,105000,1.13,2.68,4,2026-07-01 14:45:20
23488,Fel Iron Plate Pants,133781,122720,50000,50000,2.68,2.45,1,2026-06-17 07:05:25
29728,Pattern: Windslayer Wraps,667184,262734,249000,249000,2.68,1.06,1,2026-07-01 15:05:19
40044,Glinting Monarch Topaz,550549,330329,884999,884999,1.61,2.68,4,2026-07-01 15:25:22
41105,Glyph of Flash of Light,93170,55640,34712,34497,2.68,1.61,22,2026-07-01 15:25:22
43398,Glyph of Mocking Blow,150168,109313,56099,55500,2.68,1.97,15,2026-07-01 15:25:22
43667,Book of Clever Tricks,268011,232910,100000,100000,2.68,2.33,1,2026-06-30 00:05:36
44466,Scroll of Enchant Weapon - Superior Potency,3278647,2365982,6349499,6349499,1.94,2.68,6,2026-07-01 15:25:22
4069,Blackforge Buckler,47059,41226,110749,110000,2.35,2.67,2,2026-07-01 14:05:16
4312,Soft-soled Linen Boots,16030,13821,6000,6000,2.67,2.3,7,2026-07-01 14:05:16
6370,Blackmouth Oil,26471,15883,9898,9898,2.67,1.6,43,2026-07-01 14:05:16
8206,Tough Scorpid Leggings,43720,26232,70000,70000,1.6,2.67,1,2026-07-01 14:25:16
25886,Purple Smoke Flare,66279,39767,24800,24800,2.67,1.6,38,2026-07-01 14:45:20
31222,Headdress of Inner Rage,204016,168257,450000,450000,2.21,2.67,1,2026-07-01 15:05:19
36912,Saronite Ore,9932,6871,18469,18349,1.86,2.67,1614,2026-07-01 15:05:19
38771,Scroll of Enchant Bracer - Minor Stamina,6405,2343,2400,2400,2.67,1.02,6,2026-06-30 21:45:16
890,Twisted Chanter's Staff,909402,489511,341397,341000,2.66,1.44,4,2026-07-01 14:05:16
1287,Giant Tarantula Fang,8659,5294,14099,14099,1.63,2.66,1,2026-06-26 12:44:51
31281,Mask of Veiled Death,347912,208747,555555,555555,1.6,2.66,1,2026-07-01 15:05:19
36933,Forest Emerald,123382,71006,46381,46000,2.66,1.54,43,2026-07-01 15:05:19
1204,The Green Tower,626571,375943,997500,997000,1.59,2.65,5,2026-07-01 14:05:16
3075,Eye of Flame,626988,376193,998000,998000,1.59,2.65,1,2026-07-01 14:05:16
3481,Silvered Bronze Shoulders,12590,7554,20000,20000,1.59,2.65,2,2026-07-01 14:05:16
4249,Dark Leather Belt,11413,6312,4300,4300,2.65,1.47,26,2026-07-01 14:05:16
7088,Pattern: Crimson Silk Robe,158959,116498,60000,60000,2.65,1.94,2,2026-07-01 14:25:16
15963,Stonecloth Branch,26526,19141,9999,9999,2.65,1.91,1,2026-07-01 08:25:12
31234,Crystalblade of the Draenei,305928,263955,700000,700000,2.29,2.65,1,2026-06-30 23:05:18
2316,Dark Leather Cloak,12533,11847,4750,4600,2.64,2.58,18,2026-07-01 14:05:16
3482,Silvered Bronze Boots,13176,7906,5000,5000,2.64,1.58,1,2026-07-01 02:05:11
5422,Brambleweed Leggings,9948,6005,3765,3765,2.64,1.59,1,2026-06-23 14:25:06
6179,Privateer's Cape,30511,10116,11545,11545,2.64,1.14,1,2026-06-26 14:25:02
8398,Pattern: Tough Scorpid Gloves,2993,1796,1135,1130,2.64,1.59,7,2026-07-01 14:25:16
13000,Staff of Hale Magefire,185153,182066,480000,480000,2.59,2.64,1,2026-07-01 14:25:16
13112,Winged Helm,63128,37877,100000,100000,1.58,2.64,1,2026-07-01 14:25:16
17057,Shiny Fish Scales,29,14,11,10,2.64,1.4,33,2026-07-01 14:45:20
34850,Midsummer Ground Flower,15133,9080,24000,24000,1.59,2.64,5,2026-01-17 03:22:48
41377,Effulgent Skyflare Diamond,1319072,1215097,500000,500000,2.64,2.43,1,2026-04-23 06:22:57
41805,Borean Man O' War,19033,11420,7199,6600,2.64,1.73,48,2026-07-01 15:25:22
6390,Pattern: Stylish Blue Shirt,11682,7009,18500,18400,1.58,2.63,5,2026-07-01 14:25:16
7915,Barbaric Iron Helm,315481,299999,120000,120000,2.63,2.5,1,2026-07-01 14:25:16
14425,Silksand Wraps,52250,41471,109000,109000,2.09,2.63,1,2026-07-01 02:25:10
33457,Scroll of Agility VI,3805,2333,1445,1399,2.63,1.67,17,2026-07-01 15:05:19
40097,Elixir of Protection,82661,53187,140000,140000,1.69,2.63,21,2026-07-01 15:25:22
42468,Glyph of Shadowburn,57053,27768,21699,21494,2.63,1.29,22,2026-07-01 15:25:22
43439,Eviscerator's Treads,1108040,664824,1750000,1750000,1.58,2.63,1,2026-06-27 07:05:18
3682,Recipe: Curiously Tasty Omelet,46645,28657,17800,17800,2.62,1.61,4,2026-07-01 14:05:16
7281,Light Leather Bracers,20997,11587,8000,8000,2.62,1.45,1,2026-06-30 06:05:19
11137,Vision Dust,18494,6548,7069,5900,2.62,1.11,517,2026-07-01 14:25:16
12204,Heavy Kodo Meat,3427,3057,8000,8000,2.33,2.62,1,2026-06-22 16:45:09
13136,Lil Timmy's Peashooter,49512,29707,77777,77777,1.57,2.62,3,2026-07-01 14:25:16
40768,MOLL-E,5067300,4685965,1933750,1932500,2.62,2.42,2,2026-07-01 15:25:22
43502,Earthgiving Boots,5712709,3391282,8880000,8880000,1.55,2.62,1,2026-07-01 15:05:19
45755,Glyph of Guardian Spirit,170474,88384,64994,64994,2.62,1.36,10,2026-07-01 15:25:22
1728,Teebu's Blazing Longsword,27141110,16284666,42500000,42500000,1.57,2.61,1,2026-06-30 06:25:19
6452,Anti-Venom,1699,767,2000,2000,1.18,2.61,9,2026-06-30 18:45:13
8957,Spinefin Halibut,1300,1300,3399,3399,2.61,2.61,3,2026-05-09 21:04:46
9399,Precision Arrow,1514,225,580,580,2.61,2.58,503,2026-07-01 14:25:16
13051,Witchfury,97471,58483,37299,37200,2.61,1.57,4,2026-07-01 14:25:16
14369,Mystic's Wrap,19609,16721,7500,7500,2.61,2.23,1,2026-07-01 07:45:09
20960,Engraved Truesilver Ring,15409,13159,5900,5900,2.61,2.23,3,2026-07-01 14:45:20
20961,Citrine Ring of Rapid Healing,12766,10255,4900,4900,2.61,2.09,17,2026-07-01 14:45:20
37811,Captain Carver's Persuader,488597,467125,1274999,550000,2.61,1.18,2,2026-07-01 15:05:19
38912,Scroll of Enchant Chest - Exceptional Mana,258047,176290,98999,98999,2.61,1.78,10,2026-07-01 15:25:22
43378,Glyph of Safe Fall,173469,67371,66398,66398,2.61,1.01,13,2026-07-01 15:25:22
43451,Stormhide Stompers,377100,226260,590000,590000,1.56,2.61,1,2026-07-01 15:25:22
43865,Brilliant Saronite Pauldrons,406609,378639,990000,990000,2.43,2.61,1,2026-06-30 06:45:16
44698,Intravenous Healing Potion,318859,191315,500000,500000,1.57,2.61,1,2026-03-18 20:22:49
45771,Glyph of Feral Spirit,180388,77564,69000,69000,2.61,1.12,11,2026-07-01 15:25:22
753,Dragonmaw Shortsword,9999,9999,3842,3842,2.6,2.6,1,2026-06-30 15:05:07
3914,Journeyman's Backpack,59653,30808,85332,80000,1.43,2.6,10,2026-07-01 14:05:16
5640,Recipe: Rage Potion,67802,40681,26100,26000,2.6,1.56,3,2026-07-01 14:05:16
9305,Recipe: Transmute Mithril to Truesilver,129868,77921,49900,49800,2.6,1.56,2,2026-07-01 14:25:16
12056,Ring of the Heavens,103980,100809,40000,40000,2.6,2.52,1,2026-06-28 04:25:26
16712,Shadowcraft Gloves,260452,141225,100000,100000,2.6,1.41,1,2026-06-28 21:45:42
20752,Formula: Minor Mana Oil,19251,7627,19800,19800,1.03,2.6,1,2026-07-01 14:45:20
37201,Corpse Dust,12323,7702,20000,20000,1.62,2.6,1,2026-07-01 15:05:19
37889,Prison Manifest,794736,514999,306125,302250,2.6,1.7,5,2026-07-01 15:05:19
41245,Deadly Saronite Dirk,312566,256628,119998,119998,2.6,2.14,8,2026-07-01 15:25:22
43394,Glyph of Souls,166381,99829,63994,63994,2.6,1.56,14,2026-07-01 15:25:22
3858,Mithril Ore,27463,12930,34806,33499,1.27,2.59,540,2026-07-01 14:05:16
7728,Beguiler Robes,153803,92282,239000,239000,1.55,2.59,1,2026-07-01 14:25:16
8290,Arcane Robe,417954,250772,650000,650000,1.56,2.59,1,2026-06-20 13:25:06
8312,Alabaster Breastplate,92989,84542,219117,219117,2.36,2.59,1,2026-07-01 14:25:16
10548,Sniper Scope,155689,124198,60000,60000,2.59,2.07,2,2026-07-01 14:25:16
10620,Thorium Ore,18048,8786,22838,22769,1.27,2.59,603,2026-07-01 14:25:16
14450,Highborne Cloak,51847,42849,20000,20000,2.59,2.14,1,2026-06-30 21:45:16
19933,Glowing Scorpid Blood,6178,4897,2388,2300,2.59,2.13,15,2026-07-01 14:45:20
22851,Flask of Fortification,94086,56452,146000,146000,1.55,2.59,1,2026-06-30 13:45:11
28501,Ravager Egg Omelet,4967,2980,1918,1918,2.59,1.55,19,2026-07-01 15:05:19
31175,Blade Dancer's Wristguards,62536,50108,130000,130000,2.08,2.59,5,2026-07-01 15:05:19
34057,Abyss Crystal,520987,290134,750000,750000,1.44,2.59,211,2026-07-01 15:05:19
43015,Fish Feast,143478,142912,55500,55500,2.59,2.57,125,2026-07-01 15:25:22
44436,Dark Frostscale Leggings,309672,238761,119500,119500,2.59,2.0,12,2026-07-01 15:25:22
4455,Raptor Hide Harness,38625,24350,15000,15000,2.58,1.62,5,2026-06-23 04:05:05
12247,Broad Bladed Knife,55085,33051,85428,85428,1.55,2.58,1,2026-06-16 19:05:24
14563,Prospector's Cloak,25812,15487,10000,10000,2.58,1.55,1,2026-07-01 01:05:16
16672,Gauntlets of Elements,135757,96908,249999,249999,1.84,2.58,1,2026-06-30 09:44:59
20969,Ruby Crown of Restoration,515777,309466,200000,200000,2.58,1.55,1,2026-06-28 10:05:25
22574,Mote of Fire,87091,64277,33800,33800,2.58,1.9,17,2026-07-01 14:45:20
27425,Spotted Feltail,1322,736,512,500,2.58,1.47,91,2026-07-01 15:05:19
41182,Savage Cobalt Slicer,1050642,630385,1625000,1625000,1.55,2.58,1,2026-06-30 07:05:17
41449,Perfect Thick Sun Crystal,103036,84731,40000,40000,2.58,2.12,4,2026-07-01 15:25:22
42225,Dragon's Eye,1194869,578317,1489998,1489998,1.25,2.58,25,2026-07-01 15:25:22
43332,Glyph of Thorns,145535,85588,56399,56399,2.58,1.52,13,2026-07-01 15:25:22
45859,The 5 Ring,64489700,38693820,100000000,100000000,1.55,2.58,1,2026-07-01 15:25:22
9154,Elixir of Detect Undead,1254,707,488,488,2.57,1.45,9,2026-07-01 14:25:16
19767,Primal Bat Leather,51408,48779,20000,20000,2.57,2.44,1,2026-07-01 14:45:20
31190,The Dreamer's Shoulderpads,64577,38746,99750,99500,1.54,2.57,2,2026-07-01 15:05:19
34535,Azure Whelpling,51419566,30851740,19999999,19999999,2.57,1.54,1,2026-06-13 12:45:09
41501,Perfect Stark Huge Citrine,64286,38572,99249,99000,1.54,2.57,2,2026-07-01 15:25:22
42723,Ornate Saronite Bracers,874732,524839,1350000,1350000,1.54,2.57,1,2026-07-01 13:45:14
45604,Glyph of Savage Roar,177611,74943,69000,69000,2.57,1.09,8,2026-07-01 15:25:22
45746,Glyph of Holy Shock,179871,89626,69999,69999,2.57,1.28,9,2026-07-01 15:25:22
45812,Emerald Choker,427866,349442,897799,897799,2.1,2.57,5,2026-07-01 15:25:22
5003,Crystal Starfire Medallion,32438,19463,49900,49900,1.54,2.56,1,2026-07-01 00:45:16
5206,Bogling Root,6114,3668,9400,9400,1.54,2.56,3,2026-06-30 21:25:18
11207,Formula: Enchant Weapon - Fiery Weapon,3842321,3058755,1498508,1498508,2.56,2.04,2,2026-07-01 14:25:16
24307,Pattern: Manaweave Cloak,1255735,884311,490000,490000,2.56,1.8,1,2026-07-01 14:45:20
29539,Cobra Scales,1287811,772687,504000,504000,2.56,1.53,9,2026-07-01 15:05:19
37567,Healing Injector Kit,30221,25825,11799,11799,2.56,2.19,7,2026-07-01 09:05:05
42642,Titanium Impact Band,8793634,5276180,13489999,13489999,1.53,2.56,4,2026-07-01 15:25:22
42999,Blackened Dragonfin,72071,60517,28200,28200,2.56,2.15,38,2026-07-01 15:25:22
44446,Pack of Endless Pockets,204895,122937,80000,80000,2.56,1.54,10,2026-07-01 15:25:22
45799,Glyph of Dancing Rune Weapon,150978,77766,59000,59000,2.56,1.32,11,2026-07-01 15:25:22
1460,Shadowhide Two-handed Sword,24942,10784,27500,27500,1.1,2.55,1,2026-07-01 03:45:06
4353,Pattern: Spider Belt,18543,11126,7281,4500,2.55,2.47,2,2026-07-01 14:05:16
4416,Schematic: Goblin Land Mine,9084,7620,19398,19398,2.14,2.55,2,2026-07-01 14:05:16
13022,Gryphonwing Long Bow,71920,43152,110000,110000,1.53,2.55,1,2026-07-01 14:25:16
15094,Runic Leather Headband,76440,45864,30000,30000,2.55,1.53,1,2026-06-29 19:05:23
24302,Pattern: Unyielding Girdle,978945,587367,1500000,1500000,1.53,2.55,1,2026-07-01 14:45:20
37164,Swords Deck,509917,315434,200000,200000,2.55,1.58,1,2026-07-01 13:05:13
40070,Spellpower Elixir,38316,26394,15000,14999,2.55,1.76,70,2026-07-01 15:25:22
40212,Potion of Wild Magic,229901,137143,90000,89500,2.55,1.53,180,2026-07-01 15:25:22
42731,Leggings of Visceral Strikes,1120784,694841,440000,440000,2.55,1.58,1,2026-07-01 12:25:09
42988,Darkmoon Card: Illusion,8544386,4727591,3353749,3207500,2.55,1.47,2,2026-07-01 15:25:22
940,Robes of Insight,588158,352895,895000,895000,1.52,2.54,1,2026-07-01 14:05:16
1727,Sword of Decay,70267,35485,90000,90000,1.28,2.54,1,2026-06-30 13:45:11
2018,Skeletal Longsword,20280,19053,8000,8000,2.54,2.38,1,2026-07-01 14:05:16
43417,Glyph of Hamstring,58326,31315,23000,22999,2.54,1.36,26,2026-07-01 15:25:22
3530,Wool Bandage,740,190,292,292,2.53,1.54,117,2026-07-01 14:05:16
6371,Fire Oil,12640,10480,5000,5000,2.53,2.1,7,2026-07-01 14:05:16
6378,Seer's Cape,22288,13230,8800,8800,2.53,1.5,1,2026-07-01 07:45:09
6451,Heavy Silk Bandage,1251,967,495,495,2.53,1.95,122,2026-07-01 14:25:16
8395,Pattern: Tough Scorpid Breastplate,4215,1922,1663,1663,2.53,1.16,1,2026-07-01 14:25:16
14402,Resilient Bands,19754,11852,30000,30000,1.52,2.53,1,2026-07-01 14:25:16
22647,Recipe: Crunchy Spider Surprise,49583,29750,19600,19600,2.53,1.52,3,2026-07-01 14:45:20
37785,Girdle of the Howling Berserker,235593,141356,358500,358000,1.52,2.53,2,2026-07-01 15:05:19
38402,Arctic Shoulderpads,164646,98788,250000,250000,1.52,2.53,1,2026-07-01 15:05:19
41242,Forged Cobalt Claymore,373195,258032,651999,651999,1.75,2.53,1,2026-06-30 06:45:16
43260,Eviscerator's Facemask,1154821,692893,1755000,1755000,1.52,2.53,1,2026-06-27 07:05:18
1602,Sickle Axe,213848,128309,85000,85000,2.52,1.51,1,2026-07-01 01:05:16
3819,Wintersbite,6257,2459,6199,6199,1.01,2.52,8,2026-07-01 14:05:16
4057,Insignia Chestguard,25179,15306,10000,10000,2.52,1.53,1,2026-06-29 23:05:27
4091,Widowmaker,78698,47219,118999,118999,1.51,2.52,4,2026-07-01 14:05:16
8289,Arcane Leggings,100673,60404,40000,40000,2.52,1.51,1,2026-07-01 14:25:16
10042,Cindercloth Robe,104321,79250,200000,200000,1.92,2.52,1,2026-07-01 14:25:16
10371,Imbued Plate Greaves,71700,43020,28400,28400,2.52,1.51,1,2026-06-28 13:45:22
14782,Khan's Gloves,25197,15118,10000,10000,2.52,1.51,1,2026-06-30 21:45:16
20424,Sandworm Meat,9933,5960,15084,15000,1.52,2.52,85,2026-07-01 14:45:20
25676,Wild Draenish Vest,126153,111295,50000,50000,2.52,2.23,3,2026-07-01 03:45:06
34769,Imperial Manta Steak,44700,26820,67500,67500,1.51,2.52,42,2026-07-01 15:05:19
39974,Jagged Dark Jade,31036,24595,12320,12200,2.52,2.02,14,2026-07-01 15:25:22
41432,Perfect Bold Bloodstone,118040,103087,263999,259999,2.24,2.52,3,2026-07-01 15:25:22
42737,Glyph of Blink,26333,15800,39939,39799,1.52,2.52,33,2026-07-01 15:25:22
43369,Glyph of the Wise,136569,81941,54198,49798,2.52,1.65,19,2026-07-01 15:25:22
43537,Glyph of Chains of Ice,146025,61223,57874,57000,2.52,1.07,15,2026-07-01 15:25:22
1703,Crystal Basilisk Spine,6673,3666,9200,9200,1.38,2.51,14,2026-07-01 14:05:16
4308,Green Linen Bracers,7537,4522,3000,3000,2.51,1.51,3,2026-07-01 14:05:16
9395,Gloves of Old,50201,48921,20000,20000,2.51,2.45,1,2026-07-01 14:25:16
31326,Truestrike Ring,1506106,903664,600000,600000,2.51,1.51,1,2026-06-26 03:04:56
31305,Ced's Carver,265887,159532,400000,400000,1.5,2.51,1,2026-07-01 15:05:19
36918,Scarlet Ruby,652536,357294,897519,896000,1.38,2.51,22,2026-07-01 15:05:19
38922,Scroll of Enchant 2H Weapon - Major Agility,7500000,7500000,2992500,2992500,2.51,2.51,1,2026-04-14 14:22:12
39085,Cobalt Chestpiece,166052,159498,400000,400000,2.41,2.51,1,2026-07-01 15:25:22
40206,Iron-Spring Jumpers,17232359,13932099,35000000,35000000,2.03,2.51,1,2026-07-01 15:25:22
42998,Cuttlesteak,25105,6767,10000,10000,2.51,1.48,1,2026-07-01 15:25:22
43422,Glyph of Overpower,20357,12214,8099,7998,2.51,1.53,30,2026-07-01 15:25:22
4252,Dark Leather Shoulders,50051,23718,20000,20000,2.5,1.19,1,2026-05-24 18:45:57
4462,Cloak of Rot,18750,13436,7499,7499,2.5,1.79,1,2026-06-30 14:05:10
5245,Summoner's Wand,20915,16026,40000,40000,1.91,2.5,1,2026-06-16 23:25:21
5471,Stag Meat,1958,1481,3700,3700,1.89,2.5,51,2026-07-01 14:05:16
5643,Recipe: Great Rage Potion,146975,88185,58750,58500,2.5,1.51,3,2026-07-01 14:05:16
8345,Wolfshead Helm,528571,400000,1000000,1000000,1.89,2.5,1,2026-03-07 10:42:35
14099,Native Sash,2499,1499,1000,1000,2.5,1.5,1,2026-06-30 04:45:26
15999,Spellpower Goggles Xtreme Plus,249999,249999,100000,100000,2.5,2.5,2,2026-05-31 19:45:28
24054,Sovereign Nightseye,75000,75000,30000,30000,2.5,2.5,2,2026-06-29 20:05:26
24072,Sand Pear Pie,500,500,200,200,2.5,2.5,19,2026-05-23 01:25:39
38951,Scroll of Enchant Gloves - Expertise,272347,161643,108900,108900,2.5,1.48,12,2026-07-01 15:25:22
39908,Flashing Bloodstone,61584,36950,24600,24600,2.5,1.5,7,2026-07-01 15:25:22
39918,Quick Sun Crystal,39141,19858,49600,49600,1.27,2.5,4,2026-07-01 15:25:22
41098,Glyph of Crusader Strike,7161,4097,10438,10224,1.46,2.5,21,2026-07-01 15:25:22
4338,Mageweave Cloth,13334,7227,5364,5100,2.49,1.42,776,2026-07-01 14:05:16
4999,Azora's Will,17659,9946,12000,4000,1.47,2.49,2,2026-07-01 14:05:16
9435,Reticulated Bone Gauntlets,73767,40113,99900,99900,1.35,2.49,1,2026-07-01 00:25:17
10003,Black Mageweave Gloves,30986,17817,12450,12400,2.49,1.44,2,2026-07-01 14:25:16
22786,Dreaming Glory,10009,4302,4018,3499,2.49,1.23,331,2026-07-01 14:45:20
23621,Plans: Gauntlets of the Iron Tower,658237,604574,1502500,1502500,2.28,2.49,1,2026-07-01 07:05:06
38844,Scroll of Enchant Boots - Agility,117481,39951,99500,99500,1.18,2.49,1,2026-07-01 15:25:22
40916,Glyph of Starfire,39285,15953,39999,39800,1.02,2.49,27,2026-07-01 15:25:22
886,Black Metal Shortsword,34017,12730,13700,13700,2.48,1.08,1,2026-06-28 20:05:32
1943,Goblin Mail Leggings,24545,15854,9900,9900,2.48,1.6,1,2026-06-30 05:05:23
7071,Iron Buckle,4455,2673,1800,1800,2.48,1.49,6,2026-07-01 14:25:16
7085,Pattern: Azure Shoulders,11180,8060,19999,19998,1.79,2.48,8,2026-07-01 14:25:16
8171,Rugged Hide,1253,1045,505,505,2.48,2.07,10,2026-07-01 14:25:16
12694,Plans: Thorium Helm,12400,8610,5000,5000,2.48,1.72,1,2026-07-01 14:25:16
27667,Spicy Crawdad,6450,4003,2600,2600,2.48,1.54,14,2026-07-01 15:05:19
27694,Recipe: Blackened Trout,150835,127823,60833,60500,2.48,2.11,8,2026-07-01 15:05:19
40896,Glyph of Frenzied Regeneration,73566,31373,29639,29397,2.48,1.07,20,2026-07-01 15:25:22
41344,Helm of Command,874762,524857,1300000,1300000,1.49,2.48,1,2026-07-01 15:25:22
42968,Glyph of Preparation,163427,92415,65997,65997,2.48,1.4,16,2026-07-01 15:25:22
12240,Recipe: Heavy Kodo Stew,123450,118494,50000,50000,2.47,2.37,3,2026-07-01 14:25:16
13519,Recipe: Flask of the Titans,24700105,12396148,9999999,9999999,2.47,1.24,1,2026-06-18 21:05:35
18656,Schematic: Powerful Seaforium Charge,153810,92286,62249,62000,2.47,1.49,4,2026-07-01 14:45:20
29540,Reinforced Mining Bag,1974043,1116875,799999,799999,2.47,1.4,1,2026-03-19 10:42:33
30748,Enchanter's Satchel,484517,246888,196250,196250,2.47,1.26,1,2026-07-01 15:05:19
37091,Scroll of Intellect VII,1441,792,1966,1955,1.36,2.47,31,2026-07-01 15:05:19
38225,Mycah's Botanical Bag,3041847,1825108,4500000,4500000,1.48,2.47,3,2026-07-01 15:05:19
38782,Scroll of Enchant Chest - Health,22187,17107,9000,9000,2.47,1.9,1,2026-06-29 19:25:25
40100,Lambent Forest Emerald,793091,694204,320801,320500,2.47,2.17,2,2026-06-29 17:05:22
45732,Glyph of Kill Shot,170173,71721,69000,69000,2.47,1.04,10,2026-07-01 15:25:22
49634,Drums of the Wild,1498599,987698,2438750,2437500,1.63,2.47,2,2026-07-01 15:25:22
2307,Fine Leather Boots,12047,9910,4900,4900,2.46,2.02,1,2026-07-01 13:45:14
3427,Stylish Black Shirt,122759,98362,50000,50000,2.46,1.97,2,2026-07-01 14:05:16
4251,Hillman's Shoulders,6211,2399,5960,5899,1.04,2.46,24,2026-07-01 14:05:16
6051,Holy Protection Potion,4609,4523,1872,1870,2.46,2.42,39,2026-07-01 14:05:16
7961,Phantom Blade,2956054,2660449,6550000,6550000,2.22,2.46,1,2026-06-28 03:05:32
16111,Recipe: Spiced Chili Crab,147805,91081,60000,60000,2.46,1.52,2,2026-07-01 14:45:20
17222,Spider Sausage,13799,7165,5600,5600,2.46,1.28,24,2026-07-01 10:45:14
21877,Netherweave Cloth,3184,1627,4004,3999,1.26,2.46,2531,2026-07-01 14:45:20
21933,Thick Bronze Necklace,24562,14737,9995,9995,2.46,1.47,1,2026-06-30 17:45:10
34749,Shoveltusk Steak,29444,18037,11986,11800,2.46,1.53,53,2026-07-01 15:05:19
37093,Scroll of Stamina VII,2510,1175,1022,995,2.46,1.18,12,2026-07-01 15:05:19
38995,Scroll of Enchant Weapon - Exceptional Agility,4906517,3474250,1995000,1995000,2.46,1.74,2,2026-07-01 15:25:22
40025,Glowing Twilight Opal,492555,416068,199998,199998,2.46,2.08,1,2026-06-28 20:45:34
43436,Eviscerator's Gauntlets,1050591,630355,1551495,1551495,1.48,2.46,1,2026-06-30 18:05:13
45790,Glyph of Bladestorm,172031,65803,69999,69999,2.46,1.06,10,2026-07-01 15:25:22
45794,Glyph of Enraged Regeneration,172198,103319,69999,69999,2.46,1.48,10,2026-07-01 15:25:22
3173,Bear Meat,480,326,196,195,2.45,1.67,69,2026-07-01 14:05:16
8262,Serpentskin Leggings,53052,31831,78000,78000,1.47,2.45,1,2026-07-01 14:25:16
10307,Scroll of Stamina IV,4697,1837,4500,4500,1.04,2.45,3,2026-07-01 09:05:05
15966,Venomshroud Orb,33739,16313,40000,40000,1.19,2.45,1,2026-06-30 02:05:27
16858,Lawbringer Belt,489802,293881,200000,200000,2.45,1.47,1,2026-06-21 07:25:11
24476,Jaggal Clam,19614,6313,8000,8000,2.45,1.27,7,2026-07-01 09:05:05
28595,Bright Blood Garnet,11027,8153,20000,20000,1.81,2.45,1,2026-07-01 15:05:19
6148,Web-covered Boots,10980,10980,4500,4500,2.44,2.44,1,2026-06-27 05:05:23
7967,Mithril Shield Spike,22525,10662,26000,26000,1.15,2.44,1,2026-06-30 21:45:16
8246,Imperial Red Boots,38740,30685,75000,75000,1.94,2.44,1,2026-07-01 04:45:04
25707,Fel Hide,3175,2743,1303,1300,2.44,2.11,7,2026-07-01 14:45:20
38921,Scroll of Enchant Weapon - Major Spellpower,3665011,2199007,1500000,1500000,2.44,1.47,1,2026-05-23 01:05:39
41549,Duskweave Robe,204740,122844,300000,300000,1.47,2.44,1,2026-05-28 20:25:26
44493,Scroll of Enchant Weapon - Berserking,6774943,4984305,12168974,12168900,1.8,2.44,12,2026-07-01 15:25:22
2585,Gray Woolen Robe,24267,21628,10000,10000,2.43,2.16,1,2026-06-22 17:25:06
3395,Recipe: Limited Invulnerability Potion,17134,10280,24995,24995,1.46,2.43,3,2026-07-01 14:05:16
5752,Wyvern Tailspike,34308,20585,50000,50000,1.46,2.43,1,2026-06-29 13:05:17
8311,Alabaster Plate Vambraces,38093,36508,17500,15000,2.18,2.43,2,2026-07-01 14:25:16
8389,Pattern: Big Voodoo Pants,7901,4989,12189,12100,1.54,2.43,3,2026-07-01 14:25:16
12212,Jungle Stew,595,357,869,869,1.46,2.43,5,2026-06-30 23:05:18
12361,Blue Sapphire,33997,20398,50000,49600,1.47,2.43,120,2026-07-01 14:25:16
14405,Resilient Robe,17149,10289,25000,25000,1.46,2.43,1,2026-07-01 14:25:16
23484,Fel Iron Plate Belt,70002,45558,110542,110542,1.58,2.43,5,2026-07-01 07:05:06
37700,Crystallized Air,48584,27656,19999,19999,2.43,1.38,18,2026-07-01 15:05:19
37823,Draconic Choker of Ferocity,431019,423292,177157,174915,2.43,2.42,6,2026-07-01 15:05:19
41608,Cloak of Frozen Spirits,270298,164483,399500,399000,1.48,2.43,5,2026-07-01 15:25:22
44614,Starleaf Seed,19425,15973,8000,8000,2.43,2.0,1,2026-06-14 02:05:18
2883,Plans: Deadly Bronze Poniard,5335,4460,2200,2000,2.42,2.23,2,2026-07-01 14:05:16
3390,Elixir of Lesser Agility,13754,8252,19999,19999,1.45,2.42,2,2026-07-01 14:05:16
4231,Cured Light Hide,4828,2897,1994,1994,2.42,1.45,15,2026-07-01 14:05:16
6274,Pattern: Blue Overalls,28215,26640,11650,11600,2.42,2.3,2,2026-07-01 14:05:16
8295,Traveler's Bracers,72730,61971,29999,29999,2.42,2.07,1,2026-06-30 05:25:23
15946,Mystic's Sphere,16182,9709,6699,6699,2.42,1.45,3,2026-07-01 14:45:20
21886,Primal Life,237238,142343,98066,95000,2.42,1.5,18,2026-07-01 14:45:20
32428,Heart of Darkness,56241,29253,23252,23220,2.42,1.26,15,2026-07-01 15:05:19
38278,Haliscan Pantaloons,354025,124171,300000,300000,1.18,2.42,1,2026-07-01 15:05:19
44309,Sash of Jordan,5643777,3932339,9500000,9500000,1.68,2.42,1,2026-06-30 16:45:14
4038,Nightsky Robe,36114,32168,15000,15000,2.41,2.14,1,2026-07-01 09:05:05
7086,Pattern: Earthen Silk Belt,13325,12304,6543,5100,2.04,2.41,2,2026-07-01 14:25:16
7957,Bronze Greatsword,32617,11389,27450,27400,1.19,2.41,2,2026-07-01 14:25:16
14499,Pattern: Mooncloth Bag,33578,32798,78999,78998,2.35,2.41,8,2026-07-01 14:25:16
14729,War Paint Shield,16367,14475,14250,6000,1.15,2.41,2,2026-07-01 14:25:16
21861,Imbued Netherweave Robe,120000,120000,288999,288999,2.41,2.41,1,2026-03-02 08:22:50
37000,Storming Vortex Bracers,482797,289678,199999,199999,2.41,1.45,6,2026-07-01 15:05:19
37797,Cloak of the Agile Mind,361951,318467,150000,150000,2.41,2.12,1,2026-07-01 15:05:19
40103,Opaque Forest Emerald,580005,348003,240714,239000,2.41,1.46,28,2026-07-01 15:25:22
41518,Glyph of Chain Lightning,154313,91195,63994,63994,2.41,1.43,14,2026-07-01 15:25:22
42728,Ornate Saronite Skullshield,792614,537646,1297500,1297500,1.64,2.41,1,2026-07-01 15:25:22
43585,Glacial Slippers,7223572,3632650,3000000,3000000,2.41,1.21,1,2026-07-01 15:25:22
4321,Spider Silk Slippers,19159,12520,30000,30000,1.57,2.4,3,2026-07-01 14:05:16
8302,Hero's Bracers,143922,86353,60000,60000,2.4,1.44,1,2026-06-28 14:25:12
8766,Morning Glory Dew,1803,1665,4000,4000,2.22,2.4,20,2026-07-01 14:25:16
10518,Parachute Cloak,215605,94950,90000,90000,2.4,1.05,1,2026-06-24 22:05:16
13518,Recipe: Potion of Petrification,309304,150581,128750,128500,2.4,1.17,2,2026-07-01 14:25:16
14444,Venomshroud Leggings,53297,41679,22200,22200,2.4,1.88,1,2026-07-01 04:45:04
15729,Pattern: Chimeric Gloves,216141,129685,90000,90000,2.4,1.44,1,2026-07-01 14:45:20
22897,Tome of Conjure Food VII,95931,70440,39999,39999,2.4,1.76,1,2026-06-30 22:05:15
24101,Book of Ferocious Bite V,240008,144005,100000,100000,2.4,1.44,2,2026-07-01 14:45:20
34768,Spicy Blue Nettlefish,47939,42819,20000,20000,2.4,2.14,23,2026-07-01 15:05:19
38415,Frostscale Gloves,143900,93406,60000,60000,2.4,1.56,1,2026-06-27 15:45:14
40213,Mighty Arcane Protection Potion,12500,12500,30000,30000,2.4,2.4,2,2026-06-14 06:45:10
40771,Cobalt Frag Bomb,17795,7832,7400,7400,2.4,1.06,36,2026-06-30 03:25:31
42462,Glyph of Healthstone,3450,2868,1437,1399,2.4,2.05,15,2026-07-01 15:25:22
42917,Glyph of Wyvern Sting,139185,78373,57901,57901,2.4,1.35,18,2026-07-01 15:25:22
14465,Elunarian Belt,69780,41868,100000,100000,1.43,2.39,1,2026-06-28 08:25:31
14585,Dokebi Leggings,33027,20958,65000,50000,1.97,2.39,2,2026-07-01 14:25:16
21859,Imbued Netherweave Pants,405380,209570,500000,500000,1.23,2.39,1,2026-05-08 23:05:15
25438,Malachite Pendant,11923,7154,4999,4999,2.39,1.43,9,2026-07-01 14:45:20
31856,Darkmoon Card: Crusade,9084497,5450698,13000978,13000978,1.43,2.39,1,2026-06-29 20:25:29
40949,Spiked Cobalt Boots,151979,129495,309498,309000,2.04,2.39,4,2026-07-01 15:25:22
41502,Perfect Veiled Huge Citrine,104048,62429,149000,149000,1.43,2.39,69,2026-07-01 15:25:22
41595,Spellweave,883146,540353,1292777,1290000,1.46,2.39,30,2026-07-01 15:25:22
46377,Flask of Endless Rage,394261,298236,164696,164498,2.39,1.81,291,2026-07-01 15:25:22
11098,Formula: Enchant Cloak - Lesser Shadow Resistance,11144,3824,9149,9100,1.22,2.38,6,2026-07-01 14:25:16
12428,Imperial Plate Shoulders,420000,420000,999900,999900,2.38,2.38,2,2026-07-01 14:25:16
12827,Plans: Serenity,216699,210314,500000,500000,2.31,2.38,1,2026-02-09 19:42:36
14372,Sanguine Armor,23585,14677,9900,9900,2.38,1.48,1,2026-07-01 14:25:16
22797,Nightmare Seed,2378576,1130506,1000000,1000000,2.38,1.13,20,2026-06-28 16:05:20
31318,Singing Crystal Axe,19071443,11442866,8000000,6000000,2.38,1.91,3,2026-07-01 15:05:19
40037,Inscribed Monarch Topaz,393625,251721,665323,599999,1.69,2.38,40,2026-07-01 15:25:22
44329,Elixir of Expertise,49793,33400,79499,79499,1.6,2.38,3,2026-07-01 15:25:22
3072,Smoldering Robe,23737,14242,10000,10000,2.37,1.42,1,2026-05-10 12:24:44
9301,Recipe: Elixir of Shadow Power,132890,81239,55999,55500,2.37,1.46,2,2026-07-01 14:25:16
9743,Simple Shoes,2597,1558,1094,1094,2.37,1.42,1,2026-06-28 19:05:28
12800,Azerothian Diamond,138606,83164,214328,197499,1.55,2.37,104,2026-07-01 14:25:16
13496,Recipe: Greater Nature Protection Potion,1407582,844549,2000000,2000000,1.42,2.37,1,2026-04-30 18:24:13
25655,Felscale Boots,79072,75737,179500,179500,2.27,2.37,1,2026-06-04 23:05:14
25661,Scaled Draenic Gloves,70452,42271,100000,100000,1.42,2.37,1,2026-06-21 12:05:11
36978,Ley-Whelphide Belt,1066466,749535,450000,450000,2.37,1.67,1,2026-06-24 16:45:06
7349,Herbalist's Gloves,88888,88888,210000,210000,2.36,2.36,1,2026-06-20 06:45:30
12684,Plans: Thorium Bracers,7664,4652,3250,3200,2.36,1.45,3,2026-07-01 14:25:16
18701,Innervating Band,353571,212143,150000,150000,2.36,1.41,1,2026-07-01 14:45:20
22246,Enchanted Mageweave Pouch,141798,121094,60000,60000,2.36,2.02,1,2026-07-01 08:05:07
40001,Flashing Scarlet Ruby,918897,551338,390000,390000,2.36,1.41,1,2026-07-01 15:25:22
43103,Verdant Pigment,76349,51454,32294,32294,2.36,1.59,15,2026-06-30 22:45:17
45757,Glyph of Mind Sear,162769,90107,69000,69000,2.36,1.31,9,2026-07-01 15:25:22
821,Riverpaw Leather Vest,12934,12152,5500,5500,2.35,2.21,1,2026-06-26 16:24:57
1477,Scroll of Agility II,1001,410,970,965,1.03,2.35,6,2026-07-01 14:05:16
4825,Callous Axe,56776,34066,80000,80000,1.41,2.35,1,2026-07-01 14:05:16
5958,Fine Leather Pants,23492,14095,10000,10000,2.35,1.41,1,2026-05-26 04:06:05
7282,Light Leather Pants,23282,10706,9900,9900,2.35,1.08,10,2026-07-01 14:25:16
8226,The Butcher,166365,99819,235454,235000,1.42,2.35,3,2026-07-01 14:25:16
13138,The Silencer,48348,37381,93250,88000,1.93,2.35,4,2026-07-01 14:25:16
15733,Pattern: Green Dragonscale Leggings,250965,243401,107000,107000,2.35,2.27,1,2026-06-30 23:05:18
16838,Earthfury Belt,541486,369089,230000,230000,2.35,1.6,1,2026-06-19 11:45:26
17683,Book: Gift of the Wild II,31568,24443,57749,57500,1.83,2.35,3,2026-07-01 14:45:20
27515,Huge Spotted Feltail,26295,23299,14699,9899,1.79,2.35,24,2026-07-01 15:05:19
35683,Palladium Ring,587209,352325,250000,250000,2.35,1.41,1,2026-07-01 15:05:19
41126,Brilliant Saronite Legplates,232383,139430,327000,327000,1.41,2.35,1,2026-07-01 15:25:22
43463,Scroll of Agility VII,2353,1360,3200,3200,1.36,2.35,58,2026-07-01 15:25:22
4239,Embossed Leather Gloves,4438,3791,1895,1895,2.34,2.0,78,2026-07-01 14:05:16
10370,Imbued Plate Girdle,178270,106962,250000,250000,1.4,2.34,1,2026-07-01 14:25:16
13047,Twig of the World Tree,120555,72333,169750,169500,1.41,2.34,6,2026-07-01 14:25:16
14553,Sash of Mercy,248043,148826,347999,347999,1.4,2.34,3,2026-07-01 14:25:16
16806,Felheart Belt,585806,267651,250000,250000,2.34,1.07,1,2026-06-12 14:24:47
24067,Jagged Talasite,70342,69028,30000,30000,2.34,2.3,2,2026-06-29 20:05:26
37624,Stained-Glass Shard Ring,379864,346898,293332,147999,1.29,2.34,10,2026-07-01 15:05:19
38422,Nerubian Legguards,256597,85587,200000,200000,1.28,2.34,1,2026-06-20 12:05:07
42906,Glyph of Frost Trap,34420,16096,14699,14698,2.34,1.1,18,2026-07-01 15:25:22
44500,Elementium-plated Exhaust Pipe,21355225,12813135,30000000,30000000,1.4,2.34,1,2026-06-27 20:45:36
3227,Nightbane Staff,16555,12179,7100,7100,2.33,1.72,1,2026-06-22 21:25:02
3312,Ceremonial Leather Bracers,7166,4300,9999,9999,1.4,2.33,1,2026-07-01 14:05:16
4421,Scroll of Protection III,3127,1624,1342,1340,2.33,1.21,3,2026-07-01 14:05:16
5642,Recipe: Free Action Potion,76199,45719,32700,32600,2.33,1.4,4,2026-07-01 14:05:16
6393,Silver-thread Gloves,29064,25858,12500,12500,2.33,2.07,1,2026-07-01 06:25:02
8131,Myrmidon's Helm,46642,27985,20000,20000,2.33,1.4,1,2026-06-30 16:45:14
13489,Recipe: Transmute Earth to Life,139723,83834,59998,59998,2.33,1.4,3,2026-07-01 14:25:16
17201,Recipe: Egg Nog,124181,104425,243000,243000,1.96,2.33,3,2026-07-01 14:45:20
22252,Satchel of Cenarius,1165115,1003287,500000,500000,2.33,2.01,1,2026-05-08 13:24:56
38992,Scroll of Enchant 2H Weapon - Greater Savagery,739200,695600,379974,298499,1.95,2.33,14,2026-07-01 15:25:22
40027,Royal Twilight Opal,587546,417398,251997,251997,2.33,1.66,8,2026-07-01 15:25:22
44066,Kharmaa's Grace,659083,262762,283000,283000,2.33,1.08,7,2026-07-01 15:25:22
44694,Antiseptic-Soaked Dressing,256999,256999,600000,600000,2.33,2.33,1,2026-06-04 21:45:13
2620,Augural Shroud,33431,21589,50000,50000,1.5,2.32,1,2026-01-07 02:43:03
9359,Wirt's Third Leg,64369,38621,89749,89500,1.39,2.32,6,2026-07-01 14:25:16
10632,Slimescale Bracers,180783,108470,77980,77750,2.32,1.4,2,2026-07-01 14:25:16
16685,Magister's Belt,62352,31087,137257,72000,2.2,2.32,2,2026-07-01 14:45:20
36927,Twilight Opal,134442,77204,185210,179300,1.38,2.32,31,2026-07-01 15:05:19
37856,Librarian's Paper Cutter,440304,249777,189750,179500,2.32,1.39,4,2026-07-01 15:05:19
41345,Daunting Legplates,602835,396140,260000,260000,2.32,1.52,3,2026-07-01 15:25:22
41379,Impassive Skyflare Diamond,1122373,934491,483000,483000,2.32,1.93,5,2026-07-01 15:25:22
41452,Perfect Glowing Shadow Crystal,92895,55737,40000,40000,2.32,1.39,16,2026-07-01 15:25:22
42746,Glyph of Icy Veins,21244,12746,29779,29600,1.4,2.32,31,2026-07-01 15:25:22
4817,Blessed Claymore,37172,36010,83135,83135,2.24,2.31,3,2026-07-01 14:05:16
7148,Goblin Jumper Cables,204211,129687,299900,299900,1.47,2.31,1,2026-07-01 14:25:16
9755,Gypsy Gloves,1897,1138,822,820,2.31,1.39,2,2026-07-01 14:25:16
14848,Sunscale Sabatons,46208,27725,20000,20000,2.31,1.39,1,2026-06-29 11:05:18
16046,Schematic: Masterwork Target Dummy,111286,66772,48099,48000,2.31,1.39,4,2026-07-01 14:45:20
22866,Flask of Pure Death,69370,41622,30000,30000,2.31,1.39,20,2026-07-01 02:05:11
38424,Frostscale Shoulders,184726,155036,80000,80000,2.31,1.94,1,2026-06-27 10:45:06
38557,Icy Dragonscale,32395,19560,14032,13900,2.31,1.41,219,2026-07-01 15:25:22
39717,Inexorable Sabatons,39725292,23835175,55000000,55000000,1.38,2.31,2,2026-07-01 15:25:22
39985,Sundered Dark Jade,34798,20952,48425,48400,1.39,2.31,12,2026-07-01 15:25:22
40086,Jagged Forest Emerald,597038,358223,258540,258540,2.31,1.39,1,2026-06-30 21:05:10
45772,Glyph of Riptide,159288,92881,68999,68999,2.31,1.35,10,2026-07-01 15:25:22
45811,Frostguard Drape,3816428,2655000,1650000,1650000,2.31,1.61,1,2026-07-01 15:25:22
6049,Fire Protection Potion,22960,13776,10000,10000,2.3,1.38,2,2026-06-22 09:25:11
10369,Imbued Plate Gauntlets,149616,89770,65000,65000,2.3,1.38,1,2026-06-30 14:45:07
14587,Dokebi Mantle,22624,18258,42000,42000,1.86,2.3,1,2026-07-01 14:25:16
14667,Keeper's Wreath,45950,27570,20000,20000,2.3,1.38,1,2026-07-01 13:05:13
15770,Pattern: Black Dragonscale Shoulders,97867,86818,200000,200000,2.04,2.3,2,2026-07-01 14:45:20
23115,Thick Golden Draenite,20896,19522,9099,9099,2.3,2.15,13,2026-07-01 14:45:20
23623,Plans: Storm Helm,771135,304039,700000,700000,1.1,2.3,1,2026-06-28 20:25:34
39940,Guardian's Shadow Crystal,34517,32086,14996,14996,2.3,2.14,2,2026-07-01 15:25:22
40054,Empowered Monarch Topaz,634820,380892,876666,876000,1.38,2.3,7,2026-07-01 15:25:22
41778,Design: Resolute Monarch Topaz,253103,86763,109833,109500,2.3,1.26,7,2026-07-01 15:25:22
42412,Glyph of Scourge Imprisonment,51156,30059,69000,69000,1.35,2.3,10,2026-07-01 15:25:22
43588,Icebane Treads,4342790,2605674,6000000,6000000,1.38,2.3,1,2026-06-30 06:45:16
45792,Glyph of Shockwave,160965,79486,69999,69999,2.3,1.14,8,2026-07-01 15:25:22
45810,Cloak of Crimson Snow,2470916,695925,1600000,1600000,1.54,2.3,2,2026-07-01 15:25:22
1455,Blackrock Champion's Axe,18997,12992,29800,29800,1.57,2.29,3,2026-07-01 14:05:16
3036,Heavy Shortbow,33494,19818,14649,13800,2.29,1.44,2,2026-07-01 14:05:16
3391,Elixir of Ogre's Strength,22903,19217,10000,10000,2.29,1.92,10,2026-07-01 14:05:16
3651,Veteran Shield,14546,8728,20000,20000,1.37,2.29,1,2026-07-01 14:05:16
5574,White Leather Bag,5373,4630,2350,2300,2.29,2.01,2,2026-07-01 12:45:09
6205,Burrowing Shovel,33397,12322,14600,14600,2.29,1.18,1,2026-06-26 02:04:58
10008,White Bandit Mask,41056,24634,56749,56500,1.38,2.29,5,2026-07-01 14:25:16
16736,Belt of Valor,100164,54533,125000,125000,1.25,2.29,10,2026-07-01 14:45:20
27658,Roasted Clefthoof,7557,4680,3298,3298,2.29,1.42,40,2026-07-01 15:05:19
35623,Eternal Air,505198,296538,220723,210000,2.29,1.41,22,2026-07-01 15:05:19
38851,Scroll of Enchant Gloves - Minor Haste,111917,86763,198999,198999,1.78,2.29,3,2026-07-01 15:25:22
39920,Sparkling Chalcedony,22901,13741,9999,9999,2.29,1.37,2,2026-07-01 05:24:59
43359,Glyph of Frost Armor,154811,84997,67500,67500,2.29,1.26,10,2026-07-01 15:25:22
45731,Glyph of Explosive Shot,158014,88388,69000,69000,2.29,1.28,11,2026-07-01 15:25:22
2046,Bluegill Kukri,31238,20035,13691,13691,2.28,1.46,1,2026-07-01 06:05:01
8303,Hero's Breastplate,72992,43795,100000,100000,1.37,2.28,1,2026-06-30 21:05:10
13035,Serpent Slicer,72785,43671,165762,79000,2.28,1.81,2,2026-07-01 14:25:16
18260,Formula: Enchant Weapon - Healing Power,22785307,9344090,9990000,9990000,2.28,1.07,1,2026-05-28 12:05:18
20963,Mithril Filigree,41255,25908,59094,59094,1.43,2.28,9,2026-07-01 14:45:20
23427,Eternium Ore,27670,20478,12114,11399,2.28,1.8,112,2026-07-01 14:45:20
36924,Sky Sapphire,139745,77793,61416,58999,2.28,1.32,74,2026-07-01 15:05:19
40023,Shifting Twilight Opal,603826,362296,264500,264000,2.28,1.37,3,2026-07-01 15:25:22
43438,Eviscerator's Legguards,1279873,767924,1750000,1750000,1.37,2.28,1,2026-06-30 18:05:13
43611,Krol Cleaver,8031140,4818684,11004211,11004211,1.37,2.28,1,2026-06-27 19:45:33
1489,Gloomshroud Armor,256926,154156,350000,350000,1.36,2.27,1,2026-07-01 14:05:16
2309,Embossed Leather Boots,20659,17653,40000,40000,1.94,2.27,1,2026-06-27 21:25:34
3683,Recipe: Gooey Spider Cake,40900,24540,18000,18000,2.27,1.36,3,2026-07-01 14:05:16
6661,Recipe: Savory Deviate Delight,3247844,1744468,1428750,1427500,2.27,1.22,2,2026-07-01 14:25:16
8184,Firestarter,17396,11329,11299,5000,1.54,2.27,3,2026-07-01 14:25:16
10009,Red Mageweave Pants,45348,36875,20000,20000,2.27,1.84,1,2026-07-01 14:25:16
10558,Gold Power Core,2244,771,1975,1750,1.14,2.27,81,2026-07-01 14:25:16
23436,Living Ruby,71566,45041,31489,31400,2.27,1.43,6,2026-07-01 14:45:20
32249,Seaspray Emerald,201219,105019,88795,88795,2.27,1.18,3,2026-07-01 15:05:19
868,Ardent Custodian,214125,128475,294999,290000,1.38,2.26,2,2026-07-01 14:05:16
4454,Talon of Vultros,112850,67710,50000,50000,2.26,1.35,1,2026-06-29 03:05:42
7611,Mistscape Stave,38533,33213,75000,75000,1.95,2.26,1,2026-07-01 14:25:16
8185,Turtle Scale Leggings,107281,64369,47500,45000,2.26,1.43,2,2026-07-01 14:25:16
8223,Blade of the Basilisk,110032,66019,149500,149500,1.36,2.26,1,2026-07-01 14:25:16
12282,Worn Battleaxe,4455,4455,10050,10050,2.26,2.26,1,2026-05-25 20:06:00
21775,Onslaught Ring,81216,48730,110000,110000,1.35,2.26,1,2026-06-27 12:05:03
37703,Crystallized Shadow,42652,25216,18900,17800,2.26,1.42,162,2026-07-01 15:05:19
41459,Perfect Royal Shadow Crystal,73818,44291,100235,100235,1.36,2.26,1,2026-07-01 15:05:19
45739,Glyph of Mirror Image,112980,64614,50000,50000,2.26,1.29,15,2026-07-01 15:25:22
6714,Ez-Thro Dynamite,12397,6780,5500,5500,2.25,1.23,3,2026-07-01 04:45:04
8162,Jouster's Legplates,45050,38932,20000,20000,2.25,1.95,1,2026-06-30 04:05:31
14403,Resilient Handgrips,22214,13328,30000,30000,1.35,2.25,1,2026-06-28 08:05:15
23756,Cookie's Jumbo Gumbo,1711,887,1995,1995,1.17,2.25,10,2026-07-01 14:45:20
29583,Sinister Scimitar,84340,75443,170000,170000,2.02,2.25,1,2026-07-01 15:05:19
31319,Band of Impenetrable Defenses,3927355,2356413,1745000,1745000,2.25,1.35,1,2026-06-27 16:45:15
38817,Scroll of Enchant Bracer - Strength,12952,7771,5755,5699,2.25,1.36,59,2026-07-01 15:25:22
40943,Spiked Cobalt Legplates,389374,266863,600000,600000,1.54,2.25,1,2026-07-01 15:25:22
43340,Glyph of Blessing of Might,155126,78607,69000,69000,2.25,1.14,8,2026-07-01 15:25:22
45601,Glyph of Berserk,155458,81220,69000,69000,2.25,1.18,8,2026-07-01 15:25:22
2881,Plans: Runed Copper Breastplate,4312,1916,4349,4300,1.01,2.24,4,2026-07-01 14:05:16
3848,Big Bronze Knife,12590,12100,28148,17500,2.24,1.45,3,2026-07-01 14:05:16
7048,Azure Silk Hood,13118,8769,19840,19600,1.51,2.24,16,2026-07-01 14:25:16
14415,Stonecloth Britches,26868,16121,12000,12000,2.24,1.34,1,2026-06-29 22:25:29
21842,Bolt of Imbued Netherweave,67397,33678,30153,29666,2.24,1.14,99,2026-07-01 14:45:20
23104,Jagged Deep Peridot,8281,4020,8999,8999,1.09,2.24,3,2026-07-01 14:45:20
27668,Lynx Meat,551,331,246,246,2.24,1.35,87,2026-07-01 15:05:19
36860,Eternal Fire,540215,327039,241428,232999,2.24,1.4,68,2026-07-01 15:05:19
38933,Scroll of Enchant Gloves - Major Strength,335755,297241,150000,150000,2.24,1.98,6,2026-07-01 15:25:22
40195,Pygmy Oil,15613,4462,11974,10000,1.3,2.24,448,2026-07-01 15:25:22
43009,Shoveltusk Flank,38471,31393,17199,17199,2.24,1.83,29,2026-07-01 15:25:22
43393,Glyph of Enslave Demon,110542,66325,49437,49199,2.24,1.35,16,2026-07-01 15:25:22
45738,Glyph of Arcane Barrage,154839,51714,69000,69000,2.24,1.33,9,2026-07-01 15:25:22
3844,Green Iron Hauberk,329550,197730,440000,440000,1.34,2.23,1,2026-05-14 09:06:03
4242,Embossed Leather Pants,44465,43448,19900,19900,2.23,2.18,5,2026-07-01 14:05:16
4463,Beaded Raptor Collar,14917,8950,20000,20000,1.34,2.23,1,2026-06-29 20:25:29
14411,Stonecloth Gloves,22294,13376,10000,10000,2.23,1.34,1,2026-06-24 13:25:02
15776,Pattern: Runic Leather Armor,66401,39841,29800,29800,2.23,1.34,1,2026-07-01 14:45:20
24301,Pattern: White Remedy Cape,2105514,1879076,945000,900000,2.23,2.09,2,2026-07-01 14:45:20
31340,Will of Edward the Odd,1447748,868649,650000,650000,2.23,1.34,1,2026-07-01 15:05:19
35627,Eternal Shadow,396185,284599,177556,166500,2.23,1.71,156,2026-07-01 15:05:19
35947,Sparkling Frostcap,3326,1465,1494,1494,2.23,1.02,2,2026-06-30 03:45:28
37921,Deadnettle,18312,10835,8208,6500,2.23,1.67,1757,2026-07-01 15:05:19
38466,Sulfuron Slammer,11612,8086,5200,5200,2.23,1.55,10,2026-06-30 23:25:21
44215,Darkmoon Necklace,334402,243005,150000,150000,2.23,1.62,1,2026-07-01 15:25:22
2871,Heavy Sharpening Stone,5738,4512,10000,10000,1.74,2.22,20,2026-07-01 14:05:16
6369,Recipe: Rockscale Cod,44585,37386,20066,20000,2.22,1.87,9,2026-07-01 14:05:16
8490,Cat Carrier (Siamese),149195,89517,198750,198500,1.33,2.22,4,2026-07-01 14:25:16
14779,Khan's Chestpiece,44950,37312,100000,50000,2.22,1.34,4,2026-07-01 14:25:16
15119,Highborne Pants,74700,44820,99500,99500,1.33,2.22,1,2026-07-01 14:25:16
15869,Silver Skeleton Key,7274,5752,12764,12764,1.75,2.22,1,2026-07-01 14:45:20
23103,Radiant Deep Peridot,10864,9281,4899,4899,2.22,1.89,6,2026-07-01 14:45:20
28100,Volatile Healing Potion,3985,2522,1795,1795,2.22,1.41,5,2026-07-01 15:05:19
28290,Smooth Golden Draenite,9414,8928,19899,19799,2.11,2.22,6,2026-07-01 15:05:19
37765,Leggings of the Water Moccasin,182047,109228,242999,242999,1.33,2.22,1,2026-07-01 15:05:19
39083,Cobalt Shoulders,181094,175335,389500,389000,2.15,2.22,2,2026-07-01 15:25:22
39235,Bone-Framed Bracers,2632251,903313,2006250,2005000,1.31,2.22,3,2026-07-01 15:25:22
41544,Duskweave Boots,266069,248088,120000,120000,2.22,2.07,5,2026-07-01 15:25:22
44213,Darkmoon Pendant,321925,283705,145000,140000,2.22,2.03,2,2026-07-01 15:25:22
943,Warden Staff,265050,159030,120000,120000,2.21,1.33,1,2026-07-01 00:45:16
6363,26 Pound Catfish,131258,45298,102249,99999,1.28,2.21,3,2026-07-01 14:05:16
7386,Green Whelp Bracers,11999,11999,26500,26500,2.21,2.21,1,2026-06-12 02:44:57
9297,Recipe: Elixir of Dream Vision,224839,131246,101712,100425,2.21,1.31,4,2026-07-01 14:25:16
12542,Funeral Pyre Vestment,150939,90563,199999,199999,1.33,2.21,3,2026-07-01 14:25:16
13042,Sword of the Magistrate,60409,36245,80500,80000,1.33,2.21,5,2026-07-01 14:25:16
14790,Protector Buckler,54658,45274,100000,100000,1.83,2.21,1,2026-06-29 04:45:42
14859,Vanguard Legplates,226877,78302,102500,102500,2.21,1.31,1,2026-06-27 13:25:01
21884,Primal Fire,841329,746954,380000,350000,2.21,2.13,18,2026-07-01 14:45:20
34755,Tender Shoveltusk Steak,58638,42045,93812,93000,1.6,2.21,29,2026-07-01 15:05:19
41104,Glyph of Cleansing,7611,7010,3450,3300,2.21,2.12,28,2026-07-01 15:25:22
41593,Ebonweave,834287,727873,377000,376000,2.21,1.94,17,2026-07-01 15:25:22
43552,Glyph of Strangulate,22905,18784,10342,10198,2.21,1.84,25,2026-07-01 15:25:22
2304,Light Armor Kit,701,421,319,319,2.2,1.32,28,2026-07-01 14:05:16
21844,Bolt of Soulcloth,88091,67297,40000,40000,2.2,1.68,2,2026-07-01 14:45:20
21852,Netherweave Pants,90313,77178,169797,169797,1.88,2.2,1,2026-07-01 08:05:07
38850,Scroll of Enchant Gloves - Riding Skill,219882,175505,100000,100000,2.2,1.76,1,2026-07-01 15:25:22
39942,Tenuous Shadow Crystal,29123,17474,38400,38400,1.32,2.2,5,2026-07-01 15:25:22
41100,Glyph of Righteous Defense,72138,53608,32772,30000,2.2,1.79,29,2026-07-01 15:25:22
41475,Perfect Shining Dark Jade,72915,62510,137500,137500,1.89,2.2,8,2026-07-01 15:25:22
42102,Spellweave Robe,9906029,8831096,4498750,4497500,2.2,1.96,3,2026-07-01 15:25:22
42411,Glyph of Renew,18578,13795,8430,8300,2.2,1.66,42,2026-07-01 15:25:22
42957,Glyph of Blade Flurry,140547,94451,63994,63994,2.2,1.48,16,2026-07-01 15:25:22
43357,Glyph of Fire Ward,129334,63129,58900,58900,2.2,1.07,15,2026-07-01 15:25:22
43465,Scroll of Strength VII,2466,955,2100,2100,1.17,2.2,14,2026-07-01 15:25:22
3836,Green Iron Helm,38146,36499,80000,80000,2.1,2.19,1,2026-07-01 14:05:16
7960,Truesilver Champion,266917,160150,350000,350000,1.31,2.19,1,2026-06-22 02:25:09
8293,Traveler's Belt,150274,93036,328897,103500,2.19,1.11,3,2026-07-01 14:25:16
9187,Elixir of Greater Agility,7431,4459,3400,3400,2.19,1.31,31,2026-07-01 14:25:16
9375,Expert Goldminer's Helmet,754728,452837,990000,990000,1.31,2.19,1,2026-07-01 13:45:14
13309,Schematic: Lovingly Crafted Boomstick,174982,162848,80000,80000,2.19,2.04,1,2026-07-01 14:25:16
15092,Runic Leather Bracers,43435,41910,19800,19800,2.19,2.12,25,2026-07-01 14:25:16
27692,Recipe: Warp Burger,169774,166895,77500,77500,2.19,2.15,3,2026-07-01 15:05:19
38830,Scroll of Enchant Boots - Stamina,31297,28508,17774,12999,1.76,2.19,11,2026-07-01 15:25:22
40034,Guardian's Twilight Opal,552956,509835,252894,252893,2.19,2.02,18,2026-07-01 15:25:22
40104,Intricate Forest Emerald,647482,388489,295000,295000,2.19,1.32,4,2026-07-01 15:25:22
41439,Perfect Subtle Bloodstone,217605,89464,99400,99400,2.19,1.11,1,2026-07-01 15:25:22
41489,Perfect Fierce Huge Citrine,126042,72741,159749,159500,1.27,2.19,3,2026-07-01 15:25:22
42724,Ornate Saronite Gauntlets,1082126,615643,1350000,1350000,1.25,2.19,1,2026-07-01 15:25:22
43361,Glyph of the Penguin,146959,75141,67199,67199,2.19,1.12,15,2026-07-01 15:25:22
44081,Enigmatic Starflare Diamond,547995,223612,250000,250000,2.19,1.12,1,2026-06-30 04:25:28
45744,Glyph of Shield of Righteousness,151295,60410,69000,69000,2.19,1.14,8,2026-07-01 15:25:22
2317,Dark Leather Tunic,18529,11117,8500,8500,2.18,1.31,1,2026-06-27 16:25:14
3830,Recipe: Elixir of Fortitude,2091,1193,2650,2600,1.27,2.18,3,2026-07-01 14:05:16
9304,Recipe: Transmute Iron to Gold,52199,22794,49900,49800,1.05,2.18,2,2026-07-01 14:25:16
14584,Dokebi Hat,37929,22757,49699,49600,1.31,2.18,3,2026-07-01 14:25:16
14800,Bloodlust Buckler,76389,45833,100000,100000,1.31,2.18,1,2026-06-11 16:24:49
14856,Vanguard Girdle,37236,22342,48750,48750,1.31,2.18,1,2026-07-01 14:25:16
17032,Rune of Portals,43307,25984,19904,19904,2.18,1.31,1,2026-07-01 14:45:20
24477,Jaggal Clam Meat,277,129,127,124,2.18,1.04,136,2026-07-01 14:45:20
25660,Scaled Draenic Vest,174470,162539,80000,80000,2.18,2.03,4,2026-06-27 22:25:28
37702,Crystallized Fire,57269,38213,26243,26000,2.18,1.47,122,2026-07-01 15:05:19
37792,Agin's Crushing Carapace,476339,319452,723500,698000,1.52,2.18,5,2026-07-01 15:05:19
41512,Frostwoven Wristwraps,152835,91701,200000,200000,1.31,2.18,1,2026-06-27 01:25:33
42473,Glyph of Voidwalker,6040,3624,7999,7900,1.32,2.18,54,2026-07-01 15:25:22
3058,Forest Leather Gloves,21709,21108,10000,10000,2.17,2.11,1,2026-06-29 10:45:22
8495,Parrot Cage (Senegal),23426,18323,39900,39800,1.7,2.17,2,2026-07-01 14:25:16
9406,Spirewind Fetter,151966,91180,70000,70000,2.17,1.3,1,2026-06-30 14:45:07
12531,Searing Needle,109325,78238,169750,169500,1.55,2.17,4,2026-07-01 14:25:16
14497,Pattern: Mooncloth Leggings,148940,91842,199500,199500,1.34,2.17,1,2026-07-01 14:25:16
29733,Pattern: Netherdrake Gloves,768568,233026,504999,504999,1.52,2.17,2,2026-07-01 15:05:19
41401,Insightful Earthsiege Diamond,1182812,581985,545999,545999,2.17,1.07,20,2026-07-01 15:25:22
41429,Perfect Wicked Huge Citrine,124807,99571,57499,57499,2.17,1.73,1,2026-06-30 04:45:26
42093,Frostmoon Pants,769265,461559,1002500,1002500,1.3,2.17,1,2026-07-01 15:05:19
42337,Sun Rock Ring,153501,92101,199633,199500,1.3,2.17,24,2026-07-01 15:25:22
43854,Cobalt Skeleton Key,16739,11496,25000,25000,1.49,2.17,20,2026-05-21 06:05:12
856,Blue Leather Bag,5288,3376,7349,7300,1.39,2.16,6,2026-07-01 14:05:16
1296,Blackrock Mace,13483,8090,6250,5000,2.16,1.62,2,2026-07-01 14:05:16
2566,Sacrificial Robes,24100,14460,31250,31250,1.3,2.16,1,2026-02-05 21:02:51
2592,Wool Cloth,7803,3636,3616,3199,2.16,1.14,1543,2026-07-01 14:05:16
3928,Superior Healing Potion,1071,419,496,492,2.16,1.17,273,2026-07-01 14:05:16
15093,Runic Leather Belt,64497,38698,29799,29799,2.16,1.3,7,2026-07-01 14:25:16
36910,Titanium Ore,112172,58939,128459,127499,1.15,2.16,471,2026-07-01 15:05:19
38955,Scroll of Enchant Chest - Mighty Health,187997,157199,339999,339999,1.81,2.16,30,2026-07-01 15:25:22
38968,Scroll of Enchant Bracers - Exceptional Intellect,215541,129325,99996,99996,2.16,1.29,6,2026-07-01 15:25:22
41482,Perfect Accurate Huge Citrine,71386,46359,100000,100000,1.4,2.16,1,2026-07-01 15:25:22
43248,Stoneguard Band,237526,142516,109845,99900,2.16,1.43,73,2026-07-01 15:25:22
1406,Pearl-encrusted Spear,21540,16536,9999,9999,2.15,1.65,1,2026-06-17 14:05:23
1986,Gutrender,63717,50906,29700,29600,2.15,1.72,3,2026-07-01 14:05:16
4357,Rough Blasting Powder,428,376,199,199,2.15,1.89,14,2026-07-01 14:05:16
4683,Spellbinder Cloak,10766,4954,4999,4999,2.15,1.01,1,2026-07-01 14:05:16
4719,Nightsky Cloak,18639,16158,8749,7500,2.13,2.15,2,2026-07-01 14:05:16
5373,Lucky Charm,42927,31924,20000,20000,2.15,1.6,6,2026-07-01 14:05:16
5633,Great Rage Potion,64436,25339,29999,29999,2.15,1.18,35,2026-07-01 14:05:16
7279,Small Leather Ammo Pouch,1390,834,1795,1795,1.29,2.15,7,2026-07-01 14:25:16
7941,Heavy Mithril Axe,116344,69806,150000,150000,1.29,2.15,2,2026-06-27 05:05:23
8143,Chromite Legplates,42933,23714,20000,20000,2.15,1.19,1,2026-06-29 00:05:47
9488,Oscillating Power Hammer,54183,32510,69900,69900,1.29,2.15,1,2026-06-30 04:05:31
22739,Tome of Polymorph: Turtle,7597234,7460113,16042096,16042096,2.11,2.15,1,2026-06-30 07:45:14
27435,Figluster's Mudfish,4280,2123,1990,1990,2.15,1.07,1,2026-07-01 15:05:19
37761,Shimmerthread Girdle,347501,208501,447999,447999,1.29,2.15,3,2026-07-01 15:05:19
40338,Bindings of Yearning,17221831,10022954,7995000,6990000,2.15,1.43,4,2026-07-01 15:25:22
41102,Glyph of Turn Evil,104881,78522,48799,48799,2.15,1.61,12,2026-07-01 15:25:22
43392,Glyph of Curse of Exhaustion,125517,75310,58400,58400,2.15,1.29,16,2026-07-01 15:25:22
43418,Glyph of Heroic Strike,21432,18055,9949,9900,2.15,1.82,19,2026-07-01 15:25:22
45783,Glyph of Shadowflame,148156,89548,69000,69000,2.15,1.3,9,2026-07-01 15:25:22
48112,Darting Hatchling,1183685,1116080,550000,550000,2.15,2.03,1,2026-07-01 14:45:20
6429,Mistscape Wizard Hat,63858,25016,29899,29800,2.14,1.19,3,2026-07-01 14:25:16
8248,Imperial Red Cloak,77974,46784,99900,99900,1.28,2.14,1,2026-07-01 14:25:16
9423,The Jackhammer,427447,256468,199999,199999,2.14,1.28,1,2026-06-29 12:45:17
31133,Leggings of Concentrated Darkness,144603,93282,199999,199999,1.38,2.14,1,2026-07-01 15:05:19
35951,Poached Emperor Salmon,3814,2288,4900,4900,1.28,2.14,6,2026-05-20 23:05:21
38854,Scroll of Enchant Bracer - Superior Strength,2062951,1532088,965000,965000,2.14,1.59,2,2026-07-01 15:25:22
38890,Scroll of Enchant Gloves - Superior Agility,6429995,5072445,3000000,3000000,2.14,1.69,1,2026-05-03 14:04:46
40942,Spiked Cobalt Helm,572608,279856,600000,600000,1.05,2.14,1,2026-07-01 15:25:22
41184,Saronite Shiv,953751,572251,1224000,1224000,1.28,2.14,1,2026-06-30 06:45:16
42994,Rhinolicious Wormsteak,52506,28102,59999,59999,1.14,2.14,90,2026-07-01 15:25:22
43107,Sapphire Pigment,69279,45978,32299,32299,2.14,1.42,93,2026-07-01 10:45:14
43987,Scroll of Enchant Weapon - Black Magic,5388687,4191161,8990000,8990000,1.67,2.14,5,2026-07-01 15:25:22
44750,Mountain Water,700,700,1500,1500,2.14,2.14,2,2026-03-01 11:02:41
1980,Underworld Band,584731,350839,774500,749000,1.32,2.13,2,2026-07-01 14:05:16
6421,Glyphed Belt,42603,17715,20000,20000,2.13,1.13,1,2026-06-30 13:45:11
7787,Resplendent Guardian,247614,98225,209000,209000,1.18,2.13,1,2026-07-01 09:45:12
12978,Stormbringer Belt,149169,89501,70000,70000,2.13,1.28,1,2026-07-01 14:25:16
13068,Obsidian Greaves,157306,142586,303112,303112,1.93,2.13,2,2026-07-01 14:25:16
13087,River Pride Choker,79982,47989,37500,37500,2.13,1.28,1,2026-06-29 17:45:22
32836,Purified Shadow Pearl,39369,23621,18500,18500,2.13,1.28,4,2026-06-29 08:05:36
38975,Scroll of Enchant Chest - Exceptional Resilience,371444,236245,174033,173500,2.13,1.36,28,2026-07-01 15:25:22
40017,Quick Autumn's Glow,682316,635850,319899,319898,2.13,1.99,15,2026-07-01 15:25:22
41096,Glyph of Spiritual Attunement,14459,9814,6799,6700,2.13,1.46,16,2026-07-01 15:25:22
41601,Shining Spellthread,611667,367000,287000,287000,2.13,1.28,12,2026-07-01 15:25:22
49110,Nightmare Tear,1590987,913664,1950000,1950000,1.23,2.13,13,2026-07-01 15:25:22
4049,Emblazoned Bracers,22220,21245,13749,9999,1.62,2.12,2,2026-07-01 14:05:16
4352,Pattern: Boots of the Enchanter,18449,15756,8699,8699,2.12,1.81,3,2026-07-01 14:05:16
8172,Cured Thick Hide,21229,13386,9999,9999,2.12,1.34,9,2026-07-01 14:25:16
10634,Mindseye Circle,173919,104351,221108,221108,1.27,2.12,1,2026-07-01 02:25:10
13520,Recipe: Flask of Distilled Wisdom,40535937,21244059,44996969,44996969,1.11,2.12,1,2026-07-01 14:25:16
13871,Frostweave Pants,253872,82984,120000,120000,2.12,1.45,1,2026-06-30 19:45:14
23449,Khorium Bar,46504,39624,84000,84000,1.81,2.12,43,2026-07-01 14:45:20
31863,Balanced Nightseye,190120,137375,89700,89700,2.12,1.53,1,2026-04-09 07:22:21
37822,Twisted Puzzle-Ring,316918,238785,149500,149500,2.12,1.6,1,2026-07-01 08:25:12
38920,Scroll of Enchant Weapon - Potency,2419380,1849975,3930000,3930000,1.62,2.12,2,2026-07-01 15:25:22
41552,Glyph of Elemental Mastery,118736,54087,55999,55500,2.12,1.03,24,2026-07-01 15:25:22
42735,Glyph of Arcane Missiles,104871,43169,49400,49000,2.12,1.14,50,2026-07-01 15:25:22
1685,Troll-hide Bag,59340,32044,67749,67499,1.14,2.11,11,2026-07-01 14:05:16
8106,Hibernal Armor,39272,23563,49800,49800,1.27,2.11,1,2026-07-01 14:25:16
12717,Plans: Lionheart Helm,13680380,4024578,9250000,8500000,1.48,2.11,2,2026-07-01 14:25:16
13008,Dalewind Trousers,66631,66176,139899,139899,2.1,2.11,1,2026-07-01 14:25:16
13947,Recipe: Lobster Stew,162726,97636,77000,77000,2.11,1.27,6,2026-07-01 14:25:16
14416,Stonecloth Bindings,39457,23674,50000,50000,1.27,2.11,1,2026-07-01 14:25:16
14593,Hawkeye's Cloak,23795,14192,29900,29900,1.26,2.11,1,2026-06-30 22:05:15
18641,Dense Dynamite,4217,2530,2000,2000,2.11,1.26,10,2026-06-29 18:05:25
20755,Formula: Wizard Oil,253712,152227,120000,120000,2.11,1.27,2,2026-07-01 14:45:20
22456,Primal Shadow,12347,6993,5865,5800,2.11,1.21,10,2026-07-01 14:45:20
23802,Schematic: Ornate Khorium Rifle,913636,520593,1099313,1099313,1.2,2.11,1,2026-07-01 14:45:20
31286,Breastplate of Rapid Striking,244613,234635,495000,495000,2.02,2.11,1,2026-07-01 15:05:19
37069,Dragonflayer Seer's Bindings,410621,348604,195000,195000,2.11,1.79,1,2026-07-01 15:05:19
38414,Frostscale Chestguard,118455,71073,150000,150000,1.27,2.11,1,2026-06-26 03:24:54
38852,Scroll of Enchant Bracer - Greater Intellect,44225,31394,21008,21008,2.11,1.49,18,2026-07-01 15:25:22
39339,Emerald Pigment,19429,9018,19043,19043,1.02,2.11,1,2026-07-01 15:25:22
41781,Design: Misty Forest Emerald,313883,183882,148899,148899,2.11,1.23,4,2026-07-01 15:25:22
833,Lifestone,608781,365269,290000,290000,2.1,1.26,1,2026-06-28 01:25:36
3730,Big Bear Meat,7169,4673,9863,9800,1.38,2.1,34,2026-07-01 14:05:16
6047,Plans: Golden Scale Coif,72107,40561,34300,34200,2.1,1.19,2,2026-07-01 14:05:16
6431,Imperial Leather Boots,47221,28333,59500,59500,1.26,2.1,1,2026-07-01 10:05:11
8260,Serpentskin Gloves,46746,28048,59250,59000,1.27,2.1,2,2026-07-01 14:25:16
10394,Prairie Dog Whistle,102738,83252,48900,48800,2.1,1.71,5,2026-07-01 14:25:16
21885,Primal Water,339050,268466,161539,150000,2.1,1.79,20,2026-07-01 14:45:20
22823,Elixir of Camouflage,41910,25837,20000,20000,2.1,1.29,1,2026-07-01 01:45:13
25848,Formula: Runed Adamantite Rod,456013,360758,217250,217000,2.1,1.66,5,2026-07-01 14:45:20
29902,Red Moth Egg,367963,360401,756250,756250,2.06,2.1,2,2026-07-01 09:45:12
30745,Heavy Toolbox,335360,201216,160000,160000,2.1,1.26,1,2026-07-01 14:25:16
37778,Girdle of Unerring Flight,245063,147038,309000,309000,1.26,2.1,1,2026-06-30 14:05:10
38948,Scroll of Enchant Weapon - Executioner,9042369,5425421,4300000,4300000,2.1,1.26,3,2026-07-01 15:25:22
39986,Lambent Dark Jade,39139,23483,49400,49400,1.26,2.1,5,2026-07-01 15:25:22
44148,Mages Deck,523784,274804,250000,250000,2.1,1.1,1,2026-07-01 13:05:13
44467,Scroll of Enchant Weapon - Mighty Spellpower,6321505,5680852,11976300,11950000,1.89,2.1,9,2026-07-01 15:25:22
2978,Veteran Leggings,7994,4796,10000,10000,1.25,2.09,1,2026-07-01 04:45:04
3030,Razor Arrow,94,60,45,45,2.09,1.33,2000,2026-07-01 03:25:06
4439,Bruiser Club,6064,3638,2900,2900,2.09,1.25,1,2026-05-25 04:25:59
4498,Brown Leather Satchel,7904,4519,3789,2779,2.09,1.63,2,2026-07-01 14:05:16
4829,Dreamer's Belt,26876,26177,17387,12500,1.55,2.09,2,2026-07-01 14:05:16
5739,Barbaric Harness,62410,22396,29800,29800,2.09,1.33,1,2026-06-26 17:24:57
5996,Elixir of Water Breathing,10249,8360,4900,4900,2.09,1.71,19,2026-07-01 14:05:16
6412,Chief Brigadier Boots,23897,14338,30000,30000,1.26,2.09,1,2026-06-27 14:05:03
8123,Heraldic Leggings,46622,27973,22312,14625,2.09,1.91,2,2026-07-01 14:25:16
12414,Thorium Leggings,104539,62723,50000,50000,2.09,1.25,1,2026-06-16 15:05:17
13866,Runecloth Headband,83581,71859,40000,40000,2.09,1.8,2,2026-07-01 14:25:16
14562,Prospector's Chestpiece,43590,21510,45000,45000,1.03,2.09,1,2026-06-30 16:05:06
16828,Cenarion Belt,417104,250262,200000,200000,2.09,1.25,1,2026-06-21 19:25:20
20816,Delicate Copper Wire,7310,4758,3499,3499,2.09,1.36,48,2026-07-01 14:45:20
22451,Primal Air,626628,422240,300000,300000,2.09,1.41,8,2026-07-01 14:05:16
23447,Eternium Bar,80687,75752,38600,38600,2.09,1.96,16,2026-07-01 14:45:20
5766,Lesser Wizard's Robe,18063,14625,8700,8700,2.08,1.68,3,2026-06-30 06:25:19
6887,Spotted Yellowtail,3718,2231,4650,4650,1.25,2.08,11,2026-06-30 23:05:18
10318,Pattern: Admiral's Hat,83227,43210,40000,40000,2.08,1.08,1,2026-07-01 14:25:16
14688,Indomitable Epaulets,62449,37469,30000,30000,2.08,1.25,1,2026-06-21 04:05:21
16722,Lightforge Bracers,120322,72193,179999,150000,1.5,2.08,2,2026-07-01 14:45:20
23445,Fel Iron Bar,26723,19119,44454,39800,1.66,2.08,316,2026-07-01 14:45:20
25720,Pattern: Heavy Knothide Leather,187602,135509,90000,90000,2.08,1.51,1,2026-07-01 14:45:20
37799,Reanimator's Cloak,1064699,873345,512500,422000,2.08,2.07,6,2026-07-01 15:05:19
38808,Scroll of Enchant Chest - Greater Health,8019,4811,10000,10000,1.25,2.08,1,2026-06-18 04:05:33
41285,Chaotic Skyflare Diamond,849486,475042,408748,407996,2.08,1.16,37,2026-07-01 15:25:22
41353,Savage Saronite Hauberk,836588,722001,1500000,1500000,1.79,2.08,1,2026-07-01 15:25:22
41545,Duskweave Gloves,249052,147777,120000,120000,2.08,1.23,5,2026-07-01 15:25:22
43587,Icebane Girdle,4809284,2885570,6000000,6000000,1.25,2.08,1,2026-06-30 06:45:16
43663,Stormbound Tome,187633,112580,90000,90000,2.08,1.25,1,2026-05-22 16:25:32
44497,Scroll of Enchant Weapon - Accuracy,5566342,3339805,6939999,6939999,1.25,2.08,3,2026-07-01 15:25:22
1716,Robe of the Magi,56878,43491,89999,89999,1.58,2.07,1,2026-07-01 14:05:16
2565,Rod of Molten Fire,24189,14513,29999,29999,1.24,2.07,1,2026-06-28 20:05:32
3849,Hardened Iron Shortsword,43688,30151,62500,62500,1.43,2.07,1,2026-07-01 14:05:16
4250,Hillman's Belt,12230,7338,5900,5900,2.07,1.24,3,2026-07-01 14:05:16
6532,Bright Baubles,3960,2372,4900,4900,1.24,2.07,1,2026-06-27 21:45:26
7975,Plans: Heavy Mithril Pants,15415,10405,7449,5500,2.07,1.89,6,2026-07-01 14:25:16
8121,Heraldic Gloves,32029,19217,39900,39800,1.25,2.07,5,2026-07-01 14:25:16
8300,Traveler's Leggings,103463,62078,50000,50000,2.07,1.24,1,2026-07-01 14:25:16
12643,Dense Weightstone,2473,1930,4000,4000,1.62,2.07,20,2026-04-28 12:44:06
13107,Magiskull Cuffs,103551,81510,50000,50000,2.07,1.63,1,2026-07-01 12:05:10
14459,Elunarian Cloak,103490,62094,50000,50000,2.07,1.24,1,2026-06-30 04:25:28
16861,Bracers of Might,493710,482157,1000000,1000000,2.03,2.07,1,2026-07-01 09:45:12
31200,Shield of the Wayward Footman,273661,217391,450000,450000,1.64,2.07,1,2026-07-01 15:05:19
31336,Blade of Wizardry,24209423,14525654,30000000,30000000,1.24,2.07,1,2026-07-01 11:05:12
34085,Red Winter Clothes,822649,436650,398000,398000,2.07,1.1,1,2026-07-01 15:05:19
38590,Black Chitinguard Boots,403114,241868,500164,500164,1.24,2.07,1,2026-06-30 13:05:02
41976,Titanium Weapon Chain,361923,139420,293000,289000,1.24,2.07,8,2026-07-01 15:25:22
42460,Glyph of Felhunter,140689,75332,67999,67999,2.07,1.11,16,2026-07-01 15:25:22
43416,Glyph of Execution,109684,61697,52998,52996,2.07,1.16,17,2026-07-01 15:25:22
45735,Glyph of Raptor Strike,145119,75261,69999,69999,2.07,1.08,11,2026-07-01 15:25:22
3489,Thick War Axe,39968,24326,50010,50010,1.25,2.06,1,2026-07-01 01:05:16
7450,Pattern: Green Whelp Armor,12170,8200,5900,5800,2.06,1.41,7,2026-07-01 14:25:16
8107,Hibernal Boots,31932,26616,54925,54750,1.72,2.06,2,2026-07-01 14:25:16
8245,Imperial Red Tunic,123732,74239,60000,60000,2.06,1.24,1,2026-07-01 14:25:16
8401,Pattern: Tough Scorpid Leggings,4113,2909,1992,1990,2.06,1.46,2,2026-07-01 14:25:16
10510,Mithril Heavy-bore Rifle,206051,64478,100000,100000,2.06,1.55,1,2026-05-07 14:04:46
10631,Murkwater Gauntlets,123536,89331,60000,60000,2.06,1.49,1,2026-07-01 14:25:16
17725,Formula: Enchant Weapon - Winter's Might,3942108,2428602,4998749,4997500,1.27,2.06,2,2026-07-01 14:45:20
20263,Gurubashi Helm,113520,68112,140000,140000,1.23,2.06,1,2026-01-07 19:02:58
31204,The Gunblade,239258,143555,296000,296000,1.24,2.06,1,2026-07-01 03:05:07
37758,Raine's Choker of Combustion,324521,291033,599999,599999,1.85,2.06,1,2026-06-27 06:25:19
38842,Scroll of Enchant Bracer - Deflection,93218,55931,115428,115428,1.24,2.06,1,2026-06-19 04:05:34
40919,Glyph of Insect Swarm,65578,49914,31759,26000,2.06,1.92,17,2026-07-01 15:25:22
41491,Perfect Glinting Huge Citrine,97774,27750,47500,47500,2.06,1.71,2,2026-06-29 14:25:16
41541,Glyph of Water Mastery,119361,41352,57901,57901,2.06,1.4,16,2026-07-01 15:25:22
42730,Ornate Saronite Walkers,842770,656762,1350000,1350000,1.6,2.06,1,2026-07-01 15:25:22
1220,Lupine Axe,17835,8066,8699,7499,2.05,1.08,2,2026-06-29 10:45:22
2555,Recipe: Swiftness Potion,10627,4518,9799,2200,1.08,2.05,8,2026-07-01 14:05:16
4359,Handful of Copper Bolts,1697,1625,827,820,2.05,1.98,50,2026-07-01 14:05:16
4725,Chief Brigadier Pauldrons,27289,20475,19500,10000,1.4,2.05,5,2026-07-01 14:05:16
8299,Traveler's Helm,121872,73123,150000,150000,1.23,2.05,1,2026-07-01 14:25:16
14686,Indomitable Headdress,141213,94500,68999,68999,2.05,1.37,1,2026-06-23 04:25:03
16043,Schematic: Thorium Rifle,6453,3835,3150,3100,2.05,1.24,5,2026-07-01 14:45:20
18736,Plaguehound Leggings,200000,200000,409997,409997,2.05,2.05,3,2026-07-01 14:45:20
21934,Ornate Tigerseye Necklace,20090,17523,9800,9800,2.05,1.79,1,2026-06-30 20:05:11
24270,Bag of Jewels,2312671,1256893,2577500,2577500,1.11,2.05,2,2026-06-23 11:05:06
34748,Mammoth Meal,10430,6258,5085,5085,2.05,1.23,20,2026-07-01 04:25:06
34756,Spiced Worm Burger,28391,17035,13847,13700,2.05,1.24,12,2026-07-01 15:05:19
40096,Sundered Forest Emerald,698043,410281,340333,340000,2.05,1.21,10,2026-07-01 15:25:22
41339,Swift Skyflare Diamond,225651,140914,110000,107250,2.05,1.31,18,2026-07-01 15:25:22
41349,Savage Saronite Gauntlets,1219600,731760,1500000,1500000,1.23,2.05,1,2026-07-01 15:25:22
41519,Frostwoven Leggings,132581,97347,199999,199999,1.51,2.05,4,2026-06-30 20:45:13
42416,Glyph of Smite,17283,16717,34299,34299,1.98,2.05,24,2026-07-01 15:25:22
2965,Warrior's Tunic,9978,5987,4900,4900,2.04,1.22,1,2026-07-01 14:05:16
3569,Vicar's Robe,13474,11591,6600,6600,2.04,1.76,1,2026-04-03 20:22:33
7191,Fused Wiring,80061,48037,98749,98000,1.23,2.04,13,2026-07-01 14:25:16
7391,Swift Boots,40892,24535,20000,20000,2.04,1.23,1,2026-06-17 04:25:19
7971,Black Pearl,80598,29303,39414,39000,2.04,1.33,24,2026-07-01 14:25:16
12252,Staff of Protection,163341,98005,80000,80000,2.04,1.23,1,2026-05-23 12:05:40
14399,Resilient Boots,24779,14722,29999,29999,1.21,2.04,1,2026-06-28 15:05:18
14437,Venomshroud Vest,61264,54404,30000,30000,2.04,1.81,1,2026-07-01 06:45:04
14862,Warleader's Breastplate,244898,178022,120000,120000,2.04,1.48,1,2026-06-24 20:45:18
21099,Recipe: Smoked Sagefish,17638,4363,8900,8900,1.98,2.04,1,2026-07-01 14:45:20
23096,Runed Blood Garnet,70251,24557,50000,50000,1.41,2.04,1,2026-06-22 02:25:09
23498,Fel Iron Hammer,142605,132109,70000,70000,2.04,1.89,2,2026-06-18 21:45:37
23799,Schematic: Adamantite Rifle,366865,232840,180000,180000,2.04,1.29,1,2026-07-01 14:45:20
34753,Great Feast,49867,34217,69999,69900,1.4,2.04,27,2026-07-01 15:05:19
37748,Winterfall's Frozen Necklace,109328,97656,199500,199500,1.82,2.04,1,2026-07-01 11:45:10
42431,Dalaran Brownie,2400,2400,4900,4900,2.04,2.04,7,2026-05-06 00:05:01
43501,Northern Egg,3115,2237,1524,1524,2.04,1.47,62,2026-07-01 15:25:22
3575,Iron Bar,5520,2299,4790,4666,1.15,2.03,564,2026-07-01 14:05:16
4042,Aurora Gloves,44332,19223,21880,20000,2.03,1.04,2,2026-07-01 14:05:16
4782,Solstice Robe,24647,14788,30000,30000,1.22,2.03,1,2026-07-01 14:05:16
5480,Lean Venison,222,222,450,450,2.03,2.03,80,2026-06-18 01:45:34
7734,Six Demon Bag,101391,60835,50000,50000,2.03,1.22,1,2026-06-30 20:25:11
10030,Admiral's Hat,1154199,699575,568999,568999,2.03,1.23,4,2026-07-01 14:25:16
15846,Salt Shaker,64637,44419,90000,90000,1.39,2.03,3,2026-07-01 14:45:20
16851,Giantstalker's Belt,568487,493580,1000000,1000000,1.76,2.03,1,2026-06-22 02:45:09
29903,Yellow Moth Egg,57504,34502,70000,70000,1.22,2.03,1,2026-07-01 15:05:19
37290,Dragon Prow Amulet,508250,449718,250000,250000,2.03,1.8,1,2026-07-01 15:05:19
39086,Cobalt Legplates,229608,158539,322499,322000,1.4,2.03,2,2026-07-01 15:25:22
40049,Veiled Monarch Topaz,529661,329435,669899,669899,1.26,2.03,11,2026-07-01 15:25:22
46378,Flask of Pure Mojo,168159,100895,205000,205000,1.22,2.03,30,2026-07-01 15:25:22
810,Hammer of the Northern Wind,206476,123886,279500,250000,1.35,2.02,2,2026-07-01 14:05:16
1705,Lesser Moonstone,1609,984,2310,1985,1.44,2.02,147,2026-07-01 14:05:16
6217,Copper Rod,16231,9739,19698,19698,1.21,2.02,11,2026-07-01 14:05:16
6147,Ratty Old Belt,10120,8661,4999,4999,2.02,1.73,1,2026-07-01 14:05:16
7918,Heavy Mithril Shoulder,80624,69552,40000,40000,2.02,1.74,1,2026-06-29 14:05:17
8179,Cadet's Bow,842,505,1700,1000,2.02,1.98,3,2026-07-01 14:25:16
9719,Broken Blade of Heroes,13858,13040,6849,6849,2.02,1.9,5,2026-07-01 14:25:16
13110,Wolffear Harness,145048,98816,200000,200000,1.38,2.02,1,2026-07-01 09:25:09
13949,Recipe: Baked Salmon,171562,102937,85000,85000,2.02,1.21,3,2026-07-01 14:25:16
14595,Hawkeye's Breeches,43311,19281,64249,38999,1.48,2.02,2,2026-07-01 14:25:16
18255,Runn Tum Tuber,17168,14860,30000,30000,1.75,2.02,8,2026-06-22 14:05:13
22446,Greater Planar Essence,162613,68709,150325,139000,1.08,2.02,143,2026-07-01 14:45:20
32772,Brilliant Pearl Band,201680,121008,99900,99900,2.02,1.21,1,2026-06-27 16:45:15
39963,Stark Huge Citrine,42150,25290,34925,12500,1.21,2.02,13,2026-07-01 15:25:22
41383,Titansteel Bonecrusher,12194955,7316973,14810000,14810000,1.21,2.02,1,2026-07-01 15:25:22
43145,Armor Vellum III,71722,58025,117500,117500,1.64,2.02,7,2026-07-01 15:25:22
43273,Overcast Boots,2520152,1406253,1250000,1250000,2.02,1.13,1,2026-06-30 18:05:13
45733,Glyph of Explosive Trap,139686,96933,69000,69000,2.02,1.4,11,2026-07-01 15:25:22
1927,Deadmines Cleaver,8677,5032,5750,2500,1.51,2.01,3,2026-07-01 14:05:16
4374,Small Bronze Bomb,805,805,400,400,2.01,2.01,18,2026-06-30 18:45:13
4409,Schematic: Small Seaforium Charge,4416,1989,4000,4000,1.1,2.01,8,2026-07-01 14:05:16
4426,Scroll of Strength III,1151,994,1998,1995,1.74,2.01,7,2026-07-01 14:05:16
7112,Aurora Armor,46923,34909,70000,70000,1.49,2.01,1,2026-07-01 14:25:16
8275,Ebonhold Buckler,140830,111195,70000,70000,2.01,1.59,1,2026-06-28 20:45:34
10316,Pattern: Colorful Kilt,8824,5294,4399,4399,2.01,1.2,3,2026-07-01 14:25:16
16673,Cord of Elements,110363,68232,55000,55000,2.01,1.24,1,2026-06-28 17:25:27
23785,Hardened Adamantite Tube,239074,143444,291000,289000,1.22,2.01,26,2026-07-01 14:45:20
27669,Bat Flesh,2602,1855,1295,1295,2.01,1.43,3,2026-07-01 15:05:19
40915,Glyph of Lifebloom,116388,42746,57901,57901,2.01,1.35,15,2026-07-01 15:25:22
41352,Savage Saronite Waistguard,911249,546749,1120000,1100000,1.23,2.01,3,2026-07-01 15:25:22
41494,Perfect Luminous Huge Citrine,80517,75870,40000,40000,2.01,1.9,13,2026-07-01 15:25:22
43871,Saronite Spellblade,1651717,787509,1582000,1582000,1.04,2.01,1,2026-06-30 06:45:16
44469,Scroll of Enchant Boots - Greater Assault,1529110,1338796,760860,760800,2.01,1.76,14,2026-07-01 15:25:22
1300,Lesser Staff of the Spire,39972,18214,20000,20000,2.0,1.1,1,2026-06-30 00:05:36
2021,Green Carapace Shield,21640,9994,20000,20000,1.08,2.0,1,2026-06-25 03:05:11
2254,Icepane Warhammer,6000,6000,3000,3000,2.0,2.0,1,2026-06-27 04:05:20
2657,Red Leather Bag,6191,2396,3100,3000,2.0,1.25,6,2026-07-01 14:05:16
3642,Ancestral Bracers,10000,10000,5012,5012,2.0,2.0,1,2026-06-30 19:05:13
3727,Hot Lion Chops,3991,1152,1998,1998,2.0,1.73,17,2026-06-23 19:45:06
4381,Minor Recombobulator,100000,100000,50000,50000,2.0,2.0,1,2026-06-03 18:05:10
5568,Smooth Pebble,10,9,5,5,2.0,1.8,1,2026-06-29 18:05:25
5767,Violet Robes,499999,499999,1000132,1000132,2.0,2.0,1,2026-06-26 14:25:02
6422,Glyphed Helm,51301,20846,25652,25652,2.0,1.23,1,2026-06-30 20:25:11
8128,Myrmidon's Gauntlets,40011,24007,20000,20000,2.0,1.2,1,2026-07-01 14:25:16
8285,Arcane Bands,74974,44984,90250,90000,1.2,2.0,4,2026-07-01 14:25:16
8317,Alabaster Plate Helmet,50113,30068,65000,60000,1.3,2.0,2,2026-07-01 14:25:16
13002,Lady Alizabeth's Pendant,51127,47270,94700,94700,1.85,2.0,1,2026-07-01 14:25:16
13260,Wind Dancer Boots,240131,144079,120000,120000,2.0,1.2,1,2026-06-27 08:45:58
14669,Keeper's Mantle,34337,25309,50513,50513,1.47,2.0,2,2026-07-01 14:25:16
15322,Smoothbore Gun,28882,17329,14450,14400,2.0,1.2,5,2026-07-01 14:25:16
15484,War Torn Handgrips,5000,5000,9999,9999,2.0,2.0,1,2026-07-01 03:45:06
18700,Malefic Bracers,100000,100000,200000,200000,2.0,2.0,1,2026-06-30 17:25:11
19289,Darkmoon Card: Maelstrom,3200512,1099924,2200000,2200000,1.45,2.0,1,2026-06-15 18:45:23
21754,The Aquamarine Ward,60000,60000,29999,29999,2.0,2.0,6,2026-07-01 14:45:20
23782,Fel Iron Casing,69923,41815,34999,34998,2.0,1.19,22,2026-07-01 14:45:20
25659,Scaled Draenic Boots,99829,73712,50000,50000,2.0,1.47,5,2026-07-01 03:45:06
37603,Scroll of Enchant Boots - Dexterity,399999,399999,200000,200000,2.0,2.0,1,2026-06-06 07:04:55
37806,Zabra's Misplaced Staff,712813,427688,356000,356000,2.0,1.2,1,2026-07-01 15:05:19
40923,Glyph of Moonfire,90035,55878,44916,44600,2.0,1.25,43,2026-07-01 15:25:22
41481,Perfect Vivid Dark Jade,66576,39946,80000,80000,1.2,2.0,1,2026-06-21 02:25:23
42403,Glyph of Lightwell,124833,64573,62498,62498,2.0,1.03,13,2026-07-01 15:25:22
3279,Battle Chain Boots,1589,953,800,800,1.99,1.19,1,2026-07-01 12:45:09
3485,Green Iron Gauntlets,10054,6032,12000,12000,1.19,1.99,1,2026-07-01 14:05:16
4456,Raptor Hide Belt,19917,19625,10000,10000,1.99,1.96,7,2026-07-01 14:05:16
4697,Burnished Girdle,17306,10384,8699,7999,1.99,1.3,2,2026-07-01 14:05:16
6433,Imperial Leather Helm,33305,19983,39800,39800,1.2,1.99,2,2026-07-01 14:25:16
9060,Inlaid Mithril Cylinder,33565,20139,40000,40000,1.19,1.99,24,2026-07-01 14:25:16
12989,Gargoyle's Bite,58769,35261,70000,70000,1.19,1.99,1,2026-07-01 05:44:59
13011,Silver-lined Belt,39710,23826,20000,20000,1.99,1.19,1,2026-06-29 02:25:43
14500,Pattern: Wizardweave Robe,62189,50247,99999,99999,1.61,1.99,1,2026-06-30 01:05:32
14765,Enduring Circlet,39731,23839,20000,20000,1.99,1.19,1,2026-06-27 12:45:03
14865,Warleader's Greaves,99417,59650,50000,50000,1.99,1.19,1,2026-07-01 14:25:16
15990,Enduring Shield,39787,24972,20000,20000,1.99,1.25,1,2026-07-01 03:45:06
17200,Recipe: Gingerbread Cookie,174673,104804,208819,208500,1.2,1.99,2,2026-07-01 14:45:20
20725,Nexus Crystal,44902,20873,41499,41499,1.08,1.99,27,2026-07-01 14:45:20
21855,Netherweave Tunic,125347,75208,149499,149499,1.19,1.99,3,2026-07-01 14:45:20
22445,Arcane Dust,32752,18253,37335,36400,1.14,1.99,552,2026-07-01 14:45:20
27736,Master Cookbook,185597,145818,289999,289999,1.56,1.99,6,2026-07-01 15:05:19
34721,Frostweave Bandage,3959,3485,1990,1990,1.99,1.75,242,2026-07-01 15:05:19
38399,Trapper's Traveling Pack,1589073,1281929,799500,799000,1.99,1.6,4,2026-07-01 15:05:19
38879,Scroll of Enchant Weapon - Strength,2466163,2006225,4000000,4000000,1.62,1.99,1,2026-06-29 13:45:17
39690,Volatile Blasting Trigger,81502,52030,41023,39800,1.99,1.31,42,2026-07-01 15:25:22
39936,Glowing Shadow Crystal,39174,23504,19700,19600,1.99,1.2,4,2026-07-01 15:25:22
40009,Sparkling Sky Sapphire,90417,54250,45513,45200,1.99,1.2,46,2026-07-01 15:25:22
41266,Skyflare Diamond,773048,534757,388428,388000,1.99,1.38,48,2026-07-01 15:25:22
44158,Demons Deck,890992,557929,446969,446969,1.99,1.25,1,2026-07-01 13:05:13
3053,Humbert's Chestpiece,19838,11879,9999,9999,1.98,1.19,6,2026-07-01 14:05:16
7965,Solid Weightstone,4949,3997,2500,2500,1.98,1.6,1,2026-05-02 18:24:25
9144,Wildvine Potion,19582,10675,9900,9900,1.98,1.08,1,2026-07-01 14:25:16
13478,Recipe: Elixir of Superior Defense,143411,89491,72250,72000,1.98,1.24,3,2026-07-01 14:25:16
14116,Aboriginal Cape,1871,1100,946,946,1.98,1.16,1,2026-07-01 11:05:12
14817,Warstrike Shoulder Pads,99120,59472,50000,50000,1.98,1.19,1,2026-06-20 18:45:17
29901,Blue Moth Egg,58863,35318,70000,70000,1.19,1.98,1,2026-07-01 15:05:19
29904,White Moth Egg,59029,35417,70000,70000,1.19,1.98,1,2026-07-01 15:05:19
34537,Bloodberry Elixir,160543,100738,199500,199500,1.24,1.98,1,2026-07-01 15:05:19
38872,Scroll of Enchant Weapon - Unholy Weapon,833948,500369,990000,990000,1.19,1.98,1,2026-06-12 19:04:57
38905,Scroll of Enchant Shield - Intellect,1554370,1261220,2500000,2500000,1.61,1.98,1,2026-06-21 19:05:21
39691,Succulent Orca Stew,8921,6232,4496,4496,1.98,1.39,50,2026-07-01 15:25:22
42942,Baked Manta Ray,9431,5659,4767,4697,1.98,1.2,225,2026-07-01 15:25:22
44703,Dark Herring,296098,277718,149749,149500,1.98,1.86,3,2026-07-01 15:25:22
45736,Glyph of Deep Freeze,136727,74931,69000,69000,1.98,1.09,11,2026-07-01 15:25:22
45803,Glyph of Unholy Blight,129804,65257,65595,65595,1.98,1.01,11,2026-07-01 15:25:22
3386,Potion of Curing,5896,3538,3000,3000,1.97,1.18,4,2026-07-01 14:05:16
3892,Embroidered Hat,46666,46666,92100,92100,1.97,1.97,1,2026-06-07 23:05:22
7387,Dusky Belt,16955,10173,19999,19999,1.18,1.97,1,2026-06-27 16:05:10
8319,Alabaster Plate Pauldrons,54450,50860,100000,100000,1.84,1.97,1,2026-07-01 14:25:16
14590,Hawkeye's Bracers,42048,25229,49800,49800,1.18,1.97,1,2026-06-30 17:25:11
16053,Schematic: Master Engineer's Goggles,59076,55268,29999,29999,1.97,1.84,1,2026-07-01 14:45:20
18742,Stratholme Militia Shoulderguard,129562,101548,247000,200000,1.91,1.97,4,2026-07-01 14:45:20
22901,Recipe: Sneaking Potion,312593,301008,159000,159000,1.97,1.89,1,2026-07-01 14:45:20
23773,Adamantite Shells,126,76,150,150,1.19,1.97,5000,2026-05-13 20:05:16
38806,Scroll of Enchant Cloak - Defense,42350,25410,50000,50000,1.18,1.97,9,2026-05-19 12:45:13
38861,Scroll of Enchant Shield - Greater Stamina,76811,62374,151666,55000,1.97,1.13,10,2026-07-01 15:25:22
40022,Sovereign Twilight Opal,413235,241975,209570,200000,1.97,1.21,21,2026-07-01 15:25:22
41484,Perfect Deadly Huge Citrine,96793,58076,49199,49199,1.97,1.18,5,2026-07-01 15:25:22
43257,Wildscale Breastplate,442709,340807,670000,670000,1.51,1.97,1,2026-07-01 12:25:09
3448,Senggin Root,1672,1226,2400,2400,1.44,1.96,20,2026-06-30 22:45:17
3818,Fadeleaf,5351,1790,3583,3500,1.49,1.96,197,2026-07-01 14:05:16
6397,Emblazoned Gloves,17438,16985,8900,8900,1.96,1.91,1,2026-07-01 13:45:14
9754,Gypsy Cloak,9704,7500,4949,4900,1.96,1.53,2,2026-07-01 14:25:16
13105,Sutarn's Ring,127280,76368,150000,150000,1.18,1.96,1,2026-06-30 09:24:57
13129,Firemane Leggings,97855,58713,50000,50000,1.96,1.17,1,2026-06-29 03:25:42
14594,Hawkeye's Gloves,31344,10182,19999,19999,1.57,1.96,1,2026-07-01 00:45:16
14671,Pridelord Boots,98050,58830,50000,50000,1.96,1.18,1,2026-06-30 18:05:13
14722,War Paint Anklewraps,19622,11773,10000,10000,1.96,1.18,1,2026-06-30 03:25:31
16252,Formula: Enchant Weapon - Crusader,10768145,8811759,5505000,5000000,1.96,1.76,4,2026-07-01 14:45:20
20407,Twilight Cultist Robe,39222,36344,20000,20000,1.96,1.82,1,2026-06-30 14:25:12
28120,Gleaming Ornate Dawnstone,451254,270752,229900,229900,1.96,1.18,2,2026-03-23 00:02:41
40533,Walnut Stock,58843,35306,30000,30000,1.96,1.18,1,2026-05-06 10:44:36
41382,Trenchant Earthsiege Diamond,1075546,645328,550000,550000,1.96,1.17,1,2026-03-16 18:02:45
42455,Glyph of Corruption,39741,25461,54150,50000,1.36,1.96,33,2026-07-01 15:25:22
1076,Defias Renegade Ring,35151,25508,49900,49800,1.42,1.95,3,2026-07-01 14:05:16
4259,Green Leather Bracers,38748,28072,19900,19900,1.95,1.41,1,2026-06-12 14:04:50
4307,Heavy Linen Gloves,986,767,1499,1499,1.52,1.95,1,2026-07-01 06:05:01
4422,Scroll of Stamina III,2621,773,1343,1343,1.95,1.74,6,2026-07-01 14:05:16
4676,Skeletal Gauntlets,8554,5132,10000,10000,1.17,1.95,1,2026-05-27 23:05:47
4696,Lapidis Tankard of Tidesippe,56677,40444,28999,28999,1.95,1.39,2,2026-07-01 12:05:10
5181,Vibrant Silk Cape,16988,10193,19900,19900,1.17,1.95,1,2026-07-01 01:25:14
5467,Kodo Meat,3245,1017,1988,1985,1.63,1.95,11,2026-07-01 14:05:16
6242,Blue Linen Robe,29791,17875,15242,15242,1.95,1.17,3,2026-07-01 14:05:16
8138,Chromite Chestplate,42709,25625,50000,50000,1.17,1.95,1,2026-07-01 14:25:16
13126,Battlecaller Gauntlets,63986,50958,99500,99500,1.56,1.95,1,2026-07-01 14:25:16
13755,Winter Squid,19459,18279,10000,10000,1.95,1.83,9,2026-06-06 16:05:04
14462,Elunarian Sarong,117072,92524,60000,60000,1.95,1.54,1,2026-06-30 19:25:16
16052,Schematic: Voice Amplification Modulator,861997,359193,699999,699999,1.23,1.95,2,2026-07-01 14:45:20
16243,Formula: Runed Arcanite Rod,346978,208187,177750,177500,1.95,1.17,6,2026-07-01 14:45:20
25691,Heavy Clefthoof Boots,282652,199999,390000,390000,1.38,1.95,1,2026-03-20 10:22:32
31297,Robe of the Crimson Order,293646,255556,498500,498000,1.7,1.95,3,2026-07-01 15:05:19
33470,Frostweave Cloth,3762,2003,4744,3900,1.26,1.95,893,2026-07-01 15:05:19
38929,Scroll of Enchant Chest - Restore Mana Prime,70462,20267,36200,36200,1.95,1.79,20,2026-07-01 15:25:22
39912,Brilliant Sun Crystal,19445,13037,9994,9994,1.95,1.3,1,2026-07-01 05:24:59
40734,Bracers of Dalaran's Parapets,10255115,6153069,12000000,12000000,1.17,1.95,3,2026-07-01 15:25:22
41550,Duskweave Shoulders,245625,205263,399999,399999,1.63,1.95,1,2026-06-29 15:25:19
44442,Bugsquashers,300494,180296,154367,154367,1.95,1.17,1,2026-06-27 15:25:12
3042,"BKP ""Sparrow"" Smallbore",19077,11446,9850,9800,1.94,1.17,2,2026-07-01 14:05:16
7912,Solid Stone,1442,1047,745,745,1.94,1.41,862,2026-07-01 14:25:16
13097,Thunderbrow Ring,58296,45497,88264,88264,1.51,1.94,1,2026-06-23 14:45:09
14681,Indomitable Boots,42856,25714,50000,50000,1.17,1.94,1,2026-06-07 16:45:06
27699,Recipe: Golden Fish Sticks,151847,91108,78250,78000,1.94,1.17,5,2026-07-01 15:05:19
27700,Recipe: Spicy Crawdad,135568,81341,157750,157500,1.16,1.94,5,2026-07-01 15:05:19
27855,Mag'har Grainbread,3957,2374,4600,4600,1.16,1.94,19,2026-06-27 16:45:15
31137,Gauntlets of Purification,67229,61709,119899,119899,1.78,1.94,1,2026-07-01 15:05:19
37757,Charlotte's Chastizing Pauldrons,208902,125341,243500,243000,1.17,1.94,2,2026-07-01 15:05:19
40033,Puissant Twilight Opal,537730,322638,276499,276499,1.94,1.17,8,2026-07-01 15:25:22
40736,Armguard of the Tower Archer,10098141,7739844,14999999,14999999,1.49,1.94,1,2026-07-01 06:05:01
42958,Glyph of Crippling Poison,131767,122476,67999,67999,1.94,1.8,20,2026-07-01 15:25:22
43427,Glyph of Sunder Armor,9172,3048,5999,5900,1.53,1.94,27,2026-07-01 15:25:22
1459,Shadowhide Scalper,18937,12875,9800,9800,1.93,1.31,1,2026-06-27 18:25:26
3284,Tribal Boots,8643,5186,10000,10000,1.16,1.93,1,2026-07-01 14:05:16
3490,Deadly Bronze Poniard,41678,25007,80500,31000,1.93,1.24,4,2026-07-01 14:05:16
4320,Spidersilk Boots,562338,446118,291479,290029,1.93,1.54,3,2026-07-01 14:05:16
7092,Pattern: Hands of Darkness,13675,5280,10199,10199,1.34,1.93,3,2026-07-01 14:25:16
8186,Dire Wand,19291,13001,10000,10000,1.93,1.3,1,2026-07-01 01:25:14
14256,Felcloth,95760,35696,49733,49600,1.93,1.39,7,2026-07-01 14:25:16
14474,Pattern: Frostweave Gloves,6696,4862,9449,9400,1.41,1.93,4,2026-07-01 14:25:16
14756,Slayer's Slippers,15272,14433,7900,7900,1.93,1.83,1,2026-07-01 14:25:16
15731,Pattern: Runic Leather Gauntlets,6747,5530,3500,3500,1.93,1.58,1,2026-07-01 14:45:20
22836,Major Dreamless Sleep Potion,57960,34776,30000,30000,1.93,1.16,61,2026-07-01 14:45:20
23575,Lesser Ward of Shielding,17545,13135,9100,9100,1.93,1.44,70,2026-07-01 14:45:20
23746,Adamantite Rifle,290170,168520,150000,150000,1.93,1.12,5,2026-06-16 11:25:10
38953,Scroll of Enchant Gloves - Precision,481093,379225,249599,249000,1.93,1.52,7,2026-07-01 15:25:22
41243,Notched Cobalt War Axe,289969,214112,150000,150000,1.93,1.43,3,2026-07-01 15:25:22
41803,Rockfin Grouper,1870,1546,967,965,1.93,1.6,122,2026-07-01 15:25:22
42645,Titanium Impact Choker,12097366,7258420,13979998,13979998,1.16,1.93,4,2026-07-01 15:25:22
43127,Snowfall Ink,198422,88155,175000,170000,1.13,1.93,62,2026-07-01 15:25:22
766,Flanged Mace,4800,4800,2500,2500,1.92,1.92,1,2026-07-01 14:05:16
2313,Medium Armor Kit,4566,2859,5500,5500,1.2,1.92,2,2026-07-01 14:05:16
4314,Double-stitched Woolen Shoulders,9303,8312,4833,4800,1.92,1.73,7,2026-07-01 14:05:16
6384,Stylish Blue Shirt,181407,62229,119749,119500,1.51,1.92,5,2026-07-01 14:05:16
13005,Amy's Blanket,30239,25534,48962,48900,1.62,1.92,2,2026-07-01 14:25:16
13070,Sapphiron's Scale Boots,130366,78220,199000,150000,1.53,1.92,4,2026-07-01 14:25:16
14377,Sanguine Handwraps,36454,17753,19000,19000,1.92,1.07,1,2026-07-01 01:25:14
14445,Venomshroud Silk Robes,36764,28200,70750,25500,1.92,1.11,2,2026-07-01 14:25:16
14664,Keeper's Armor,57724,34634,30000,30000,1.92,1.15,2,2026-06-17 01:05:22
16697,Devout Bracers,77977,30750,59332,59000,1.31,1.92,7,2026-07-01 14:45:20
23503,Adamantite Cleaver,216584,129950,250000,250000,1.15,1.92,1,2026-06-26 13:04:50
28421,Adamantite Weightstone,22113,16825,11500,11500,1.92,1.46,20,2026-07-01 15:05:19
39151,Alabaster Pigment,1079,647,1250,1245,1.16,1.92,35,2026-07-01 15:25:22
43591,Polar Cord,4905717,4549165,8750000,8750000,1.78,1.92,1,2026-07-01 15:25:22
2265,Stonesplinter Axe,12631,7579,6600,6600,1.91,1.15,1,2026-06-28 23:45:49
6198,Jurassic Wristguards,17419,10451,20000,20000,1.15,1.91,1,2026-06-27 16:45:15
6413,Chief Brigadier Bracers,28608,17165,15000,15000,1.91,1.14,1,2026-07-01 14:25:16
8028,Plans: Runed Mithril Hammer,60903,57316,34400,30000,1.77,1.91,4,2026-07-01 14:25:16
9233,Elixir of Detect Demon,2795,2675,1460,1460,1.91,1.83,20,2026-07-01 14:25:16
10305,Scroll of Protection IV,2184,1308,2500,2500,1.14,1.91,1,2026-07-01 14:25:16
14485,Pattern: Wizardweave Leggings,34106,20464,39000,39000,1.14,1.91,1,2026-01-13 09:22:57
31673,Crunchy Serpent,18544,11126,9700,9700,1.91,1.15,20,2026-07-01 15:05:19
34722,Heavy Frostweave Bandage,4782,2941,2500,2500,1.91,1.18,198,2026-07-01 15:05:19
39088,Cobalt Boots,172101,152675,291499,291000,1.69,1.91,3,2026-07-01 15:25:22
40102,Turbid Forest Emerald,566564,409587,296000,296000,1.91,1.38,2,2026-07-01 15:25:22
41165,Saronite Razorheads,42,16,22,22,1.91,1.38,20300,2026-07-01 15:25:22
43974,Frostsavage Bracers,1304793,782876,1497499,1497499,1.15,1.91,1,2026-07-01 13:45:14
1219,Redridge Machete,18797,17367,9900,9900,1.9,1.75,1,2026-06-30 06:05:19
1982,Nightblade,305779,183467,351064,349500,1.15,1.9,9,2026-07-01 14:05:16
2013,Cryptbone Staff,43909,26345,50000,50000,1.14,1.9,1,2026-07-01 14:05:16
2673,Coyote Meat,15227,11773,8000,8000,1.9,1.47,10,2026-07-01 14:05:16
2698,Recipe: Cooked Crab Claw,32695,31927,17200,17200,1.9,1.86,5,2026-07-01 14:05:16
2802,Blazing Emblem,65866,39520,76844,75000,1.17,1.9,2,2026-07-01 14:05:16
4065,Combat Shield,33722,15597,29700,29600,1.14,1.9,2,2026-07-01 14:05:16
6309,17 Pound Catfish,22548,18553,35500,35200,1.57,1.9,11,2026-07-01 14:05:16
6660,Julie's Dagger,95095,57057,50000,50000,1.9,1.14,1,2026-07-01 14:25:16
10561,Mithril Casing,81221,48733,42764,42764,1.9,1.14,20,2026-07-01 14:25:16
13089,Skibi's Pendant,94778,56867,50000,50000,1.9,1.14,1,2026-06-30 17:05:14
14409,Stonecloth Cape,18805,12027,9900,9900,1.9,1.21,1,2026-06-30 21:25:18
14761,Enduring Belt,23711,17272,12500,12500,1.9,1.38,1,2026-06-30 20:45:13
22577,Mote of Shadow,826,792,434,432,1.9,1.83,205,2026-07-01 14:45:20
22840,Elixir of Major Mageblood,75031,56148,39562,39562,1.9,1.42,5,2026-06-30 09:44:59
23635,Plans: Eternium Runed Blade,871908,523145,994000,994000,1.14,1.9,1,2026-07-01 14:45:20
24065,Dazzling Talasite,132919,79751,70000,70000,1.9,1.14,1,2026-05-30 22:25:43
34831,Eye of the Sea,285222,213700,150000,150000,1.9,1.42,1,2026-06-27 17:45:17
35640,Darkweb Bindings,287796,172678,338500,328000,1.18,1.9,2,2026-07-01 15:05:19
37705,Crystallized Water,15051,11508,7912,7500,1.9,1.53,119,2026-07-01 15:05:19
42909,Glyph of the Hawk,95331,46022,50219,49799,1.9,1.08,15,2026-07-01 15:25:22
43255,Seafoam Gauntlets,378833,227300,198900,198900,1.9,1.14,1,2026-06-30 17:05:14
44331,Elixir of Lightning Speed,57335,40716,77499,77499,1.35,1.9,52,2026-07-01 15:25:22
4724,Humbert's Helm,264400,158640,299999,299999,1.13,1.89,1,2026-07-01 14:05:16
6474,Pattern: Deviate Scale Cloak,58748,55181,31100,31000,1.89,1.78,6,2026-07-01 14:25:16
7046,Azure Silk Pants,18664,17754,9900,9900,1.89,1.79,9,2026-07-01 14:25:16
17055,Changuk Smasher,88043,52826,100000,100000,1.14,1.89,1,2026-05-29 19:05:21
23077,Blood Garnet,19216,13738,10174,9700,1.89,1.42,26,2026-07-01 14:45:20
23571,Primal Might,3744056,2358231,1983183,1949900,1.89,1.21,20,2026-07-01 14:45:20
31147,Pendant of Cunning,105846,63508,120000,120000,1.13,1.89,1,2026-07-01 15:05:19
41780,Design: Champion's Monarch Topaz,282506,188648,149749,149500,1.89,1.26,3,2026-07-01 15:25:22
43268,Dalaran Clam Chowder,18160,10896,9599,9599,1.89,1.14,34,2026-07-01 15:25:22
43565,Durable Nerubhide Cape,2211492,1461703,2760000,2760000,1.25,1.89,6,2026-07-01 15:25:22
45622,Glyph of Monsoon,24010,20971,39822,39600,1.66,1.89,33,2026-07-01 15:25:22
2801,Blade of Hanna,1763829,1058297,1989999,1989999,1.13,1.88,2,2026-07-01 14:05:16
5182,Shiver Blade,23746,12236,23000,23000,1.03,1.88,1,2026-07-01 14:05:16
5616,Gutwrencher,90000,90000,48000,48000,1.88,1.88,1,2026-07-01 10:25:15
8140,Chromite Girdle,53326,31996,60000,60000,1.13,1.88,1,2026-07-01 09:25:09
10402,Blackened Defias Boots,33699,26531,49900,49800,1.48,1.88,2,2026-07-01 14:25:16
13464,Golden Sansam,17118,15264,9099,9099,1.88,1.68,154,2026-07-01 14:25:16
14458,Elunarian Boots,79081,47449,89250,89000,1.13,1.88,2,2026-07-01 14:25:16
22833,Elixir of Major Firepower,55337,33202,29502,29502,1.88,1.13,6,2026-03-20 10:42:32
24200,Design: Sparkling Star of Elune,3135300,1881180,2493750,1000000,1.26,1.88,3,2026-07-01 14:45:20
25671,Thick Draenic Vest,103338,93091,55000,55000,1.88,1.69,1,2026-07-01 03:25:06
31079,Mercurial Adamantite,933763,659260,498000,498000,1.88,1.32,5,2026-07-01 15:05:19
39472,Chain of Latent Energies,10527298,6632430,12495000,12490000,1.19,1.88,2,2026-07-01 15:25:22
39956,Potent Huge Citrine,37515,13554,20000,20000,1.88,1.48,3,2026-07-01 10:45:14
41334,Earthsiege Diamond,785795,606559,418998,418998,1.88,1.45,46,2026-07-01 15:25:22
41458,Perfect Regal Shadow Crystal,75312,45187,40000,40000,1.88,1.13,6,2026-07-01 15:25:22
2020,Hollowfang Blade,15321,8822,16500,16500,1.08,1.87,1,2026-07-01 03:25:06
3056,Forest Leather Pants,16828,16066,9000,9000,1.87,1.79,1,2026-06-30 01:45:28
4998,Blood Ring,84151,47101,44899,39999,1.87,1.18,2,2026-07-01 14:05:16
8252,Imperial Red Robe,112708,64145,120000,120000,1.06,1.87,1,2026-06-19 17:05:26
9384,Stonevault Shiv,189193,113516,101237,101000,1.87,1.12,4,2026-07-01 14:25:16
10567,Quillshooter,165101,85652,160000,160000,1.03,1.87,1,2026-07-01 14:25:16
13048,Looming Gavel,44657,26794,50000,50000,1.12,1.87,1,2026-07-01 08:45:52
14795,Protector Helm,40592,37351,34496,20000,1.18,1.87,2,2026-07-01 14:25:16
15734,Pattern: Living Shoulders,187155,112293,100000,100000,1.87,1.12,1,2026-07-01 14:45:20
21932,Heavy Copper Ring,8832,5299,9900,9900,1.12,1.87,5,2026-07-01 14:45:20
23438,Star of Elune,56113,49641,30000,30000,1.87,1.65,14,2026-07-01 14:45:20
23625,Plans: Oathkeeper's Helm,907545,529572,989500,989000,1.09,1.87,3,2026-07-01 14:45:20
24198,Design: Flashing Living Ruby,936352,801742,499999,499999,1.87,1.6,1,2026-06-29 12:45:17
31178,Amulet of Unstable Power,78963,47378,89000,88500,1.13,1.87,3,2026-07-01 15:05:19
38896,Scroll of Enchant 2H Weapon - Agility,4500596,3179476,5939999,5939999,1.32,1.87,5,2026-07-01 15:25:22
40042,Caraway Burnwine,11037,4805,9000,9000,1.23,1.87,10,2026-07-01 15:25:22
45998,Battered Jungle Hat,53285,15878,29684,29669,1.8,1.87,5,2026-07-01 15:25:22
1707,Stormwind Brie,184,176,99,99,1.86,1.78,4,2026-07-01 14:05:16
1714,Necklace of Calisea,75333,36627,68250,68000,1.1,1.86,4,2026-07-01 14:05:16
2601,Pattern: Gray Woolen Robe,9653,4302,8000,8000,1.21,1.86,5,2026-07-01 14:05:16
2823,Mo'grosh Can Opener,37141,18131,20000,20000,1.86,1.1,1,2026-06-29 22:45:29
4391,Compact Harvest Reaper Kit,186429,105000,100000,100000,1.86,1.05,1,2026-03-26 14:22:37
8952,Roasted Quail,846,508,950,945,1.12,1.86,17,2026-07-01 14:25:16
9293,Recipe: Magic Resistance Potion,16688,6185,11499,11499,1.45,1.86,6,2026-07-01 14:25:16
10423,Silvered Bronze Leggings,27705,16623,31000,31000,1.12,1.86,1,2026-07-01 14:25:16
11826,Lil' Smoky,1062708,595949,572000,570000,1.86,1.05,4,2026-07-01 14:25:16
13486,Recipe: Transmute Undeath to Water,224745,133405,248500,248000,1.11,1.86,6,2026-07-01 14:25:16
15564,Rugged Armor Kit,18334,15542,9850,9800,1.86,1.59,13,2026-07-01 14:45:20
18600,Tome of Arcane Brilliance,29566,20405,15900,15800,1.86,1.29,2,2026-07-01 14:45:20
20954,Heavy Iron Knuckles,10570,6342,5681,5681,1.86,1.12,1,2026-06-14 15:45:24
27691,Recipe: Roasted Clefthoof,178951,147366,96333,96000,1.86,1.54,8,2026-07-01 15:05:19
41251,Yellow Lumberjack Shirt,358632,215179,400000,400000,1.12,1.86,1,2026-07-01 15:25:22
41603,Azure Spellthread,530907,424009,285000,285000,1.86,1.49,8,2026-07-01 15:25:22
44328,Elixir of Mighty Defense,60135,36081,67250,67250,1.12,1.86,46,2026-07-01 15:25:22
44437,Dark Frostscale Breastplate,359056,215434,445500,400000,1.24,1.86,2,2026-07-01 15:25:22
44504,Nesingwary 4000,10738571,6443143,11999999,11999999,1.12,1.86,3,2026-07-01 15:25:22
1933,Staff of Conjuring,66887,54154,100000,100000,1.5,1.85,1,2026-07-01 14:05:16
2015,Black Metal War Axe,30679,21673,39999,39999,1.3,1.85,1,2026-07-01 14:05:16
4447,Cloak of Night,10665,6399,5750,5500,1.85,1.16,2,2026-07-01 14:05:16
6731,Ironforge Breastplate,53335,37950,28880,28880,1.85,1.31,1,2026-06-30 03:25:31
7352,Earthen Leather Shoulders,37088,37088,20000,20000,1.85,1.85,1,2026-06-21 23:05:14
7730,Cobalt Crusher,91699,55019,49700,49600,1.85,1.11,3,2026-07-01 14:25:16
8400,Pattern: Tough Scorpid Shoulders,6468,4964,9231,9200,1.43,1.85,2,2026-07-01 14:25:16
8838,Sungrass,18302,9771,9900,9900,1.85,1.01,27,2026-07-01 14:25:16
9296,Recipe: Gift of Arthas,116343,73300,62800,59000,1.85,1.24,2,2026-07-01 14:25:16
12217,Dragonbreath Chili,26463,13431,24895,24800,1.06,1.85,2,2026-07-01 04:45:04
16050,Schematic: Delicate Arcanite Converter,277092,166255,149749,149500,1.85,1.11,2,2026-07-01 14:45:20
16060,Common White Shirt,46373,9737,33254,18000,1.39,1.85,4,2026-07-01 14:45:20
16223,Formula: Enchant Weapon - Icy Chill,1848194,1108916,1000000,1000000,1.85,1.11,1,2026-07-01 14:45:20
16681,Beaststalker's Bindings,73752,44251,39800,39800,1.85,1.11,1,2026-07-01 03:25:06
16864,Belt of Might,648135,388881,350000,350000,1.85,1.11,1,2026-07-01 09:45:12
18294,Elixir of Greater Water Breathing,27544,26430,48800,48800,1.77,1.85,24,2026-07-01 14:45:20
19221,Darkmoon Special Reserve,18491,16566,10000,10000,1.85,1.66,20,2026-07-01 14:45:20
19768,Primal Tiger Leather,9735,5420,10000,10000,1.03,1.85,5,2026-06-30 04:45:26
23107,Shadow Draenite,37511,15888,29617,29399,1.27,1.85,35,2026-07-01 14:45:20
23487,Fel Iron Plate Boots,90249,80749,149000,149000,1.65,1.85,1,2026-07-01 04:25:06
24102,Manual of Eviscerate IX,277616,252808,150000,150000,1.85,1.69,7,2026-07-01 14:45:20
34482,Leatherworker's Satchel,270747,162448,300000,300000,1.11,1.85,2,2026-06-15 22:05:46
39969,Fire Seed,31138,15009,16844,16799,1.85,1.12,59,2026-07-01 15:25:22
41181,Honed Cobalt Cleaver,965554,933214,1730000,1730000,1.79,1.85,2,2026-06-30 06:45:16
41378,Forlorn Skyflare Diamond,1290963,805159,699500,699500,1.85,1.15,4,2026-07-01 15:25:22
43125,Darkflame Ink,12487,7835,6762,6761,1.85,1.16,45,2026-07-01 15:25:22
5765,Black Silk Pack,32630,19578,36000,36000,1.1,1.84,4,2026-07-01 14:05:16
8270,Ebonhold Helmet,64482,53664,35000,30000,1.84,1.79,3,2026-07-01 14:25:16
8292,Arcane Cover,90792,54475,100000,100000,1.1,1.84,1,2026-06-22 20:25:11
13072,Stonegrip Gauntlets,143744,86246,159000,159000,1.11,1.84,1,2026-06-22 05:25:04
18712,Arena Vambraces,135717,81430,150000,150000,1.11,1.84,1,2026-06-25 19:44:58
23816,Schematic: Fel Iron Toolbox,294628,269511,160000,160000,1.84,1.68,1,2026-07-01 14:45:20
25849,Formula: Runed Eternium Rod,409219,271990,222221,222221,1.84,1.22,5,2026-07-01 14:45:20
34086,Winter Boots,734720,400543,400000,400000,1.84,1.0,1,2026-07-01 15:05:19
38976,Scroll of Enchant Boots - Superior Agility,1400363,840218,760500,748000,1.84,1.12,11,2026-07-01 15:25:22
40902,Glyph of Rip,108747,45410,59000,59000,1.84,1.3,19,2026-07-01 15:25:22
41391,Spiked Titansteel Treads,5450546,3670649,6750000,6750000,1.24,1.84,1,2026-07-01 15:25:22
43481,Trollwoven Spaulders,10459370,8864741,5689999,5689999,1.84,1.56,1,2026-07-01 15:25:22
43696,Half Empty Bottle of Prison Moonshine,27101,14547,26800,26800,1.01,1.84,1,2026-07-01 15:25:22
2567,Evocator's Blade,363833,218300,198500,197000,1.83,1.11,2,2026-07-01 14:05:16
3665,Curiously Tasty Omelet,885,531,974,974,1.1,1.83,18,2026-06-30 23:05:18
4333,Dark Silk Shirt,57132,27370,49999,49999,1.14,1.83,8,2026-07-01 14:05:16
8282,Valorous Shield,73236,72380,40000,40000,1.83,1.81,1,2026-07-01 14:25:16
14102,Native Handwraps,1999,1999,1090,1090,1.83,1.83,1,2026-06-20 21:05:21
14607,Hawkeye's Buckler,36610,21966,20000,20000,1.83,1.1,1,2026-07-01 14:25:16
21340,Soul Pouch,362283,217370,198500,198500,1.83,1.1,4,2026-07-01 14:45:20
21557,Small Red Rocket,14036,7203,13191,13191,1.06,1.83,4,2026-03-11 14:42:45
22861,Flask of Blinding Light,336614,201968,184000,184000,1.83,1.1,1,2026-07-01 14:45:20
33460,Scroll of Spirit VI,1759,919,1680,1680,1.05,1.83,3,2026-07-01 15:05:19
38433,Arctic Wristguards,173892,109530,200000,200000,1.15,1.83,1,2026-07-01 15:25:22
40032,Defender's Twilight Opal,516694,179476,328998,328997,1.57,1.83,11,2026-07-01 15:25:22
41164,Mammoth Cutters,106,48,89,88,1.19,1.83,118005,2026-07-01 15:25:22
44958,Ethereal Oil,35057,21446,39200,39200,1.12,1.83,51,2026-07-01 15:25:22
5507,Ornate Spyglass,36483,19819,20000,20000,1.82,1.01,6,2026-07-01 14:05:16
6453,Strong Anti-Venom,3634,2180,2000,2000,1.82,1.09,20,2026-06-30 03:25:31
8953,Deep Fried Plantains,1118,656,1195,1195,1.07,1.82,4,2026-06-27 16:45:15
10393,Cockroach,27069,23077,42000,42000,1.55,1.82,1,2026-07-01 14:25:16
10512,Hi-Impact Mithril Slugs,44,33,60,60,1.36,1.82,8801,2026-07-01 14:25:16
13054,Grim Reaper,43582,26149,23999,23999,1.82,1.09,3,2026-07-01 14:25:16
13495,Recipe: Greater Frost Protection Potion,1457605,874563,800000,800000,1.82,1.09,1,2026-07-01 14:25:16
13893,Large Raw Mightfish,36384,27594,20000,20000,1.82,1.38,23,2026-06-28 10:05:25
13948,Recipe: Mightfish Steak,137632,82579,75625,75000,1.82,1.1,12,2026-07-01 14:25:16
15926,Spellbinder Orb,8324,5438,9950,9900,1.2,1.82,2,2026-07-01 14:45:20
19290,Darkmoon Card: Twisting Nether,1351426,511511,933298,933298,1.45,1.82,1,2026-06-10 11:24:22
22853,Flask of Mighty Restoration,91134,73034,50000,50000,1.82,1.46,2,2026-06-14 08:45:21
23771,Green Smoke Flare,18222,17137,10000,10000,1.82,1.71,5,2026-06-30 09:44:59
28280,Formula: Enchant Boots - Boar's Speed,3643650,1854602,2000000,2000000,1.82,1.08,1,2026-07-01 15:05:19
29159,Glowing Thorium Band,91644,54986,100000,100000,1.09,1.82,1,2026-06-26 14:25:02
38375,Borean Armor Kit,27399,26664,48600,48600,1.77,1.82,10,2026-07-01 15:05:19
38990,Scroll of Enchant Gloves - Armsman,2459534,1791834,1352049,1352000,1.82,1.33,4,2026-07-01 15:25:22
38993,Scroll of Enchant Cloak - Shadow Armor,903148,734858,1334899,1334899,1.48,1.82,7,2026-07-01 15:25:22
40047,Luminous Monarch Topaz,560342,492395,893997,893997,1.6,1.82,7,2026-07-01 15:25:22
42405,Glyph of Mind Control,116248,50752,64000,64000,1.82,1.26,15,2026-07-01 15:25:22
43666,Hellfire Tome,363450,264188,200000,200000,1.82,1.32,1,2026-06-26 09:24:51
44455,Scroll of Enchant Shield - Greater Intellect,757588,447617,814900,814800,1.08,1.82,8,2026-07-01 15:25:22
3045,Lambent Scale Boots,16281,12867,9000,9000,1.81,1.43,1,2026-06-30 10:25:04
5780,Murloc Scale Belt,36144,34798,20000,20000,1.81,1.74,1,2026-07-01 14:05:16
9508,Mechbuilder's Overalls,105600,53471,58500,58500,1.81,1.09,1,2026-06-29 22:05:33
10044,Cindercloth Boots,36164,21698,20000,20000,1.81,1.08,1,2026-07-01 12:05:10
12427,Imperial Plate Helm,144741,123576,80000,80000,1.81,1.54,1,2026-06-29 19:05:23
20408,Twilight Cultist Cowl,40527,24316,43973,43973,1.09,1.81,1,2026-07-01 14:45:20
22829,Super Healing Potion,9628,6651,5331,5000,1.81,1.33,88,2026-07-01 14:45:20
23493,Fel Iron Chain Coif,91947,55168,100000,100000,1.09,1.81,2,2026-07-01 12:25:09
29549,Codex: Prayer of Fortitude III,232303,139382,128500,128500,1.81,1.08,1,2026-07-01 12:25:09
41488,Perfect Etched Huge Citrine,70473,42284,39000,39000,1.81,1.08,1,2026-06-27 23:05:27
41513,Frostwoven Shoulders,180539,146516,100000,100000,1.81,1.47,1,2026-06-26 01:24:59
44570,Glass of Eversong Wine,18136,12950,10000,10000,1.81,1.29,20,2026-06-09 22:45:15
2996,Bolt of Linen Cloth,898,747,500,500,1.8,1.49,137,2026-07-01 14:05:16
3026,Reinforced Bow,8099,4859,4500,4500,1.8,1.08,1,2026-04-25 04:23:16
3358,Khadgar's Whisker,5862,2108,3845,3800,1.52,1.8,320,2026-07-01 14:05:16
5742,Gemstone Dagger,31477,18886,17500,17500,1.8,1.08,1,2026-06-24 02:05:24
5787,Pattern: Murloc Scale Breastplate,8261,5184,4599,4499,1.8,1.15,3,2026-07-01 14:05:16
8487,Cat Carrier (Orange Tabby),69563,41738,38700,38600,1.8,1.08,4,2026-07-01 14:25:16
23425,Adamantite Ore,10932,6651,13535,12000,1.24,1.8,485,2026-07-01 14:45:20
23909,Blood Elf Bandit Mask,447871,214134,248999,248999,1.8,1.16,3,2026-07-01 14:45:20
24207,Design: Thick Dawnstone,1257676,886064,698000,698000,1.8,1.27,1,2026-06-30 17:25:11
27693,Recipe: Talbuk Steak,170868,161227,94833,94500,1.8,1.71,10,2026-07-01 15:05:19
31501,Tome of Conjure Food VIII,193196,115918,107248,107248,1.8,1.08,1,2026-07-01 15:05:19
32230,Shadowsong Amethyst,159904,95942,88991,88991,1.8,1.08,2,2026-07-01 15:05:19
37746,Helm of the Burning Soul,138988,83393,150000,150000,1.08,1.8,1,2026-07-01 15:05:19
41515,Frostwoven Robe,184696,110818,200000,200000,1.08,1.8,1,2026-06-26 01:24:59
41516,Frostsavage Gloves,1346441,807865,1457500,1457500,1.08,1.8,1,2026-07-01 15:25:22
43258,Purehorn Spaulders,378254,249911,450000,450000,1.19,1.8,1,2026-07-01 12:25:09
44571,Bottle of Silvermoon Port,17975,11825,10000,10000,1.8,1.18,20,2026-06-19 21:05:40
44574,Skin of Mulgore Firewater,17975,11825,10000,10000,1.8,1.18,20,2026-06-09 22:45:15
1493,Heavy Marauder Scimitar,46603,27962,50000,50000,1.07,1.79,1,2026-07-01 04:45:04
2164,Gut Ripper,193530,116118,207900,207900,1.07,1.79,4,2026-07-01 14:05:16
5214,Wand of Eventide,18523,16722,30000,30000,1.62,1.79,1,2026-06-26 20:45:07
6045,Plans: Iron Counterweight,11456,5576,10000,10000,1.15,1.79,2,2026-07-01 14:05:16
7392,Green Whelp Scale,14155,11187,19980,19980,1.41,1.79,28,2026-07-01 14:25:16
13014,Axe of Rin'ji,116791,70075,125555,125555,1.08,1.79,1,2026-07-01 10:45:14
13941,Recipe: Filet of Redgill,149984,120753,84000,84000,1.79,1.44,3,2026-07-01 14:25:16
15768,Pattern: Wicked Leather Belt,26838,17020,15000,15000,1.79,1.13,1,2026-06-28 19:45:30
16683,Magister's Bindings,111019,66611,119500,119500,1.08,1.79,1,2026-06-29 06:25:39
16819,Vambraces of Prophecy,495716,279742,499999,499999,1.01,1.79,2,2026-07-01 14:45:20
22575,Mote of Life,16810,14611,9404,8999,1.79,1.62,67,2026-07-01 14:45:20
23627,Plans: Bracers of the Green Fortress,1234221,740533,688999,688999,1.79,1.07,1,2026-07-01 13:05:13
25699,Crystal Infused Leather,2241,1612,1250,1250,1.79,1.29,13,2026-07-01 14:45:20
34538,Blessed Weapon Coating,4657,2794,5000,5000,1.07,1.79,6,2026-06-19 17:05:26
40040,Resplendent Monarch Topaz,606180,363708,339333,339000,1.79,1.07,10,2026-07-01 15:25:22
41398,Relentless Earthsiege Diamond,1232256,732677,689995,689994,1.79,1.06,16,2026-07-01 15:25:22
41984,Hat of Wintry Doom,1326362,1196977,2378750,1990000,1.79,1.66,4,2026-07-01 15:25:22
44315,Scroll of Recall III,32778,27817,49800,49800,1.52,1.79,11,2026-07-01 15:25:22
44465,Scroll of Enchant Chest - Powerful Stats,3549561,2651274,4746500,4745000,1.34,1.79,16,2026-07-01 15:25:22
2262,Mark of Kern,193594,116156,109000,109000,1.78,1.07,1,2026-07-01 14:05:16
4255,Green Leather Armor,62470,51058,35000,35000,1.78,1.46,1,2026-06-27 21:05:33
5743,Prismstone Ring,44333,26600,24900,24900,1.78,1.07,1,2026-06-11 05:04:40
7921,Heavy Mithril Pants,28079,16847,30000,30000,1.07,1.78,1,2026-06-27 12:05:03
8348,Helm of Fire,757895,636838,425000,400000,1.78,1.59,2,2026-07-01 14:25:16
12057,Dragonscale Band,89064,53438,50000,50000,1.78,1.07,1,2026-07-01 09:25:09
13065,Wand of Allistarj,88754,53252,50000,50000,1.78,1.07,1,2026-07-01 14:25:16
14043,Cindercloth Gloves,157114,94268,167692,167692,1.07,1.78,1,2026-06-15 23:05:49
24192,Design: Bright Living Ruby,891047,534628,499500,499000,1.78,1.07,2,2026-07-01 14:45:20
27681,Warped Flesh,9787,8648,5500,5500,1.78,1.57,20,2026-07-01 15:05:19
38409,Iceborne Gloves,356827,132231,200000,200000,1.78,1.51,1,2026-07-01 15:05:19
38438,Iceborne Helm,445343,416171,250000,250000,1.78,1.66,2,2026-07-01 15:25:22
39935,Shifting Shadow Crystal,51531,21994,29000,29000,1.78,1.32,2,2026-07-01 15:25:22
43582,Titanium Frostguard Ring,8918632,5351179,5000000,5000000,1.78,1.07,1,2026-07-01 15:25:22
2314,Toughened Leather Armor,84205,50523,89500,89500,1.06,1.77,6,2026-07-01 14:05:16
4706,Lambent Scale Cloak,17527,11282,20000,20000,1.14,1.77,1,2026-07-01 07:25:03
5267,Scarlet Kris,163663,98198,92500,85000,1.77,1.16,2,2026-06-20 11:45:02
10502,Spellpower Goggles Xtreme,46807,39462,70000,70000,1.5,1.77,9,2026-07-01 14:25:16
11206,Formula: Enchant Cloak - Lesser Agility,79568,67626,120000,120000,1.51,1.77,1,2026-07-01 14:25:16
12550,Runed Golem Shackles,122543,73526,139999,130000,1.14,1.77,2,2026-07-01 14:25:16
14103,Brightcloth Cloak,141749,62940,80000,80000,1.77,1.27,1,2026-06-30 19:45:14
14827,Symbolic Belt,23765,22537,40000,40000,1.68,1.77,1,2026-07-01 14:25:16
16214,Formula: Enchant Bracer - Greater Intellect,147976,62422,83500,83500,1.77,1.34,1,2026-07-01 02:25:10
16248,Formula: Enchant Weapon - Unholy,616119,201908,348000,320000,1.77,1.58,2,2026-07-01 14:45:20
23116,Rigid Golden Draenite,11588,6771,11999,11999,1.04,1.77,3,2026-07-01 14:45:20
33567,Borean Leather Scraps,2159,1295,1223,1035,1.77,1.25,207,2026-07-01 15:05:19
34060,Flying Machine Control,4396851,2846808,2488750,2488750,1.77,1.14,1,2026-07-01 15:05:19
34761,Sauteed Goby,8376,3353,4728,4728,1.77,1.41,60,2026-07-01 15:05:19
36926,Shadow Crystal,7076,5433,9799,9600,1.38,1.77,104,2026-07-01 15:05:19
37813,Banner Slicer,329964,197978,350000,350000,1.06,1.77,2,2026-06-27 16:25:14
38440,Frostscale Helm,234884,140930,250000,250000,1.06,1.77,3,2026-07-01 15:25:22
38775,Scroll of Enchant Cloak - Minor Protection,8852,4623,5000,5000,1.77,1.08,1,2026-06-22 00:25:13
38807,Scroll of Enchant Boots - Lesser Agility,8872,3945,5000,5000,1.77,1.27,1,2026-06-14 13:05:18
38981,Scroll of Enchant 2H Weapon - Scourgebane,3111424,1866854,1760000,1760000,1.77,1.06,2,2026-07-01 15:25:22
40003,Precise Scarlet Ruby,909662,648387,1149994,1149900,1.26,1.77,18,2026-07-01 15:25:22
43335,Glyph of the Wild,122077,49892,69000,69000,1.77,1.38,10,2026-07-01 15:25:22
45909,Giant Darkwater Clam,18792,11275,20000,20000,1.06,1.77,1,2026-06-25 19:25:00
1523,Huge Stone Club,38135,25624,45000,45000,1.18,1.76,1,2026-07-01 14:05:16
1713,Ankh of Life,64225,38535,68273,68000,1.06,1.76,4,2026-07-01 14:05:16
1846,Chainmail Bracers,300,300,528,528,1.76,1.76,1,2026-05-02 14:24:26
1955,Dragonmaw Chain Boots,17600,17600,10000,10000,1.76,1.76,1,2026-06-28 07:05:13
2011,Twisted Sabre,30992,25544,45400,45000,1.46,1.76,2,2026-07-01 14:05:16
2194,Diamond Hammer,123230,100443,70000,70000,1.76,1.43,1,2026-06-30 20:05:11
3487,Heavy Copper Broadsword,39514,23708,22500,22500,1.76,1.05,1,2026-06-28 02:25:33
4050,Emblazoned Leggings,17590,10554,10000,10000,1.76,1.06,1,2026-06-29 17:05:22
4245,Small Silk Pack,18875,7383,13000,13000,1.45,1.76,10,2026-07-01 14:05:16
4810,Boulder Pads,23838,14303,13526,13526,1.76,1.06,1,2026-06-04 12:04:41
7050,Silk Headband,15676,11767,8900,8900,1.76,1.32,19,2026-07-01 14:25:16
7992,Plans: Blue Glittering Axe,13759,7599,13500,13400,1.02,1.76,4,2026-07-01 14:25:16
8167,Turtle Scale,3298,3007,1869,1869,1.76,1.61,41,2026-07-01 14:25:16
9088,Gift of Arthas,37653,22592,39800,39800,1.06,1.76,24,2026-07-01 14:25:16
10001,Black Mageweave Robe,52737,31880,30000,30000,1.76,1.06,5,2026-07-01 14:25:16
11023,Ancona Chicken,131530,78918,74749,74500,1.76,1.06,3,2026-07-01 14:25:16
13857,Runecloth Tunic,87128,39703,70000,70000,1.24,1.76,1,2026-07-01 14:25:16
14854,Vanguard Breastplate,122905,115499,70000,70000,1.76,1.65,1,2026-06-30 09:24:57
14863,Warleader's Gauntlets,71143,42686,75000,75000,1.05,1.76,1,2026-06-22 21:44:58
16006,Delicate Arcanite Converter,425694,255416,449000,449000,1.05,1.76,19,2026-07-01 14:45:20
30420,Heavy Jade Ring,6706,5695,3800,3800,1.76,1.5,28,2026-07-01 15:05:19
38405,Arctic Belt,189565,113739,200000,200000,1.06,1.76,1,2026-07-01 15:05:19
39900,Bold Bloodstone,51389,19563,29200,29200,1.76,1.49,1,2026-07-01 13:25:15
42399,Glyph of Fear Ward,10541,4253,7499,7499,1.41,1.76,29,2026-07-01 15:25:22
43244,Crystal Citrine Necklace,162352,135853,92425,89900,1.76,1.51,12,2026-07-01 15:25:22
44470,Scroll of Enchant Bracer - Superior Spellpower,1079340,647604,1151533,1140000,1.07,1.76,7,2026-07-01 15:25:22
1299,Lesser Belt of the Spire,17548,10529,10000,10000,1.75,1.05,1,2026-05-27 20:25:31
3020,Enduring Cap,210066,126040,120242,120242,1.75,1.05,1,2026-07-01 02:25:10
4827,Wizard's Belt,26054,15632,14900,14800,1.75,1.06,3,2026-07-01 14:05:16
6117,Squire's Shirt,556843,285339,500000,500000,1.11,1.75,1,2026-06-12 05:04:52
6344,Formula: Enchant Bracer - Minor Spirit,2969,2864,5066,5000,1.71,1.75,7,2026-07-01 14:05:16
12983,Rakzur Club,62079,56898,99749,99500,1.61,1.75,2,2026-07-01 14:25:16
13044,Demonslayer,133690,80214,140000,140000,1.05,1.75,1,2026-07-01 14:25:16
16692,Devout Gloves,138852,86516,79500,79500,1.75,1.09,1,2026-07-01 14:45:20
22279,Lovely Black Dress,329763,199488,350000,350000,1.06,1.75,1,2026-07-01 14:45:20
31230,Abyss Walker's Boots,178019,174972,159999,99999,1.11,1.75,2,2026-07-01 15:05:19
35653,Girdle of the Mystical Prison,505255,303153,536000,530000,1.06,1.75,3,2026-07-01 15:05:19
41599,Frostweave Bag,544463,419408,736769,736000,1.35,1.75,46,2026-07-01 15:25:22
42959,Glyph of Deadly Throw,96928,58157,55415,54500,1.75,1.07,17,2026-07-01 15:25:22
43595,Icy Scale Boots,7178208,4434668,4098750,4000000,1.75,1.11,2,2026-07-01 15:25:22
43870,Brilliant Saronite Helm,1248211,748927,1308000,1308000,1.05,1.75,1,2026-06-30 06:45:16
2721,Holy Shroud,191032,114619,200000,200000,1.05,1.74,1,2026-07-01 14:05:16
2878,Bearded Boneaxe,73688,44213,76931,76931,1.04,1.74,2,2026-07-01 14:05:16
3847,Golden Scale Boots,122144,57806,70000,70000,1.74,1.21,1,2026-06-28 21:05:35
6400,Glimmering Shield,28779,17267,30000,30000,1.04,1.74,1,2026-07-01 14:25:16
7076,Essence of Earth,118456,59514,67928,67500,1.74,1.13,26,2026-07-01 14:25:16
13122,Dark Phantom Cape,87195,62134,50000,50000,1.74,1.24,1,2026-07-01 14:25:16
13454,Greater Arcane Elixir,4794,2876,5000,5000,1.04,1.74,6,2026-07-01 14:25:16
14048,Bolt of Runecloth,25286,12333,14550,14200,1.74,1.15,123,2026-07-01 14:25:16
15724,Pattern: Heavy Scorpid Bracers,245646,158309,141499,141499,1.74,1.12,1,2026-07-01 14:45:20
22447,Lesser Planar Essence,37427,25090,43955,43599,1.17,1.74,39,2026-07-01 14:45:20
38419,Nerubian Boots,260490,205097,150000,150000,1.74,1.37,1,2026-06-29 15:45:18
39967,Resolute Huge Citrine,36918,27279,21200,21200,1.74,1.29,2,2026-07-01 10:45:14
39979,Seer's Dark Jade,38007,17264,30000,30000,1.27,1.74,6,2026-07-01 05:24:59
43005,Spiced Mammoth Treats,105288,70771,60499,60499,1.74,1.17,110,2026-07-01 15:25:22
2236,Blackfang,86107,51664,49900,49800,1.73,1.04,3,2026-07-01 14:05:16
2572,Red Linen Robe,7156,5437,9400,9400,1.31,1.73,10,2026-07-01 14:05:16
4663,Journeyman's Belt,1732,1039,1000,1000,1.73,1.04,1,2026-06-29 13:25:17
7166,Copper Dagger,18780,10251,22699,17699,1.21,1.73,2,2026-07-01 14:25:16
9381,Earthen Rod,105804,63482,110000,110000,1.04,1.73,1,2026-06-19 02:25:35
12214,Mystery Stew,1483,890,1538,1538,1.04,1.73,12,2026-05-11 14:44:43
13111,Sandals of the Insurgent,48055,28833,50000,50000,1.04,1.73,1,2026-06-30 16:05:06
13466,Plaguebloom,29646,18280,17153,16800,1.73,1.09,164,2026-07-01 14:25:16
14601,Warden's Wraps,48192,28915,55000,50000,1.14,1.73,2,2026-07-01 14:25:16
16702,Dreadmist Belt,86734,43960,50000,50000,1.73,1.14,1,2026-07-01 14:45:20
17011,Lava Core,239964,132756,138874,138500,1.73,1.04,24,2026-07-01 14:45:20
17413,Codex: Prayer of Fortitude,14383,9385,8300,8300,1.73,1.13,3,2026-07-01 14:45:20
24268,Netherweave Net,8760,4181,5063,5063,1.73,1.21,68,2026-04-10 00:42:32
32745,Pattern: Shoulderpads of Renewed Life,3096674,1070384,1923750,1850000,1.61,1.73,2,2026-07-01 15:05:19
37673,Dark Runic Mantle,313216,201197,349500,349000,1.12,1.73,5,2026-07-01 15:05:19
38561,Jormungar Scale,58531,35119,33899,33600,1.73,1.05,99,2026-07-01 15:25:22
38804,Scroll of Enchant Chest - Minor Stats,93163,34753,60000,60000,1.55,1.73,1,2026-06-29 03:45:43
38943,Scroll of Enchant Boots - Cat's Swiftness,9203392,5522035,9550000,9550000,1.04,1.73,1,2026-06-08 22:25:27
39965,Glimmering Huge Citrine,30302,17177,29892,29800,1.01,1.73,44,2026-07-01 15:25:22
42401,Glyph of Holy Nova,60782,36469,62999,62999,1.04,1.73,22,2026-07-01 15:25:22
43109,Icy Pigment,178724,94973,103500,103500,1.73,1.09,1,2026-07-01 13:25:15
1678,Black Ogre Kickers,1845086,1107052,1900000,1900000,1.03,1.72,1,2026-06-19 06:45:35
2987,Inscribed Leather Boots,14882,8929,15334,15334,1.03,1.72,1,2026-07-01 14:05:16
8271,Ebonhold Leggings,86083,51650,50000,50000,1.72,1.03,1,2026-06-25 23:45:02
12248,Daring Dirk,133980,93116,77777,77777,1.72,1.2,1,2026-06-03 23:44:57
14672,Pridelord Bands,37642,23664,21900,21900,1.72,1.08,1,2026-07-01 14:25:16
21841,Netherweave Bag,90109,69622,120000,120000,1.33,1.72,38,2026-07-01 14:45:20
22824,Elixir of Major Strength,17168,11663,10000,10000,1.72,1.17,3,2026-06-28 21:05:35
23439,Noble Topaz,56410,40131,32866,32800,1.72,1.22,10,2026-07-01 14:45:20
23764,Adamantite Scope,172180,103308,100000,100000,1.72,1.03,5,2026-07-01 14:45:20
25656,Felscale Pants,103082,98668,60000,60000,1.72,1.64,1,2026-01-24 13:02:35
37744,Horrorblood Treads,155140,93084,160000,160000,1.03,1.72,1,2026-06-29 21:05:36
41163,Titanium Bar,127915,106754,184000,183999,1.44,1.72,166,2026-07-01 15:25:22
1288,Large Venom Sac,3077,2903,1798,1798,1.71,1.61,25,2026-07-01 14:05:16
3842,Green Iron Leggings,15981,9589,9357,9200,1.71,1.04,24,2026-07-01 14:05:16
4062,Imperial Leather Pants,38987,32642,22792,22792,1.71,1.43,1,2026-07-01 14:05:16
4318,Gloves of Meditation,7806,4684,8000,8000,1.02,1.71,1,2026-06-29 15:25:19
9999,Black Mageweave Leggings,51153,34090,29950,20000,1.71,1.7,3,2026-07-01 14:25:16
31138,Storm Lord's Girdle,67023,59809,114750,100000,1.71,1.67,4,2026-07-01 15:05:19
41250,Green Lumberjack Shirt,684856,410914,400000,400000,1.71,1.03,1,2026-06-24 04:45:23
41356,Righteous Gauntlets,600500,321729,550000,550000,1.09,1.71,1,2026-07-01 15:25:22
41397,Powerful Earthsiege Diamond,468775,426616,274698,274500,1.71,1.55,10,2026-07-01 15:25:22
41472,Perfect Radiant Dark Jade,51129,30677,29900,29900,1.71,1.03,14,2026-07-01 15:25:22
899,Venom Web Fang,17417,7334,12500,12500,1.39,1.7,1,2026-06-30 19:25:16
4718,Nightsky Mantle,17021,14810,10000,10000,1.7,1.48,1,2026-07-01 01:45:13
5573,Green Leather Bag,5943,2823,4833,4799,1.23,1.7,10,2026-07-01 14:05:16
6506,Infantry Boots,9831,5899,9999,9999,1.02,1.7,1,2026-07-01 14:25:16
8006,The Ziggler,68700,41220,80000,70000,1.16,1.7,2,2026-07-01 14:25:16
14366,Mystic's Bracelets,8487,5092,5000,5000,1.7,1.02,1,2026-06-28 08:25:31
14448,Highborne Bracelets,41998,35238,60000,60000,1.43,1.7,2,2026-07-01 14:25:16
14483,Pattern: Felcloth Pants,132898,71941,122222,122222,1.09,1.7,1,2026-07-01 14:25:16
14791,Protector Cape,50897,48208,30000,30000,1.7,1.61,1,2026-06-30 18:05:13
15416,Black Dragonscale,17008,10205,10000,10000,1.7,1.02,1,2026-06-30 13:05:02
23815,Schematic: Adamantite Shell Machine,306206,276991,180000,180000,1.7,1.54,1,2026-07-01 14:45:20
38960,Scroll of Enchant Gloves - Gatherer,212021,107453,182999,182999,1.16,1.7,6,2026-07-01 15:25:22
43424,Glyph of Revenge,13604,6449,8000,8000,1.7,1.24,47,2026-07-01 15:25:22
2276,Swampwalker Boots,203256,175708,120000,120000,1.69,1.46,1,2026-06-28 10:05:25
3008,Wendigo Fur Cloak,4429,2657,4500,4500,1.02,1.69,1,2026-06-10 11:24:22
3027,Heavy Recurve Bow,5864,5246,8888,8888,1.52,1.69,1,2026-06-23 21:25:09
6419,Glyphed Mitts,31265,16873,18500,18500,1.69,1.1,1,2026-07-01 12:25:09
12364,Huge Emerald,214108,106073,197781,179000,1.08,1.69,66,2026-07-01 14:25:16
14344,Large Brilliant Shard,34047,20665,50435,35000,1.48,1.69,102,2026-07-01 14:25:16
14530,Heavy Runecloth Bandage,5273,4263,7198,7198,1.37,1.69,84,2026-07-01 14:25:16
16696,Devout Belt,72037,64843,109750,109500,1.52,1.69,2,2026-07-01 14:45:20
18344,Stonebark Gauntlets,102489,78264,60600,60600,1.69,1.29,1,2026-06-18 04:45:30
27671,Buzzard Meat,1898,1286,1121,1120,1.69,1.15,349,2026-07-01 15:05:19
30746,Mining Sack,404951,351852,240000,240000,1.69,1.47,1,2026-07-01 15:05:19
37800,Aviary Guardsman's Hauberk,336057,237022,198766,198500,1.69,1.19,7,2026-07-01 15:05:19
38899,Scroll of Enchant Bracer - Major Defense,1100000,1100000,650000,650000,1.69,1.69,3,2026-06-08 16:05:25
38967,Scroll of Enchant Gloves - Major Agility,573360,414664,339999,339999,1.69,1.22,9,2026-07-01 15:25:22
39996,Bold Scarlet Ruby,920769,637150,1079283,1077499,1.17,1.69,21,2026-07-01 15:25:22
42899,Glyph of the Beast,113011,66957,66998,66998,1.69,1.0,17,2026-07-01 15:25:22
43011,Worg Haunch,8979,5021,8688,8500,1.03,1.69,60,2026-07-01 15:25:22
2516,Light Shot,94,59,99,99,1.05,1.68,200,2026-04-29 16:23:52
3076,Smoldering Boots,16780,16780,10000,10000,1.68,1.68,1,2026-05-23 03:05:31
3826,Major Troll's Blood Elixir,14963,11677,19600,19600,1.31,1.68,26,2026-07-01 14:05:16
4067,Glyphed Buckler,27575,25187,27500,15000,1.0,1.68,2,2026-07-01 14:05:16
4655,Giant Clam Meat,1538,768,1294,1294,1.19,1.68,8,2026-06-30 15:25:07
4710,Forest Cloak,16648,11870,9899,9899,1.68,1.2,1,2026-07-01 04:25:06
7972,Ichor of Undeath,795,583,472,470,1.68,1.24,44,2026-07-01 14:25:16
13902,18 Pound Salmon,60192,36115,60702,60702,1.01,1.68,1,2026-06-30 05:25:23
13934,Mightfish Steak,4710,3989,2800,2800,1.68,1.42,1,2026-06-27 08:45:58
15739,Pattern: Runic Leather Bracers,12904,6793,11399,11399,1.13,1.68,1,2026-06-26 22:25:14
20750,Wizard Oil,50383,30230,29998,29998,1.68,1.01,1,2026-06-15 21:05:44
22250,Herb Pouch,31533,12219,18800,18800,1.68,1.54,24,2026-07-01 14:45:20
22522,Superior Wizard Oil,41308,27412,24581,24000,1.68,1.14,47,2026-07-01 14:45:20
22854,Flask of Relentless Assault,565629,508708,854505,854505,1.51,1.68,1,2026-07-01 14:45:20
23424,Fel Iron Ore,13156,8938,16534,15000,1.26,1.68,485,2026-07-01 14:45:20
24076,Azure Moonstone Ring,76377,59652,100000,100000,1.31,1.68,1,2026-07-01 14:45:20
30747,Gem Pouch,386407,241949,230000,230000,1.68,1.05,1,2026-07-01 15:05:19
38371,Jormungar Leg Armor,1294581,1180936,1987500,1987500,1.54,1.68,2,2026-07-01 02:45:11
39733,Gloves of Token Respect,10056448,6033869,5985000,5980000,1.68,1.01,5,2026-07-01 15:25:22
40951,Spiked Cobalt Chestpiece,467024,297293,500000,500000,1.07,1.68,1,2026-07-01 15:25:22
41388,Brilliant Titansteel Helm,13449812,5535617,8000000,8000000,1.68,1.45,1,2026-07-01 15:25:22
41745,Titanium Rod,292919,230259,390163,387500,1.33,1.68,9,2026-07-01 15:25:22
43447,Swiftarrow Helm,1639232,983539,1650000,1650000,1.01,1.68,1,2026-06-30 18:05:13
43551,Glyph of Scourge Strike,16643,15832,9889,9799,1.68,1.62,18,2026-07-01 15:25:22
3204,Deepwood Bracers,10015,8762,6000,6000,1.67,1.46,1,2026-06-29 13:45:17
8144,Chromite Pauldrons,44593,26756,44800,44800,1.0,1.67,1,2026-06-30 03:25:31
8176,Nightscape Headband,41777,27770,25000,25000,1.67,1.11,29,2026-07-01 14:25:16
10300,Pattern: Red Mageweave Vest,17529,14157,10496,10000,1.67,1.42,3,2026-07-01 14:25:16
12365,Dense Stone,468,292,496,489,1.06,1.67,1665,2026-07-01 14:25:16
15892,Slayer's Shield,33347,20008,20000,20000,1.67,1.0,1,2026-07-01 07:05:06
23440,Dawnstone,56725,47826,34000,34000,1.67,1.41,21,2026-07-01 14:45:20
38918,Scroll of Enchant Weapon - Major Intellect,4980629,2988377,4997449,4997400,1.0,1.67,3,2026-07-01 15:25:22
39002,Scroll of Enchant Chest - Greater Defense,1171376,702826,702850,702850,1.67,1.0,2,2026-07-01 15:25:22
4623,Lesser Stoneshield Potion,31072,29915,49600,49600,1.6,1.66,1,2026-07-01 14:05:16
5785,Thick Murloc Scale,1647,1036,994,994,1.66,1.04,6,2026-07-01 14:05:16
8253,Imperial Red Sash,33280,19968,19999,19999,1.66,1.0,3,2026-07-01 14:25:16
10023,Shadoweave Gloves,350713,210428,350000,350000,1.0,1.66,1,2026-07-01 14:25:16
10578,Thoughtcast Boots,72632,43579,72495,72495,1.0,1.66,1,2026-06-26 06:04:59
14451,Highborne Gloves,74774,34087,44999,44999,1.66,1.32,1,2026-06-30 21:25:18
14768,Ravager's Armor,49358,30056,50000,50000,1.01,1.66,1,2026-07-01 14:25:16
33208,Flask of Chromatic Wonder,150000,150000,249500,249500,1.66,1.66,2,2026-07-01 15:05:19
36997,Sash of the Hardened Watcher,746616,447970,450000,450000,1.66,1.0,1,2026-06-30 20:05:11
38809,Scroll of Enchant Bracer - Spirit,15626,9376,9385,9385,1.66,1.0,7,2026-07-01 15:25:22
38914,Scroll of Enchant Cloak - Major Armor,199336,147681,120000,120000,1.66,1.23,1,2026-07-01 14:45:20
39964,Stalwart Huge Citrine,25206,15147,15200,15200,1.66,1.0,4,2026-07-01 15:25:22
41238,Cloak of Tormented Skies,891329,534797,889000,889000,1.0,1.66,5,2026-07-01 15:25:22
41477,Perfect Sundered Dark Jade,55555,55555,91950,91900,1.66,1.65,6,2026-07-01 15:25:22
41610,Deathchill Cloak,9023003,5413802,8999900,8999900,1.0,1.66,1,2026-07-01 12:25:09
43124,Ethereal Ink,61627,36976,37125,36750,1.66,1.01,17,2026-06-28 18:45:24
45795,Glyph of Spell Reflection,114274,72028,69000,69000,1.66,1.04,11,2026-07-01 15:25:22
2877,Combatant Claymore,36649,30146,49799,49799,1.36,1.65,4,2026-07-01 14:05:16
4304,Thick Leather,12772,8079,7744,7400,1.65,1.09,749,2026-07-01 14:05:16
7065,Green Silk Armor,16502,11662,9996,9996,1.65,1.17,10,2026-07-01 14:25:16
7608,Seer's Fine Stein,16501,9901,10000,10000,1.65,1.01,1,2026-07-01 14:25:16
8183,Precision Bow,27487,16492,22250,10000,1.24,1.65,3,2026-07-01 14:25:16
10041,Dreamweave Circlet,575816,345490,350000,350000,1.65,1.01,1,2026-06-22 10:05:12
23441,Nightseye,63117,41598,38350,38200,1.65,1.09,16,2026-07-01 14:45:20
31303,Valanos' Longbow,229044,213840,353716,353716,1.54,1.65,1,2026-07-01 15:05:19
37760,Cracklefire Wristguards,333241,199945,328998,328998,1.01,1.65,5,2026-07-01 15:05:19
41254,Rustic Workman's Shirt,302085,181251,299500,299000,1.01,1.65,2,2026-07-01 15:25:22
41354,Savage Saronite Bracers,1593574,910472,1500000,1500000,1.06,1.65,1,2026-07-01 15:25:22
41510,Bolt of Frostweave,44776,17974,27200,27200,1.65,1.51,50,2026-07-01 15:25:22
42443,Cudgel of Saronite Justice,749441,660699,453650,453650,1.65,1.46,1,2026-06-30 16:45:14
43469,Revenant's Treads,2643932,1820768,3705542,3000000,1.4,1.65,2,2026-07-01 15:25:22
43593,Icy Scale Chestguard,7938377,6395554,4800000,4800000,1.65,1.33,1,2026-07-01 15:25:22
2159,Padded Pants,2524,1514,2487,2487,1.01,1.64,1,2026-06-17 13:25:17
2407,Pattern: White Leather Jerkin,2985,2472,4115,4059,1.38,1.64,7,2026-07-01 14:05:16
3310,Barbaric Cloth Vest,16161,14875,9850,9800,1.64,1.52,2,2026-07-01 14:05:16
3859,Steel Bar,10232,5236,6250,6250,1.64,1.19,1638,2026-07-01 14:05:16
4078,Chief Brigadier Coif,40606,24364,40000,40000,1.02,1.64,1,2026-06-30 20:45:13
6418,Aurora Sash,30840,18504,18832,18832,1.64,1.02,1,2026-06-30 00:25:34
10573,Boneslasher,182093,109256,189700,179500,1.04,1.64,3,2026-07-01 14:25:16
10998,Lesser Astral Essence,6637,3741,4058,3299,1.64,1.13,951,2026-07-01 14:25:16
12975,Prospector Axe,78839,47303,77700,77700,1.01,1.64,1,2026-07-01 13:25:15
13487,Recipe: Transmute Water to Undeath,205442,140932,124999,124999,1.64,1.13,2,2026-07-01 14:25:16
13890,Plated Armorfish,1644,1553,1000,1000,1.64,1.55,34,2026-07-01 14:25:16
14404,Resilient Leggings,21817,8166,35750,11500,1.64,1.41,2,2026-07-01 14:25:16
14438,Venomshroud Boots,51756,31054,31598,31598,1.64,1.02,3,2026-07-01 14:25:16
14536,Bonebrace Hauberk,131142,78685,80000,80000,1.64,1.02,1,2026-07-01 05:24:59
14558,Lady Maye's Pendant,466604,279962,458800,458800,1.02,1.64,1,2026-06-30 09:05:03
14751,Slayer's Surcoat,23305,18296,30000,30000,1.29,1.64,1,2026-06-30 14:25:12
15082,Heavy Scorpid Belt,49060,29436,30000,30000,1.64,1.02,1,2026-02-24 11:22:34
15083,Wicked Leather Gauntlets,41073,24644,25000,25000,1.64,1.01,4,2026-07-01 01:25:14
15997,Thorium Shells,64,31,39,39,1.64,1.26,3800,2026-06-30 23:25:21
23573,Hardened Adamantite Bar,242420,151745,248999,248999,1.03,1.64,56,2026-07-01 14:45:20
29158,Truesilver Commander's Ring,86288,51773,94666,85000,1.1,1.64,7,2026-07-01 15:05:19
30722,Ethereum Nexus-Reaver,20365997,12219598,19990000,19990000,1.02,1.64,1,2026-07-01 12:45:09
31289,Staff of Divine Infusion,305029,183017,300000,300000,1.02,1.64,1,2026-06-29 16:45:18
38991,Scroll of Enchant Weapon - Exceptional Spellpower,1389927,833956,849616,849000,1.64,1.02,10,2026-07-01 15:25:22
39983,Intricate Dark Jade,22877,17447,28599,28599,1.25,1.64,1,2026-07-01 15:25:22
39997,Delicate Scarlet Ruby,951508,642113,1073749,1050000,1.13,1.64,18,2026-07-01 15:25:22
41114,Tempered Saronite Gauntlets,402087,275019,244450,244450,1.64,1.13,1,2026-07-01 15:25:22
41351,Savage Saronite Pauldrons,1520917,912550,1500000,1500000,1.01,1.64,1,2026-07-01 15:25:22
42100,Moonshroud Robe,8852487,5781944,9650000,9500000,1.09,1.64,3,2026-07-01 15:25:22
42748,Glyph of Invisibility,109680,67357,66998,66998,1.64,1.01,16,2026-07-01 15:25:22
43133,Nightshock Girdle,467114,273896,450000,450000,1.04,1.64,1,2026-06-25 18:05:07
48124,Razormaw Hatchling,675653,335739,550000,550000,1.23,1.64,1,2026-07-01 15:05:19
811,Axe of the Deep Woods,408043,244826,400000,400000,1.02,1.63,1,2026-06-29 19:05:23
1215,Support Girdle,14670,8802,9000,9000,1.63,1.02,1,2026-06-18 07:25:18
1484,Witching Stave,860320,516192,527450,527450,1.63,1.02,1,2026-06-28 05:45:20
1486,Tree Bark Jacket,553538,273035,339825,339825,1.63,1.24,3,2026-07-01 14:05:16
3212,Lambent Scale Bracers,19342,14345,23449,23449,1.21,1.63,1,2026-07-01 14:05:16
3828,Elixir of Detect Lesser Invisibility,7214,6137,10000,10000,1.39,1.63,5,2026-06-23 02:05:05
4389,Gyrochronatom,8157,4226,4989,4800,1.63,1.14,56,2026-07-01 14:05:16
6795,White Swashbuckler's Shirt,20209,12125,19800,19800,1.02,1.63,11,2026-07-01 14:25:16
6888,Herb Baked Egg,669,401,654,654,1.02,1.63,11,2026-07-01 14:25:16
7759,Archon Chestpiece,324708,194825,199000,199000,1.63,1.02,1,2026-07-01 14:25:16
8497,Rabbit Crate (Snowshoe),64207,61183,100000,100000,1.56,1.63,1,2026-07-01 14:25:16
11610,Plans: Dark Iron Pulverizer,276692,146211,169727,149454,1.63,1.02,2,2026-07-01 14:25:16
13043,Blade of the Titans,82834,49700,134750,79500,1.63,1.6,2,2026-07-01 14:25:16
14551,Edgemaster's Handguards,193170,152885,249500,249000,1.29,1.63,2,2026-07-01 14:25:16
18343,Petrified Band,96751,76320,59500,59500,1.63,1.28,1,2026-05-10 10:04:44
38425,Heavy Borean Leather,65482,32954,58482,53700,1.12,1.63,420,2026-07-01 15:25:22
1326,Sauteed Sunfish,6449,5633,9130,9130,1.42,1.62,10,2026-06-30 21:45:16
3182,Spider's Silk,64610,51520,40000,40000,1.62,1.29,10,2026-07-01 14:05:16
3598,Thick Cloth Bracers,400,400,650,650,1.62,1.62,1,2026-05-22 03:25:24
10625,Stealthblade,154067,92440,149749,149500,1.03,1.62,2,2026-07-01 14:25:16
10628,Deathblow,106253,74258,134749,120000,1.27,1.62,4,2026-07-01 14:25:16
14670,Pridelord Armor,113184,112509,70000,70000,1.62,1.61,1,2026-06-30 16:25:13
15992,Dense Blasting Powder,2146,1002,1704,1620,1.26,1.62,201,2026-07-01 14:45:20
23119,Sparkling Azure Moonstone,8081,4827,4998,4998,1.62,1.04,8,2026-07-01 14:45:20
23628,Plans: Blessed Bracers,1232819,704141,759000,759000,1.62,1.08,1,2026-07-01 09:05:05
25708,Thick Clefthoof Leather,3175,2286,1965,1960,1.62,1.17,52,2026-07-01 14:45:20
37780,Condor-Bone Chestguard,296315,177789,183000,179500,1.62,1.01,10,2026-07-01 15:05:19
39939,Defender's Shadow Crystal,50379,30227,31100,31100,1.62,1.03,1,2026-07-01 05:24:59
41442,Perfect Sparkling Chalcedony,41221,24733,40000,40000,1.03,1.62,6,2026-07-01 15:25:22
41597,Abyssal Bag,6889631,4620064,7490000,7490000,1.09,1.62,1,2026-07-01 15:25:22
42458,Glyph of Fear,40607,19091,25000,25000,1.62,1.31,23,2026-07-01 15:25:22
43461,Revenant's Breastplate,7271527,5512854,4500000,4500000,1.62,1.23,1,2026-07-01 15:25:22
45085,Titansteel Spellblade,16606925,12659177,10220000,10220000,1.62,1.24,4,2026-07-01 15:25:22
2226,Ogremage Staff,24902,14941,15500,15500,1.61,1.04,1,2026-06-28 21:25:37
4497,Heavy Brown Bag,23315,19426,14450,14400,1.61,1.35,2,2026-07-01 14:05:16
6520,Pioneer Cloak,5171,3103,4999,4999,1.03,1.61,1,2026-07-01 14:25:16
10021,Dreamweave Vest,483064,334170,300000,300000,1.61,1.11,1,2026-06-29 20:05:26
10320,Pattern: Red Mageweave Headband,11918,6157,12449,9900,1.04,1.61,3,2026-07-01 14:25:16
10421,Rough Copper Vest,3320,1992,2066,2066,1.61,1.04,1,2026-06-27 21:05:33
12810,Enchanted Leather,104350,84773,65000,65000,1.61,1.3,7,2026-06-26 21:05:06
12811,Righteous Orb,511768,331263,317416,308000,1.61,1.08,40,2026-07-01 14:25:16
14816,Warstrike Legguards,64596,38758,40000,40000,1.61,1.03,1,2026-06-23 21:45:07
21536,Elune Stone,80029,52211,49800,49800,1.61,1.05,1,2026-07-01 10:05:11
27502,Scroll of Stamina V,3610,1617,2249,2099,1.61,1.3,2,2026-07-01 15:05:19
29363,Mana Wyrmling,806880,484128,500000,500000,1.61,1.03,1,2026-06-22 22:04:57
31173,Boots of Savagery,58472,49623,83999,80000,1.44,1.61,5,2026-07-01 15:05:19
38328,Pattern: Haliscan Pantaloons,79870,72040,49700,49600,1.61,1.45,2,2026-07-01 15:05:19
42457,Glyph of Death Coil,96344,54052,59990,59990,1.61,1.11,27,2026-07-01 15:25:22
43423,Glyph of Rending,109329,72436,67900,67900,1.61,1.07,19,2026-07-01 15:25:22
43448,Swiftarrow Leggings,1287229,772337,799900,799900,1.61,1.04,1,2026-06-28 19:05:28
46379,Flask of Stoneblood,424588,294567,263999,263999,1.61,1.12,82,2026-07-01 15:25:22
2087,Hard Crawler Carapace,8010,4983,5000,5000,1.6,1.0,1,2026-05-29 23:05:21
4364,Coarse Blasting Powder,516,310,495,495,1.04,1.6,26,2026-07-01 14:05:16
6264,Greater Adept's Robe,21330,12478,20000,20000,1.07,1.6,4,2026-07-01 14:05:16
6511,Journeyman's Robe,6881,4129,4300,4300,1.6,1.04,4,2026-07-01 14:25:16
7969,Mithril Spurs,11999,10562,17085,16898,1.42,1.6,83,2026-07-01 14:25:16
8948,Dried King Bolete,849,509,530,530,1.6,1.04,2,2026-06-28 01:05:39
13064,Jaina's Firestarter,87021,76970,139499,100000,1.6,1.3,5,2026-07-01 14:25:16
14460,Elunarian Diadem,80212,48127,50000,50000,1.6,1.04,1,2026-06-26 20:25:07
16717,Wildheart Gloves,68998,36893,59249,59000,1.16,1.6,3,2026-07-01 14:45:20
29202,Whirling Steel Axes,51358,49855,80000,80000,1.56,1.6,1,2026-07-01 15:05:19
31320,Chestguard of Exile,2604824,1562894,2499999,2499999,1.04,1.6,1,2026-06-30 20:45:13
33461,Scroll of Stamina VI,4236,2998,4799,4798,1.13,1.6,20,2026-07-01 15:05:19
36923,Chalcedony,14193,10607,17982,17000,1.27,1.6,439,2026-07-01 15:05:19
38401,Arctic Leggings,301526,156179,250000,250000,1.21,1.6,1,2026-07-01 15:05:19
38848,Scroll of Enchant Weapon - Greater Striking,319931,191959,200000,200000,1.6,1.04,1,2026-06-30 13:05:02
39341,Silvery Pigment,17372,8617,13851,13800,1.25,1.6,21,2026-07-01 15:25:22
40002,Fractured Scarlet Ruby,998146,598888,957999,957999,1.04,1.6,6,2026-07-01 15:25:22
41460,Perfect Shifting Shadow Crystal,63354,38012,39600,39600,1.6,1.04,1,2026-07-01 05:05:03
43007,Northern Spices,20854,10717,13045,11800,1.6,1.1,1542,2026-07-01 15:25:22
43245,Crystal Chalcedony Amulet,127829,110759,79900,79000,1.6,1.4,17,2026-07-01 15:25:22
43969,Frostsavage Belt,1511804,907082,1449900,1449900,1.04,1.6,1,2026-07-01 15:25:22
44815,Scroll of Enchant Bracers - Greater Assault,1887332,1176109,1879324,1877500,1.0,1.6,12,2026-07-01 15:25:22
45773,Emerald Bag,5020764,4630878,7420000,7400000,1.48,1.6,4,2026-07-01 15:25:22
818,Tigerseye,365,301,487,479,1.33,1.59,142,2026-07-01 14:05:16
4322,Enchanter's Cowl,47589,43536,30000,30000,1.59,1.45,1,2026-06-26 01:44:59
6238,Brown Linen Robe,7926,4756,9146,3000,1.15,1.59,3,2026-07-01 14:05:16
8110,Hibernal Gloves,23775,14265,14924,14800,1.59,1.04,4,2026-07-01 14:25:16
8122,Heraldic Headpiece,47702,28621,30000,30000,1.59,1.05,1,2026-07-01 14:25:16
12213,Carrion Surprise,3672,2138,3400,3400,1.08,1.59,13,2026-06-28 17:25:27
14745,Hulking Cloak,11948,7169,7500,5000,1.59,1.43,2,2026-07-01 14:25:16
21219,Recipe: Sagefish Delight,15862,12361,10000,10000,1.59,1.24,3,2026-07-01 14:45:20
23118,Solid Azure Moonstone,12238,11412,7699,7699,1.59,1.48,10,2026-07-01 14:45:20
23793,Heavy Knothide Leather,190992,121592,120000,120000,1.59,1.01,5,2026-07-01 14:45:20
25868,Skyfire Diamond,732143,625000,459999,459999,1.59,1.36,1,2026-07-01 14:45:20
25907,Design: Destructive Skyfire Diamond,1190909,714545,748000,748000,1.59,1.05,1,2026-07-01 14:45:20
35682,Rune Giant Bindings,422012,253207,265000,200000,1.59,1.27,3,2026-07-01 15:05:19
37808,Dragonjaw Mauler,358691,352111,259745,221500,1.38,1.59,2,2026-07-01 15:05:19
38400,Arctic Chestpiece,245021,157567,250000,250000,1.02,1.59,2,2026-07-01 15:05:19
40955,Horned Cobalt Helm,229687,188056,298997,298997,1.3,1.59,6,2026-07-01 15:25:22
41113,Saronite Bulwark,944074,566444,900000,900000,1.05,1.59,1,2026-07-01 15:25:22
44441,Dark Iceborne Chestguard,366140,219684,350000,350000,1.05,1.59,1,2026-06-11 01:04:47
1988,Chief Brigadier Gauntlets,23780,19005,29999,29999,1.26,1.58,1,2026-07-01 01:45:13
3357,Liferoot,7564,2707,4784,4200,1.58,1.55,296,2026-07-01 14:05:16
3480,Rough Bronze Shoulders,7919,7682,4999,4999,1.58,1.54,1,2026-07-01 14:05:16
4717,Mail Combat Belt,20253,12152,19300,19200,1.05,1.58,2,2026-07-01 14:05:16
4738,Imperial Leather Belt,36027,25180,22799,22799,1.58,1.1,4,2026-07-01 14:05:16
4791,Enchanted Water,1538,1335,975,975,1.58,1.37,94,2026-07-01 14:05:16
5755,Onyx Shredder Plate,15785,9471,10000,10000,1.58,1.06,1,2026-07-01 14:05:16
8200,Big Voodoo Robe,87174,76189,55000,55000,1.58,1.39,2,2026-05-13 01:24:58
8274,Valorous Chestguard,56728,49799,89750,59500,1.58,1.19,2,2026-07-01 14:25:16
10571,Ebony Boneclub,158061,94837,150000,150000,1.05,1.58,1,2026-06-28 22:45:45
17414,Codex: Prayer of Fortitude II,34412,30600,48333,48200,1.4,1.58,7,2026-07-01 14:45:20
22788,Flame Cap,335810,189483,378949,299998,1.13,1.58,85,2026-07-01 14:45:20
27666,Golden Fish Sticks,7418,4451,4700,4700,1.58,1.06,50,2026-06-28 22:05:43
29956,Red Dragonhawk Hatchling,96408,63412,100000,100000,1.04,1.58,1,2026-07-01 15:05:19
31332,Blinkstrike,15816444,12923055,10000000,10000000,1.58,1.29,1,2026-07-01 15:05:19
37768,Leggings of Violent Exsanguination,309873,231847,196250,196000,1.58,1.18,6,2026-07-01 15:05:19
38833,Scroll of Enchant Chest - Superior Health,15822,11496,10000,9900,1.58,1.16,15,2026-07-01 15:25:22
38836,Scroll of Enchant Gloves - Strength,45736,34338,29000,29000,1.58,1.18,1,2026-06-29 01:05:40
38883,Scroll of Enchant Weapon - Mighty Spirit,5512908,4161875,3500000,3495000,1.58,1.19,3,2026-07-01 15:25:22
41470,Perfect Misty Dark Jade,72433,43460,68749,68500,1.05,1.58,3,2026-07-01 15:25:22
3829,Frost Oil,78385,41995,50000,50000,1.57,1.19,1,2026-07-01 04:25:06
11128,Golden Rod,17323,14228,11000,10200,1.57,1.39,22,2026-07-01 14:25:16
13001,Maiden's Circle,156745,94047,100000,100000,1.57,1.06,1,2026-06-30 04:25:28
13058,Khoo's Point,92924,55754,87750,87500,1.06,1.57,4,2026-07-01 14:25:16
14864,Warleader's Belt,84935,50961,80000,80000,1.06,1.57,1,2026-06-30 04:25:28
21895,Pattern: Primal Mooncloth,331266,318099,500959,500959,1.51,1.57,1,2026-06-15 16:45:15
23620,Plans: Felfury Gauntlets,1049017,629410,989499,989000,1.06,1.57,3,2026-07-01 14:45:20
32063,Earthen Elixir,20000,12000,18800,18800,1.06,1.57,4,2026-06-23 15:44:58
36916,Cobalt Bar,34473,25045,39899,39399,1.16,1.57,685,2026-07-01 15:05:19
36999,Boots of the Terrestrial Guardian,424311,254587,399450,399450,1.06,1.57,1,2026-07-01 15:05:19
38376,Heavy Borean Armor Kit,626106,539620,400000,400000,1.57,1.35,18,2026-07-01 15:05:19
38591,Dark Arctic Leggings,282249,169349,180000,180000,1.57,1.06,2,2026-07-01 15:25:22
38847,Scroll of Enchant Chest - Stats,530826,318496,499999,499999,1.06,1.57,1,2026-07-01 15:05:19
39006,Scroll of Enchant Boots - Tuskarr's Vitality,1322635,999992,842969,842900,1.57,1.19,20,2026-07-01 15:25:22
39340,Violet Pigment,42343,25406,40000,40000,1.06,1.57,1,2026-07-01 15:25:22
41594,Moonshroud,820957,625677,979999,979999,1.19,1.57,14,2026-07-01 15:25:22
42111,Ebonweave Gloves,2671523,2102013,1698750,1697500,1.57,1.24,4,2026-07-01 15:25:22
43972,Frostsavage Robe,1825488,1095293,1715000,1715000,1.06,1.57,1,2026-07-01 15:25:22
44920,Glyph of Blast Wave,97418,64687,61991,61991,1.57,1.04,14,2026-07-01 15:25:22
1218,Heavy Gnoll War Club,20338,20182,13000,13000,1.56,1.55,1,2026-06-30 21:05:10
1725,Large Knapsack,27857,14637,24133,22900,1.15,1.56,9,2026-07-01 14:05:16
2058,Kazon's Maul,31931,19159,29900,29900,1.07,1.56,1,2026-06-29 12:45:17
5963,Barbaric Leggings,53713,42779,34361,34022,1.56,1.26,2,2026-07-01 14:05:16
6395,Silver-thread Amice,30977,18586,28999,28999,1.07,1.56,1,2026-06-30 16:25:13
6420,Glyphed Boots,34755,31978,50000,50000,1.44,1.56,1,2026-07-01 11:05:12
8117,Heraldic Boots,39118,23471,25000,25000,1.56,1.07,1,2026-07-01 14:25:16
12713,Plans: Radiant Leggings,39218,23185,36300,36200,1.08,1.56,3,2026-07-01 14:25:16
14682,Indomitable Armguards,62566,37540,40000,40000,1.56,1.07,1,2026-06-26 14:45:03
17029,Sacred Candle,10000,10000,6400,6400,1.56,1.56,9,2026-05-28 21:25:22
39970,Fire Leaf,18524,11114,11895,11895,1.56,1.07,14,2026-07-01 15:25:22
40098,Radiant Forest Emerald,466628,273136,299121,299121,1.56,1.1,4,2026-07-01 15:25:22
43554,Glyph of Vampiric Blood,38985,35726,24919,24600,1.56,1.45,18,2026-07-01 15:25:22
44218,Darkmoon Executioner,390883,234530,250000,250000,1.56,1.07,2,2026-07-01 15:25:22
45631,High-powered Flashlight,1772317,992500,1550000,1550000,1.14,1.56,2,2026-07-01 15:25:22
1478,Scroll of Protection II,1230,795,791,790,1.55,1.01,7,2026-07-01 14:05:16
2988,Inscribed Leather Gloves,13949,8369,9000,9000,1.55,1.08,1,2026-07-01 04:05:11
4241,Green Woolen Bag,7503,4502,7000,7000,1.07,1.55,1,2026-06-30 03:05:28
4405,Crude Scope,3219,1931,3099,3000,1.04,1.55,9,2026-07-01 14:05:16
9206,Elixir of Giants,20965,16134,25000,25000,1.19,1.55,7,2026-07-01 14:25:16
10050,Mageweave Bag,35695,21837,23000,23000,1.55,1.05,20,2026-07-01 14:25:16
11039,Formula: Enchant Cloak - Minor Agility,10513,6308,9801,9801,1.07,1.55,1,2026-07-01 14:25:16
11303,Fine Shortbow,20199,12119,18800,18800,1.07,1.55,5,2026-07-01 14:25:16
14379,Sanguine Trousers,24765,19347,29999,29999,1.21,1.55,2,2026-07-01 14:25:16
15744,Pattern: Wicked Leather Headband,30613,27306,19800,19800,1.55,1.38,2,2026-06-30 02:45:28
20753,Formula: Lesser Wizard Oil,36887,22936,35549,35549,1.04,1.55,2,2026-07-01 02:05:11
21873,Primal Mooncloth Belt,3971465,2686250,4168999,4168999,1.05,1.55,1,2026-03-05 19:42:37
22248,Enchanted Runecloth Bag,690306,414184,445000,445000,1.55,1.07,9,2026-07-01 14:45:20
27697,Recipe: Grilled Mudfish,148807,130380,95750,95500,1.55,1.37,4,2026-07-01 15:05:19
38347,Mammoth Mining Bag,1233130,815333,794500,789000,1.55,1.03,3,2026-07-01 15:05:19
39003,Scroll of Enchant Cloak - Greater Speed,1423279,1160275,918566,909000,1.55,1.28,18,2026-07-01 15:25:22
39774,Midnight Ink,23188,13913,15000,15000,1.55,1.08,4,2026-07-01 15:25:22
42913,Glyph of Snake Trap,105531,99070,67999,67999,1.55,1.46,21,2026-07-01 15:25:22
937,Black Duskwood Staff,61702,60461,40000,40000,1.54,1.51,1,2026-07-01 14:05:16
1457,Shadowhide Mace,21698,13019,20000,20000,1.08,1.54,1,2026-06-30 00:25:34
4799,Antiquated Cloak,30761,18457,20000,20000,1.54,1.08,1,2026-07-01 14:05:16
9420,Adventurer's Pith Helmet,300000,300000,194300,194300,1.54,1.54,1,2026-06-29 21:25:40
10027,Black Mageweave Shoulders,37188,25925,40000,40000,1.08,1.54,1,2026-07-01 12:05:10
10360,Black Kingsnake,96597,64985,100000,100000,1.04,1.54,1,2026-07-01 14:25:16
13452,Elixir of the Mongoose,59056,41978,64500,64500,1.09,1.54,10,2026-07-01 06:25:02
18631,Truesilver Transformer,93360,56016,86000,86000,1.09,1.54,9,2026-06-30 15:05:07
21559,Small Green Rocket,13151,8548,13191,13191,1.0,1.54,4,2026-04-26 15:23:47
21767,Simple Opal Ring,20761,15383,13448,13100,1.54,1.17,33,2026-07-01 14:45:20
27689,Recipe: Sporeling Snack,203832,151882,132166,132000,1.54,1.15,8,2026-07-01 15:05:19
31258,Band of Sorrow,343517,217176,222908,222908,1.54,1.03,1,2026-06-30 18:45:13
37787,Greathelm of the Unyielding Bull,927517,565726,870000,870000,1.07,1.54,1,2026-06-30 14:45:07
38436,Frostscale Bracers,161862,97117,150000,150000,1.08,1.54,3,2026-07-01 15:25:22
38865,Scroll of Enchant Chest - Greater Stats,910663,792150,589998,589998,1.54,1.34,19,2026-07-01 15:25:22
41348,Savage Saronite Walkers,1623094,973856,1500000,1500000,1.08,1.54,1,2026-07-01 15:25:22
44210,Faces of Doom,3703839,1906628,2942500,2942500,1.26,1.54,4,2026-07-01 15:25:22
44457,Scroll of Enchant Cloak - Major Agility,995785,528109,646000,646000,1.54,1.22,9,2026-07-01 15:25:22
5754,Wolfpack Medallion,54497,32698,50000,50000,1.09,1.53,1,2026-06-22 07:05:03
6476,Pattern: Deviate Scale Belt,84155,58961,55000,55000,1.53,1.07,1,2026-07-01 14:25:16
7052,Azure Silk Belt,76449,45869,50000,50000,1.53,1.09,1,2026-07-01 14:25:16
9430,Spaulders of a Lost Age,38968,32778,50000,50000,1.28,1.53,1,2026-06-06 18:05:19
12250,Midnight Axe,123561,60126,80808,80808,1.53,1.34,1,2026-06-27 04:05:20
16218,Formula: Enchant Bracer - Superior Spirit,28376,12911,19899,19799,1.43,1.53,4,2026-07-01 14:45:20
17062,Recipe: Mithril Head Trout,43730,38869,28666,28400,1.53,1.37,7,2026-07-01 14:45:20
21561,Small White Rocket,15323,13941,10000,10000,1.53,1.39,4,2026-04-26 15:23:47
23559,Lesser Rune of Warding,30266,17152,19800,19800,1.53,1.15,22,2026-07-01 14:45:20
27437,Icefin Bluefish,13635,8181,8894,7900,1.53,1.04,65,2026-07-01 15:05:19
31291,Crystalforged War Axe,488615,293169,472450,450000,1.03,1.53,2,2026-07-01 15:05:19
31670,Raptor Ribs,4441,3394,2900,2800,1.53,1.21,18,2026-07-01 15:05:19
39907,Subtle Bloodstone,43010,25806,39500,39500,1.09,1.53,11,2026-07-01 15:25:22
42990,Darkmoon Card: Death,12952782,8497875,8490000,8490000,1.53,1.0,1,2026-07-01 15:25:22
43592,Polar Boots,5940958,5704680,8750000,8750000,1.47,1.53,2,2026-07-01 15:25:22
44739,Diamond-cut Refractor Scope,54453,41626,35555,35555,1.53,1.17,48,2026-07-01 15:25:22
44931,Windripper Leggings,7277652,4366591,4750000,4750000,1.53,1.09,1,2026-07-01 15:25:22
647,Destiny,337242,202345,308000,308000,1.09,1.52,1,2026-07-01 01:25:14
873,Staff of Jordan,2386592,1431955,2178750,2177500,1.1,1.52,3,2026-07-01 14:05:16
2968,Warrior's Gloves,1521,1338,1000,1000,1.52,1.34,1,2026-06-26 03:24:54
6380,Inscribed Buckler,12596,7527,8300,8300,1.52,1.1,1,2026-07-01 03:05:07
7451,Pattern: Green Whelp Bracers,75961,47073,50000,50000,1.52,1.06,1,2026-07-01 14:25:16
8169,Thick Hide,840,523,551,522,1.52,1.0,33,2026-07-01 14:25:16
8343,Heavy Silken Thread,10862,6517,9900,9900,1.1,1.52,14,2026-07-01 10:25:15
8485,Cat Carrier (Bombay),70514,57535,46466,46400,1.52,1.24,8,2026-07-01 14:25:16
12645,Thorium Shield Spike,197092,118255,130000,130000,1.52,1.1,1,2026-05-28 19:05:23
14602,Warden's Cloak,30412,25909,20000,20000,1.52,1.3,1,2026-07-01 14:25:16
14758,Slayer's Shoulderguards,21282,17275,14000,14000,1.52,1.23,1,2026-07-01 14:25:16
16671,Bindings of Elements,64716,52221,79750,79500,1.23,1.52,6,2026-07-01 14:45:20
22846,Major Shadow Protection Potion,75915,57887,50000,50000,1.52,1.16,1,2026-06-27 16:45:15
25654,Felscale Gloves,109468,65681,100000,100000,1.09,1.52,1,2026-06-07 05:45:15
29372,Void-Talon,438529,263117,400000,400000,1.1,1.52,1,2026-03-24 00:42:36
37790,Belt of Crystalline Tears,208155,124893,194500,190000,1.07,1.52,4,2026-07-01 15:05:19
37804,Bloodwood Greatstaff,315759,189455,207998,207998,1.52,1.1,1,2026-07-01 15:05:19
40076,Guru's Elixir,54461,28577,35800,35800,1.52,1.25,40,2026-07-01 15:25:22
41607,Cloak of the Moon,252626,230189,348950,348900,1.38,1.52,4,2026-07-01 15:25:22
42339,Blood Sun Necklace,419073,205340,312000,312000,1.34,1.52,1,2026-07-01 05:05:03
43458,Giantmaim Legguards,8472521,7349651,5575000,5550000,1.52,1.32,2,2026-07-01 15:25:22
43971,Frostsavage Cowl,1617327,970396,1473750,1472500,1.1,1.52,3,2026-07-01 15:25:22
2325,Black Dye,8092,5808,5350,5350,1.51,1.09,12,2026-06-13 22:45:18
3429,Guardsman Belt,16432,9859,10879,10879,1.51,1.1,1,2026-06-30 07:05:17
10368,Imbued Plate Armor,115361,99041,150000,150000,1.3,1.51,1,2026-06-26 04:24:59
10514,Mithril Frag Bomb,7611,4567,6900,6900,1.1,1.51,3,2026-06-20 16:25:13
12254,Well Oiled Cloak,58035,34821,38477,38477,1.51,1.1,1,2026-05-14 09:06:03
14777,Ravager's Shield,55895,33537,50750,50500,1.1,1.51,3,2026-07-01 14:25:16
16840,Earthfury Bracers,573129,331424,500000,500000,1.15,1.51,1,2026-07-01 14:45:20
17012,Core Leather,113242,101019,74999,74999,1.51,1.35,15,2026-07-01 14:45:20
20832,Moonsoul Crown,203046,121828,184500,184500,1.1,1.51,2,2026-07-01 14:45:20
21753,Gem Studded Band,158486,95092,105011,105011,1.51,1.1,1,2026-07-01 10:25:15
21991,Heavy Netherweave Bandage,4830,4770,3199,3199,1.51,1.49,70,2026-07-01 14:45:20
27854,Smoked Talbuk Venison,1430,1322,1995,1995,1.4,1.51,13,2026-07-01 15:05:19
38849,Scroll of Enchant Bracer - Greater Stamina,60592,36077,54768,54499,1.11,1.51,43,2026-07-01 15:25:22
39905,Delicate Bloodstone,35501,28817,43480,43400,1.22,1.51,14,2026-07-01 15:25:22
41522,Frostwoven Belt,100312,72429,66250,66000,1.51,1.1,6,2026-07-01 15:25:22
42113,Spellweave Gloves,2977584,1554613,2348750,2347500,1.27,1.51,4,2026-07-01 15:25:22
42456,Glyph of Curse of Agony,102634,70951,67999,67999,1.51,1.04,16,2026-07-01 15:25:22
42745,Glyph of Ice Lance,33884,22050,22399,22200,1.51,1.01,18,2026-07-01 15:25:22
43428,Glyph of Sweeping Strikes,21072,12643,13997,13997,1.51,1.11,19,2026-07-01 15:25:22
44217,Darkmoon Dirk,378222,247405,250000,250000,1.51,1.01,1,2026-07-01 03:45:06
1178,Explosive Rocket,742,552,494,494,1.5,1.12,30,2026-07-01 14:05:16
5576,Large Brown Sack,17651,9225,11733,9000,1.5,1.02,7,2026-07-01 14:05:16
7390,Dusky Boots,33311,19987,30000,30000,1.11,1.5,1,2026-06-29 12:45:17
8189,Turtle Scale Breastplate,36399,21839,32800,32800,1.11,1.5,1,2026-06-30 00:25:34
14093,Beaded Cord,200,200,300,300,1.5,1.5,1,2026-06-02 01:05:45
14567,Bristlebark Belt,28506,13872,19000,19000,1.5,1.37,1,2026-06-30 20:25:11
14866,Warleader's Crown,60000,60000,40000,40000,1.5,1.5,1,2026-06-28 18:45:24
20475,Adamantite Arrow Maker,262841,157705,175000,175000,1.5,1.11,1,2026-06-19 21:05:40
24066,Radiant Talasite,50000,50000,75000,75000,1.5,1.5,1,2026-03-15 21:42:54
25670,Thick Draenic Pants,97929,66609,100000,100000,1.02,1.5,1,2026-06-28 01:05:39
36908,Frost Lotus,32644,19586,21751,20600,1.5,1.05,216,2026-07-01 15:05:19
38434,Iceborne Wristguards,300078,189473,199500,199500,1.5,1.05,4,2026-07-01 15:25:22
38966,Scroll of Enchant Boots - Greater Fortitude,826582,495949,549750,549750,1.5,1.11,3,2026-07-01 15:25:22
41461,Perfect Sovereign Shadow Crystal,90075,89485,59999,59999,1.5,1.49,16,2026-07-01 15:25:22
