item,cc_item_count,cc_last_seen
25,1,2026-06-28 17:45:22
35,1,2026-06-02 16:05:30
38,1,2026-07-01 17:05:28
40,1,2026-07-01 17:05:28
43,1,2026-04-19 15:02:43
44,1,2026-04-19 15:02:43
45,1,2026-06-27 21:25:34
47,1,2026-04-02 18:22:42
49,1,2026-07-01 17:05:28
51,1,2025-12-02 04:43:01
53,1,2026-06-25 18:45:06
55,1,2026-05-21 00:25:11
56,1,2026-05-20 16:25:04
59,1,2026-04-03 02:02:31
127,1,2026-06-25 15:25:02
148,1,2026-07-01 17:05:28
153,1,2026-05-11 05:25:03
154,1,2026-07-01 17:05:28
159,5,2026-07-01 13:05:13
200,1,2026-04-27 12:43:41
201,1,2025-11-08 20:42:14
202,1,2026-06-09 09:45:23
203,1,2026-05-09 07:24:55
236,1,2026-05-30 12:45:14
555,10,2026-05-01 13:24:30
647,1,2026-07-01 17:05:28
718,1,2026-06-02 20:25:28
720,2,2026-07-01 17:05:28
723,79,2026-07-01 17:05:28
724,3,2026-07-01 17:05:28
727,15,2026-07-01 17:05:28
728,1,2026-07-01 17:05:28
729,32,2026-07-01 17:05:28
730,52,2026-07-01 17:05:28
731,1,2026-07-01 08:25:12
733,3,2026-06-30 04:05:31
753,1,2026-06-30 15:05:07
754,4,2026-07-01 17:05:28
756,1,2026-07-01 17:05:28
765,377,2026-07-01 17:05:28
766,1,2026-07-01 17:05:28
767,3,2026-07-01 17:05:28
768,1,2026-07-01 17:05:28
769,864,2026-07-01 17:05:28
770,3,2026-06-28 07:25:13
774,104,2026-07-01 17:05:28
776,1,2026-07-01 11:05:12
778,1,2026-06-25 23:05:03
779,3,2026-06-01 04:05:38
781,1,2026-06-12 13:44:49
783,95,2026-07-01 17:05:28
785,448,2026-07-01 17:05:28
787,2,2026-06-21 21:45:13
789,3,2026-07-01 17:05:28
790,4,2026-07-01 17:05:28
791,3,2026-07-01 17:05:28
792,1,2026-05-02 02:44:35
793,1,2026-06-09 20:25:21
794,1,2026-06-30 07:05:17
796,1,2026-04-28 22:44:20
797,1,2026-07-01 17:05:28
805,3,2026-07-01 17:05:28
812,1,2026-07-01 17:05:28
814,12,2026-07-01 17:05:28
816,1,2026-06-22 21:05:01
818,157,2026-07-01 17:05:28
820,1,2026-06-23 03:25:03
821,1,2026-06-26 16:24:57
826,1,2026-06-27 05:25:19
827,1,2026-07-01 07:05:06
828,7,2026-07-01 17:05:28
832,1,2026-06-30 16:45:14
833,1,2026-06-28 01:25:36
843,1,2026-06-09 00:05:37
844,1,2026-06-08 17:45:19
845,1,2026-05-11 18:04:49
846,1,2026-06-08 23:45:33
847,1,2026-06-27 20:45:36
848,1,2026-05-11 05:45:01
850,1,2026-05-04 10:24:42
851,1,2026-05-03 17:44:54
852,1,2026-07-01 17:05:28
856,7,2026-07-01 17:05:28
857,1,2026-07-01 17:05:28
858,35,2026-07-01 17:05:28
862,1,2026-06-15 11:45:11
863,4,2026-07-01 17:05:28
864,1,2026-06-28 01:05:39
865,1,2026-06-28 11:25:22
866,2,2026-07-01 17:05:28
867,3,2026-07-01 17:05:28
870,1,2026-07-01 17:05:28
878,1,2026-05-31 18:45:34
880,1,2026-07-01 17:05:28
885,1,2026-06-28 17:25:27
886,1,2026-06-28 20:05:32
887,1,2026-04-03 13:42:44
890,4,2026-07-01 17:05:28
892,1,2026-06-10 23:04:50
897,1,2026-06-29 19:05:23
899,1,2026-06-30 19:25:16
911,1,2026-06-30 20:45:13
914,1,2026-05-09 11:45:07
920,1,2026-07-01 17:05:28
926,1,2026-04-03 17:02:52
929,92,2026-07-01 17:05:28
932,1,2026-07-01 10:25:15
933,1,2026-06-29 23:25:31
934,1,2026-07-01 17:05:28
935,3,2026-07-01 17:05:28
936,1,2026-07-01 15:45:20
937,2,2026-07-01 17:05:28
940,1,2026-07-01 17:05:28
942,3,2026-07-01 17:05:28
943,1,2026-07-01 00:45:16
944,2,2026-07-01 17:05:28
954,3,2026-07-01 17:05:28
955,10,2026-07-01 17:05:28
961,3,2026-06-16 02:05:39
1015,85,2026-07-01 17:05:28
1017,66,2026-07-01 17:05:28
1077,1,2026-05-02 14:24:26
1080,1,2026-07-01 17:05:28
1081,112,2026-07-01 17:05:28
1082,5,2026-06-28 11:25:22
1121,1,2026-06-28 13:45:22
1168,4,2026-07-01 17:05:28
1169,1,2026-07-01 17:05:28
1175,1,2026-05-20 13:45:19
1178,30,2026-07-01 17:05:28
1194,1,2026-05-24 04:05:57
1195,3,2026-07-01 17:05:28
1196,1,2026-07-01 17:05:28
1197,1,2026-07-01 17:05:28
1200,1,2025-11-27 14:02:34
1201,1,2026-06-18 12:05:36
1202,3,2026-04-30 13:23:56
1203,4,2026-07-01 17:05:28
1204,4,2026-07-01 17:05:28
1205,37,2026-07-01 17:05:28
1206,160,2026-07-01 17:05:28
1207,1,2026-06-30 01:25:27
1210,172,2026-07-01 17:05:28
1211,1,2026-07-01 17:05:28
1212,1,2026-06-07 10:25:04
1214,1,2026-06-30 22:45:17
1215,1,2026-06-18 07:25:18
1218,1,2026-06-30 21:05:10
1219,2,2026-07-01 17:05:28
1220,2,2026-06-29 10:45:22
1251,16,2026-07-01 08:05:07
1263,2,2026-07-01 17:05:28
1265,1,2026-06-30 12:05:00
1287,1,2026-06-26 12:44:51
1288,26,2026-07-01 17:05:28
1296,5,2026-07-01 17:05:28
1299,1,2026-05-27 20:25:31
1300,1,2026-06-30 00:05:36
1314,1,2026-06-30 20:45:13
1315,2,2026-07-01 17:05:28
1318,1,2026-07-01 17:05:28
1326,10,2026-06-30 21:45:16
1351,1,2026-04-24 11:43:11
1355,1,2026-05-30 07:05:16
1366,1,2026-05-08 18:25:09
1367,1,2026-06-05 03:25:03
1369,1,2026-04-28 14:24:07
1374,1,2026-06-05 01:45:07
1376,1,2026-06-02 21:45:21
1380,1,2026-07-01 16:45:27
1387,1,2026-06-19 22:45:31
1389,1,2026-07-01 14:05:16
1391,1,2026-05-02 18:44:25
1394,1,2026-06-29 18:45:21
1395,1,2026-05-21 00:25:11
1396,1,2026-04-03 02:02:31
1399,3,2026-07-01 17:05:28
1405,1,2026-04-26 15:23:47
1406,1,2026-06-17 14:05:23
1411,1,2026-05-01 03:04:35
1412,1,2026-01-04 02:03:24
1413,1,2026-06-04 21:04:58
1414,1,2026-06-02 17:05:34
1415,1,2026-06-05 03:25:03
1417,1,2026-06-26 19:25:03
1419,1,2025-10-29 19:01:58
1420,1,2026-06-02 17:25:37
1421,1,2026-07-01 17:05:28
1422,1,2026-06-29 22:25:29
1423,1,2026-06-02 17:45:36
1425,1,2026-05-04 07:04:47
1427,1,2026-05-04 13:24:48
1429,1,2025-12-17 08:42:47
1430,1,2026-04-27 18:43:47
1431,1,2026-01-06 07:23:05
1433,1,2026-04-29 16:23:52
1438,1,2026-06-30 02:25:27
1440,1,2026-07-01 03:05:07
1443,1,2026-07-01 17:05:28
1445,1,2026-06-23 12:45:01
1446,1,2026-06-29 13:45:17
1447,5,2026-07-01 17:05:28
1448,1,2026-06-30 14:45:07
1454,1,2026-07-01 17:05:28
1455,3,2026-07-01 17:05:28
1457,1,2026-06-30 00:25:34
1458,1,2026-06-28 21:25:37
1459,1,2026-06-27 18:25:26
1460,1,2026-07-01 03:45:06
1461,1,2026-06-30 03:45:28
1464,1,2026-04-29 15:03:58
1465,2,2026-07-01 17:05:28
1468,44,2026-07-01 17:05:28
1476,19,2026-04-30 18:24:13
1477,6,2026-07-01 14:45:20
1478,7,2026-07-01 17:05:28
1481,1,2026-06-30 14:25:12
1482,6,2026-07-01 17:05:28
1483,1,2026-07-01 17:05:28
1484,1,2026-06-28 05:45:20
1485,1,2026-07-01 00:45:16
1486,3,2026-07-01 17:05:28
1488,1,2026-06-30 00:05:36
1489,1,2026-07-01 17:05:28
1491,1,2026-06-27 03:45:21
1493,1,2026-07-01 04:45:04
1495,1,2026-06-27 16:25:14
1497,1,2026-06-28 21:05:35
1498,1,2026-05-26 02:46:05
1499,1,2026-04-26 11:23:46
1501,1,2026-06-30 17:25:11
1502,1,2026-06-25 05:24:57
1503,1,2026-06-25 05:24:57
1504,2,2026-04-18 05:22:14
1505,1,2026-06-25 17:05:02
1506,1,2026-04-06 19:02:27
1507,1,2026-06-25 14:05:06
1509,1,2026-06-04 14:04:43
1510,1,2026-06-24 04:05:27
1511,1,2026-04-24 22:43:25
1512,1,2026-06-30 07:05:17
1513,1,2026-05-08 08:05:03
1514,1,2026-06-05 15:45:06
1515,1,2026-05-29 18:25:18
1516,1,2026-05-08 13:24:56
1520,44,2026-07-01 17:05:28
1521,2,2026-07-01 17:05:28
1523,1,2026-07-01 17:05:28
1529,81,2026-07-01 17:05:28
1560,1,2026-06-30 17:45:10
1602,1,2026-07-01 01:05:16
1604,2,2026-07-01 17:05:28
1607,1,2026-07-01 17:05:28
1608,4,2026-07-01 17:05:28
1613,1,2026-07-01 17:05:28
1624,1,2026-07-01 17:05:28
1625,2,2026-06-30 08:05:15
1630,4,2025-10-28 14:21:59
1639,3,2026-07-01 17:05:28
1640,2,2026-07-01 17:05:28
1645,24,2026-07-01 17:05:28
1659,2,2026-06-30 08:05:15
1664,2,2026-07-01 17:05:28
1677,1,2026-07-01 17:05:28
1678,1,2026-06-19 06:45:35
1679,1,2026-06-28 12:05:25
1686,1,2026-05-22 19:45:37
1687,1,2026-06-29 08:46:03
1688,1,2026-05-31 06:25:24
1701,49,2026-06-26 17:24:57
1702,5,2026-02-12 18:02:51
1703,14,2026-07-01 17:05:28
1705,175,2026-07-01 17:05:28
1706,3,2026-05-28 07:45:17
1707,3,2026-07-01 17:05:28
1708,62,2026-07-01 17:05:28
1710,216,2026-07-01 17:05:28
1711,19,2026-07-01 17:05:28
1712,10,2026-07-01 17:05:28
1713,5,2026-07-01 17:05:28
1714,4,2026-07-01 17:05:28
1715,5,2026-07-01 17:05:28
1716,1,2026-07-01 17:05:28
1717,1,2026-07-01 17:05:28
1718,3,2026-07-01 17:05:28
1720,4,2026-07-01 17:05:28
1721,2,2026-07-01 17:05:28
1722,4,2026-07-01 17:05:28
1725,11,2026-07-01 17:05:28
1726,2,2026-07-01 17:05:28
1727,1,2026-06-30 13:45:11
1728,1,2026-06-30 06:25:19
1730,1,2026-05-14 04:44:56
1732,1,2026-05-10 21:45:12
1733,1,2026-06-16 19:05:24
1734,1,2026-06-16 01:05:43
1735,1,2026-07-01 17:05:28
1737,1,2026-06-27 15:05:07
1738,1,2026-06-26 09:04:57
1739,1,2026-07-01 17:05:28
1741,1,2026-06-21 09:45:09
1742,1,2025-12-07 19:23:02
1743,1,2026-07-01 07:25:03
1744,1,2026-07-01 01:05:16
1745,1,2026-06-27 21:05:33
1746,1,2026-06-27 18:05:18
1747,1,2025-12-12 11:22:36
1748,1,2026-06-10 20:24:45
1750,1,2026-02-16 21:02:20
1751,1,2026-06-22 22:44:59
1752,1,2026-06-28 02:05:34
1753,1,2026-04-07 13:02:22
1754,1,2026-07-01 17:05:28
1755,1,2026-04-03 17:02:52
1757,1,2026-05-13 03:04:58
1761,1,2026-03-05 09:02:46
1764,1,2026-06-29 20:45:33
1768,1,2026-06-29 10:25:19
1769,1,2026-07-01 04:45:04
1770,1,2026-06-29 20:45:33
1772,1,2025-11-01 13:01:53
1774,1,2026-04-30 05:04:05
1775,1,2026-05-24 20:25:56
1777,1,2026-06-30 10:45:03
1778,1,2026-07-01 17:05:28
1783,1,2026-04-21 18:43:01
1784,1,2026-01-11 16:23:09
1785,1,2026-06-30 10:25:04
1786,1,2026-07-01 04:45:04
1787,1,2026-05-10 17:24:50
1789,1,2026-04-26 15:23:47
1790,1,2026-06-22 21:44:58
1791,1,2026-05-28 02:25:33
1792,1,2026-05-27 13:45:28
1793,1,2026-07-01 07:25:03
1794,1,2026-06-21 15:05:23
1795,1,2026-04-21 06:02:40
1796,1,2026-06-21 23:45:17
1798,1,2026-04-03 19:22:35
1799,1,2026-04-21 06:02:40
1800,1,2026-07-01 17:05:28
1801,2,2026-07-01 17:05:28
1802,1,2026-06-19 14:05:30
1803,1,2026-06-19 14:05:30
1805,1,2026-07-01 17:05:28
1806,1,2026-05-23 17:05:52
1807,1,2026-06-09 18:25:23
1808,1,2026-06-11 04:04:42
1809,1,2026-06-30 19:45:14
1810,1,2026-06-16 15:45:17
1811,1,2026-06-21 09:45:09
1812,1,2026-07-01 17:05:28
1819,1,2026-06-30 12:05:00
1820,1,2026-06-17 07:45:22
1821,1,2026-06-09 09:25:22
1822,1,2026-06-09 09:25:22
1823,1,2026-06-18 03:45:31
1824,1,2026-06-29 08:25:37
1825,1,2026-07-01 09:25:09
1826,1,2026-04-24 16:43:07
1827,1,2026-06-25 16:24:59
1828,1,2026-06-29 15:25:19
1829,1,2026-04-03 18:22:41
1830,1,2026-04-05 20:42:29
1831,1,2026-07-01 17:05:28
1840,1,2026-06-19 20:25:25
1843,1,2026-06-08 23:25:34
1845,1,2026-05-11 05:45:01
1846,1,2026-05-02 14:24:26
1913,1,2026-06-11 19:04:45
1917,2,2026-06-28 14:45:16
1925,3,2026-07-01 17:05:28
1926,1,2025-11-06 01:42:17
1928,1,2026-04-30 03:23:59
1936,1,2026-07-01 17:05:28
1938,1,2026-06-28 14:25:12
1943,1,2026-06-30 05:05:23
1944,1,2026-07-01 13:25:15
1945,3,2026-07-01 17:05:28
1951,6,2026-07-01 17:05:28
1955,1,2026-06-28 07:05:13
1958,1,2026-05-22 19:25:33
1959,1,2026-03-08 08:42:26
1965,1,2026-06-24 17:25:12
1973,3,2026-07-01 17:05:28
1974,1,2026-07-01 17:05:28
1975,3,2026-07-01 17:05:28
1976,1,2026-06-30 03:05:28
1978,1,2026-07-01 17:05:28
1979,2,2026-07-01 17:05:28
1980,3,2026-07-01 17:05:28
1981,2,2026-07-01 17:05:28
1982,8,2026-07-01 17:05:28
1986,3,2026-07-01 17:05:28
1988,1,2026-07-01 01:45:13
1990,1,2026-06-30 00:05:36
1991,1,2026-06-04 19:44:51
1992,2,2026-07-01 17:05:28
1993,1,2026-01-29 22:02:26
1994,1,2026-07-01 17:05:28
1996,1,2026-05-01 18:04:32
1998,1,2026-06-30 00:05:36
2014,1,2026-07-01 17:05:28
2015,1,2026-07-01 17:05:28
2017,1,2026-06-23 02:05:05
2018,1,2026-07-01 17:05:28
2020,1,2026-07-01 03:25:06
2021,1,2026-06-25 03:05:11
2025,1,2026-04-27 23:24:14
2027,1,2026-06-27 18:05:18
2029,1,2026-06-26 23:05:19
2034,4,2026-07-01 17:05:28
2035,1,2026-06-28 19:05:28
2039,1,2026-07-01 17:05:28
2040,1,2026-07-01 17:05:28
2046,1,2026-07-01 06:05:01
2054,1,2026-06-22 05:25:04
2055,1,2026-06-08 15:25:18
2057,1,2026-05-25 18:46:02
2058,1,2026-06-29 12:45:17
2059,1,2026-06-30 20:45:13
2064,1,2026-06-28 17:05:29
2066,1,2026-06-25 22:05:03
2067,2,2026-07-01 17:05:28
2069,1,2026-03-15 13:02:40
2070,1,2026-06-25 22:45:05
2072,2,2026-07-01 17:05:28
2073,1,2026-07-01 03:45:06
2075,1,2026-06-30 16:45:14
2077,1,2026-07-01 07:05:06
2078,1,2026-07-01 17:05:28
2079,1,2026-07-01 17:05:28
2080,2,2026-07-01 17:05:28
2084,1,2026-06-28 01:45:33
2087,1,2026-05-29 23:05:21
2091,20,2026-07-01 17:05:28
2092,1,2026-07-01 17:05:28
2102,1,2026-05-27 19:25:23
2105,1,2026-06-09 23:45:15
2108,1,2026-06-07 05:05:16
2112,1,2026-06-13 23:45:16
2129,1,2026-05-19 23:05:32
2130,1,2026-05-22 13:05:17
2131,1,2026-05-24 04:05:57
2132,1,2026-07-01 17:05:28
2134,1,2026-05-23 14:45:42
2138,1,2026-06-05 03:25:03
2139,1,2026-05-24 04:05:57
2140,1,2026-07-01 15:25:22
2156,1,2026-04-30 06:04:06
2166,1,2026-04-01 02:02:36
2167,1,2026-06-14 21:25:19
2168,1,2026-02-15 10:22:34
2175,1,2026-07-01 17:05:28
2194,1,2026-06-30 20:05:11
2203,1,2026-06-30 23:25:21
2204,2,2026-07-01 17:05:28
2205,1,2026-07-01 17:05:28
2207,1,2026-06-08 04:25:22
2211,1,2026-05-23 00:05:45
2213,1,2026-05-28 02:05:30
2214,1,2025-12-28 19:23:22
2215,1,2026-06-22 00:25:13
2216,1,2026-06-27 15:05:07
2217,1,2026-06-26 21:45:07
2219,1,2026-06-30 23:25:21
2220,1,2026-06-29 01:05:40
2221,1,2026-06-07 19:45:22
2222,1,2026-07-01 17:05:28
2226,1,2026-06-28 21:25:37
2227,1,2026-06-30 20:45:13
2232,1,2025-12-29 02:03:31
2233,1,2026-06-29 01:25:46
2235,1,2026-07-01 17:05:28
2236,2,2026-07-01 17:05:28
2241,1,2026-06-06 02:45:09
2243,2,2026-07-01 17:05:28
2246,3,2026-07-01 17:05:28
2256,5,2026-07-01 17:05:28
2257,1,2026-06-19 06:05:34
2258,1,2026-06-26 18:04:59
2260,1,2026-06-25 18:05:07
2262,2,2026-07-01 17:05:28
2264,1,2026-06-17 01:05:22
2265,1,2026-06-28 23:45:49
2266,1,2026-06-27 04:25:18
2267,1,2026-06-23 20:25:05
2268,1,2026-07-01 17:05:28
2271,1,2026-06-27 04:45:19
2274,1,2026-06-23 07:25:03
2276,1,2026-07-01 16:05:27
2277,1,2026-06-28 02:45:36
2278,1,2026-07-01 17:05:28
2281,1,2026-06-28 07:05:13
2282,1,2026-07-01 17:05:28
2283,1,2026-06-26 03:04:56
2284,1,2026-06-22 06:05:04
2287,3,2026-07-01 16:05:27
2289,5,2026-07-01 17:05:28
2290,11,2026-07-01 17:05:28
2291,6,2026-07-01 17:05:28
2292,1,2026-06-29 18:05:25
2295,1,2026-06-09 06:05:24
2296,46,2026-07-01 17:05:28
2299,10,2026-07-01 17:05:28
2300,7,2026-07-01 17:05:28
2302,1,2026-07-01 17:05:28
2303,1,2026-07-01 17:05:28
2304,26,2026-07-01 17:05:28
2307,1,2026-07-01 15:25:22
2308,1,2026-07-01 05:44:59
2309,1,2026-06-27 21:25:34
2310,10,2026-07-01 17:05:28
2311,1,2026-05-25 12:25:58
2312,1,2026-06-22 06:05:04
2313,4,2026-07-01 17:05:28
2314,7,2026-07-01 17:05:28
2316,16,2026-07-01 17:05:28
2321,16,2026-07-01 10:05:11
2324,5,2026-06-28 23:25:47
2325,12,2026-06-13 22:45:18
2361,1,2026-05-30 05:25:12
2367,1,2026-01-14 09:22:47
2370,1,2026-07-01 17:05:28
2371,1,2026-07-01 17:05:28
2372,1,2026-07-01 17:05:28
2373,1,2026-07-01 17:05:28
2374,1,2026-07-01 17:05:28
2375,1,2026-07-01 17:05:28
2376,1,2026-05-29 23:25:20
2379,1,2026-06-27 10:05:12
2386,1,2026-04-21 04:02:44
2394,1,2026-06-20 04:25:31
2395,1,2026-05-19 03:45:25
2396,1,2026-06-06 21:05:09
2397,1,2026-05-19 03:45:25
2401,1,2026-01-14 10:42:43
2417,1,2025-11-08 20:42:14
2418,1,2025-11-08 20:42:14
2419,1,2025-11-08 20:42:14
2420,1,2025-11-08 20:42:14
2421,1,2025-11-08 20:42:14
2422,1,2025-11-08 20:42:14
2445,1,2026-04-20 20:22:44
2446,1,2026-06-12 14:04:50
2447,328,2026-07-01 17:05:28
2449,517,2026-07-01 17:05:28
2450,417,2026-07-01 17:05:28
2452,401,2026-07-01 17:05:28
2453,202,2026-07-01 17:05:28
2454,50,2026-07-01 17:05:28
2455,9,2026-07-01 17:05:28
2456,29,2026-07-01 17:05:28
2457,6,2026-07-01 17:05:28
2458,15,2026-07-01 17:05:28
2459,343,2026-07-01 17:05:28
2488,1,2026-06-27 18:05:18
2489,1,2026-06-30 06:45:16
2490,1,2026-06-24 21:05:18
2491,1,2026-06-30 08:25:01
2492,1,2026-05-22 13:05:17
2493,1,2026-05-24 20:05:52
2494,1,2026-07-01 17:05:28
2495,1,2026-07-01 17:05:28
2506,1,2026-06-23 14:45:09
2507,1,2026-07-01 17:05:28
2508,1,2026-06-28 19:05:28
2511,1,2026-06-19 04:05:34
2512,189,2026-05-22 17:45:31
2515,200,2026-04-29 16:23:52
2516,200,2026-04-29 16:23:52
2519,200,2026-04-29 16:23:52
2520,1,2026-03-13 19:42:43
2521,1,2026-04-13 08:02:21
2522,1,2026-03-13 19:42:43
2523,1,2026-03-13 19:42:43
2524,1,2026-03-13 19:42:43
2525,1,2026-03-13 19:42:43
2526,1,2026-05-14 00:25:12
2527,1,2026-03-13 19:42:43
2546,1,2026-07-01 17:05:28
2555,9,2026-07-01 17:05:28
2564,3,2026-07-01 17:05:28
2565,1,2026-06-28 20:05:32
2566,1,2026-02-05 21:02:51
2567,2,2026-07-01 17:05:28
2568,2,2026-06-26 13:04:50
2569,1,2026-07-01 17:05:28
2570,1,2026-06-28 23:05:46
2572,10,2026-07-01 17:05:28
2575,3,2026-07-01 14:45:20
2576,7,2026-07-01 14:45:20
2577,2,2026-07-01 17:05:28
2578,1,2026-06-26 19:45:07
2579,3,2026-07-01 17:05:28
2580,19,2026-07-01 17:05:28
2581,171,2026-07-01 17:05:28
2582,2,2026-07-01 17:05:28
2583,1,2026-07-01 17:05:28
2584,5,2026-06-26 11:24:55
2585,1,2026-06-22 17:25:06
2587,5,2026-07-01 17:05:28
2589,764,2026-07-01 17:05:28
2592,1394,2026-07-01 17:05:28
2593,20,2026-06-09 14:25:22
2594,10,2026-05-04 08:44:51
2595,2,2026-03-13 19:42:43
2596,20,2026-06-15 07:05:22
2598,4,2026-07-01 17:05:28
2601,5,2026-07-01 17:05:28
2604,4,2026-05-07 21:05:05
2605,5,2026-06-29 01:05:40
2621,1,2026-01-07 02:43:03
2624,4,2026-07-01 17:05:28
2632,1,2026-07-01 17:05:28
2633,64,2026-07-01 17:05:28
2635,1,2026-06-05 03:25:03
2642,1,2026-06-25 05:44:56
2644,1,2026-07-01 17:05:28
2646,1,2026-05-04 03:24:55
2649,1,2026-06-05 03:25:03
2650,1,2026-06-05 03:25:03
2652,1,2026-04-27 03:43:52
2654,1,2026-06-02 10:05:31
2656,1,2026-04-23 18:02:56
2657,12,2026-07-01 17:05:28
2665,6,2026-07-01 17:05:28
2672,241,2026-07-01 17:05:28
2673,13,2026-07-01 17:05:28
2674,56,2026-07-01 17:05:28
2675,8,2026-07-01 17:05:28
2677,97,2026-07-01 17:05:28
2678,60,2026-07-01 14:05:16
2679,7,2026-06-27 16:45:15
2680,2,2026-07-01 17:05:28
2681,30,2026-06-25 19:44:58
2682,1,2026-06-30 04:05:31
2683,19,2026-07-01 16:05:27
2684,40,2026-06-25 16:24:59
2687,5,2026-07-01 17:05:28
2697,8,2026-07-01 17:05:28
2698,6,2026-07-01 17:05:28
2699,3,2026-07-01 17:05:28
2700,2,2026-07-01 17:05:28
2701,6,2026-07-01 17:05:28
2721,1,2026-07-01 17:05:28
2723,2,2026-03-13 19:42:43
2763,1,2026-05-27 13:45:28
2764,1,2026-06-26 00:05:03
2765,1,2026-07-01 17:05:28
2766,1,2026-06-20 01:45:30
2770,115,2026-07-01 17:05:28
2771,1117,2026-07-01 17:05:28
2772,157,2026-07-01 17:05:28
2773,1,2026-05-06 11:44:37
2774,2,2026-07-01 17:05:28
2775,99,2026-07-01 17:05:28
2776,219,2026-07-01 17:05:28
2777,1,2026-05-02 04:44:33
2778,1,2026-04-03 18:22:41
2780,1,2026-06-16 06:05:37
2781,1,2026-06-21 15:05:23
2782,1,2026-06-29 23:45:35
2783,1,2026-07-01 17:05:28
2785,1,2026-06-30 22:25:19
2786,1,2026-04-07 13:02:22
2787,1,2026-06-07 14:05:07
2800,1,2026-06-28 17:45:22
2801,2,2026-07-01 17:05:28
2802,2,2026-07-01 17:05:28
2807,1,2026-06-30 18:25:13
2815,3,2026-07-01 17:05:28
2819,2,2026-07-01 17:05:28
2821,1,2026-07-01 13:05:13
2822,1,2026-07-01 16:05:27
2823,1,2026-06-29 22:45:29
2824,3,2026-07-01 17:05:28
2825,4,2026-07-01 17:05:28
2835,280,2026-07-01 17:05:28
2836,272,2026-07-01 17:05:28
2840,581,2026-07-01 17:05:28
2841,485,2026-07-01 17:05:28
2849,3,2026-07-01 17:05:28
2850,1,2026-07-01 17:05:28
2851,11,2026-07-01 17:05:28
2852,11,2026-07-01 17:05:28
2853,1,2026-07-01 01:45:13
2854,1,2026-07-01 04:45:04
2857,15,2026-07-01 17:05:28
2862,10,2026-06-30 10:45:03
2863,19,2026-07-01 17:05:28
2864,1,2026-06-29 18:25:26
2865,1,2026-07-01 16:45:27
2866,8,2026-07-01 17:05:28
2868,3,2026-07-01 17:05:28
2869,1,2026-07-01 17:05:28
2870,2,2026-07-01 17:05:28
2871,20,2026-07-01 17:05:28
2877,4,2026-07-01 17:05:28
2878,2,2026-07-01 17:05:28
2879,6,2026-07-01 17:05:28
2880,5,2026-07-01 17:05:28
2881,3,2026-07-01 17:05:28
2882,5,2026-07-01 17:05:28
2883,3,2026-07-01 17:05:28
2886,45,2026-07-01 17:05:28
2888,20,2026-07-01 02:25:10
2889,3,2026-07-01 17:05:28
2898,1,2026-04-18 08:22:13
2901,1,2026-06-30 10:25:04
2911,1,2026-07-01 17:05:28
2912,1,2026-07-01 13:25:15
2915,1,2026-07-01 16:25:26
2924,1,2026-07-01 15:25:22
2928,7,2025-12-27 16:03:13
2951,1,2026-07-01 17:05:28
2955,1,2026-06-30 19:45:14
2957,1,2026-07-01 12:45:09
2958,10,2026-07-01 17:05:28
2959,1,2026-07-01 17:05:28
2960,1,2026-06-30 02:25:27
2961,1,2026-07-01 17:05:28
2962,4,2026-07-01 17:05:28
2963,1,2026-07-01 02:25:10
2964,1,2026-06-29 06:25:39
2965,1,2026-07-01 14:25:16
2966,8,2026-07-01 17:05:28
2967,1,2026-06-25 18:45:06
2968,1,2026-06-26 03:24:54
2969,1,2026-07-01 17:05:28
2970,2,2026-07-01 04:45:04
2971,1,2026-06-28 08:25:31
2972,1,2026-07-01 02:25:10
2973,1,2026-06-30 23:45:20
2974,1,2026-07-01 16:25:26
2975,1,2026-07-01 17:05:28
2976,1,2026-07-01 17:05:28
2977,1,2026-07-01 03:45:06
2978,1,2026-07-01 04:45:04
2979,1,2026-07-01 17:05:28
2980,1,2026-06-30 16:45:14
2981,1,2026-07-01 14:25:16
2982,1,2026-07-01 14:25:16
2983,1,2026-07-01 07:45:09
2984,1,2026-06-29 22:45:29
2985,1,2026-07-01 17:05:28
2986,1,2026-07-01 00:45:16
2987,1,2026-07-01 17:05:28
2988,1,2026-07-01 04:05:11
2989,1,2026-07-01 17:05:28
2990,1,2026-07-01 17:05:28
2991,1,2026-07-01 13:25:15
2992,1,2026-06-29 10:45:22
2996,209,2026-07-01 17:05:28
2997,6,2026-07-01 17:05:28
3000,1,2026-06-25 13:45:01
3008,1,2026-06-10 11:24:22
3010,2,2026-07-01 13:25:15
3011,1,2026-07-01 17:05:28
3012,7,2026-07-01 17:05:28
3013,27,2026-07-01 17:05:28
3018,1,2026-07-01 13:45:14
3019,1,2026-06-25 15:25:02
3020,1,2026-07-01 17:05:28
3021,1,2026-07-01 17:05:28
3022,1,2026-06-18 21:45:37
3023,1,2026-05-24 00:45:59
3024,1,2026-05-23 17:05:52
3026,1,2026-04-25 04:23:16
3027,1,2026-06-23 21:25:09
3030,2000,2026-07-01 03:25:06
3033,200,2026-04-06 08:42:27
3036,3,2026-07-01 17:05:28
3037,2,2026-07-01 17:05:28
3039,1,2026-07-01 15:05:19
3040,1,2026-07-01 17:05:28
3041,1,2026-06-30 03:25:31
3042,1,2026-07-01 17:05:28
3045,1,2026-06-30 10:25:04
3047,1,2026-06-29 21:45:34
3055,2,2026-07-01 17:05:28
3056,1,2026-06-30 01:45:28
3057,2,2026-06-29 20:25:29
3058,1,2026-06-29 10:45:22
3065,1,2026-06-30 20:05:11
3066,2,2026-07-01 17:05:28
3067,1,2026-07-01 17:05:28
3069,1,2026-07-01 17:05:28
3072,1,2026-05-10 12:24:44
3073,1,2026-06-27 10:25:12
3074,1,2026-06-05 20:45:06
3075,1,2026-07-01 17:05:28
3076,1,2026-05-23 03:05:31
3108,5,2026-07-01 17:05:28
3164,12,2026-07-01 17:05:28
3167,2,2026-06-01 18:05:21
3170,3,2025-11-06 21:22:06
3172,242,2026-07-01 17:05:28
3173,49,2026-07-01 17:05:28
3174,18,2026-07-01 17:05:28
3175,1,2026-01-27 23:02:33
3180,2,2026-07-01 17:05:28
3181,2,2026-06-26 02:04:58
3182,12,2026-07-01 17:05:28
3184,1,2026-06-30 20:45:13
3185,1,2026-07-01 04:05:11
3186,1,2026-07-01 17:05:28
3187,1,2026-07-01 17:05:28
3188,1,2026-06-29 06:45:39
3189,2,2026-07-01 17:05:28
3190,2,2026-07-01 17:05:28
3193,1,2026-07-01 17:05:28
3194,1,2026-07-01 17:05:28
3200,1,2026-07-01 17:05:28
3201,4,2026-07-01 17:05:28
3202,1,2026-07-01 14:45:20
3203,3,2026-07-01 17:05:28
3204,1,2026-06-29 13:45:17
3205,3,2026-07-01 17:05:28
3206,4,2026-07-01 17:05:28
3207,1,2026-07-01 17:05:28
3208,2,2026-07-01 17:05:28
3210,1,2026-06-29 21:25:40
3211,1,2026-06-28 20:05:32
3212,1,2026-07-01 17:05:28
3213,1,2026-06-30 21:05:10
3214,1,2026-06-21 20:25:17
3220,10,2026-07-01 17:05:28
3223,1,2026-06-11 05:04:40
3224,1,2026-06-24 11:25:06
3225,1,2026-06-10 12:04:27
3227,1,2026-06-22 21:25:02
3229,1,2026-06-08 14:45:18
3231,1,2026-06-29 04:05:43
3233,1,2026-06-28 14:25:12
3239,5,2026-06-28 22:45:45
3240,5,2026-06-27 01:45:27
3241,2,2026-06-26 23:45:21
3260,1,2026-06-17 20:25:32
3262,1,2026-05-27 13:45:28
3279,1,2026-07-01 12:45:09
3280,1,2026-06-07 07:45:09
3281,1,2026-06-25 03:25:09
3282,1,2026-06-26 21:45:07
3283,1,2026-06-30 19:45:14
3284,1,2026-07-01 17:25:29
3285,1,2026-07-01 17:25:29
3286,1,2026-07-01 17:25:29
3287,1,2026-06-29 11:05:18
3288,1,2026-07-01 07:05:06
3290,1,2026-06-24 17:25:12
3291,6,2026-07-01 17:25:29
3299,2,2026-02-11 17:02:40
3300,2,2026-06-24 11:25:06
3301,1,2026-06-22 21:44:58
3302,1,2026-07-01 17:25:29
3303,1,2026-05-13 18:25:04
3304,1,2026-07-01 17:25:29
3305,2,2026-07-01 17:25:29
3306,1,2026-06-30 00:25:34
3307,1,2026-07-01 01:05:16
3308,1,2026-06-29 21:45:34
3309,1,2026-07-01 00:45:16
3310,2,2026-07-01 17:25:29
3311,1,2026-02-05 15:42:41
3312,1,2026-07-01 14:25:16
3313,1,2026-06-26 23:05:19
3314,1,2026-07-01 01:05:16
3315,1,2026-07-01 17:25:29
3319,1,2026-06-27 13:44:59
3322,2,2026-06-28 09:25:34
3325,1,2026-07-01 15:45:20
3327,1,2026-07-01 15:45:20
3328,1,2026-06-25 14:45:01
3331,1,2026-06-25 22:45:05
3334,1,2026-06-18 02:05:32
3335,1,2026-05-25 16:45:49
3336,1,2026-06-25 21:04:56
3345,1,2026-03-15 22:42:54
3363,1,2026-06-26 21:05:06
3365,1,2026-06-05 03:05:05
3369,190,2026-07-01 17:25:29
3370,1,2026-06-26 17:24:57
3371,1,2026-07-01 00:05:18
3372,159,2026-07-01 17:25:29
3373,1,2026-06-10 04:45:07
3374,1,2026-05-11 00:45:15
3375,1,2026-06-28 21:05:35
3376,2,2026-06-24 22:05:16
3377,1,2026-06-19 14:05:30
3378,1,2026-07-01 17:25:29
3379,1,2026-07-01 10:05:11
3380,1,2025-10-29 22:42:03
3382,18,2026-07-01 17:25:29
3383,29,2026-07-01 17:25:29
3384,3,2026-06-30 03:05:28
3385,28,2026-07-01 17:25:29
3386,4,2026-07-01 17:25:29
3387,16,2026-07-01 17:25:29
3388,22,2026-07-01 17:25:29
3389,3,2026-07-01 17:25:29
3390,2,2026-07-01 17:25:29
3391,32,2026-07-01 17:25:29
3392,1,2026-06-03 09:04:59
3393,3,2026-07-01 17:25:29
3394,2,2026-07-01 17:25:29
3395,4,2026-07-01 17:25:29
3396,5,2026-07-01 17:25:29
3399,1,2026-06-25 14:05:06
3401,2,2026-04-24 17:43:09
3402,3,2026-06-28 21:45:42
3403,2,2026-06-28 14:45:16
3404,7,2026-07-01 17:25:29
3413,2,2026-07-01 17:25:29
3414,1,2026-06-21 03:05:20
3415,2,2026-07-01 17:25:29
3416,1,2026-06-28 02:45:36
3417,1,2026-06-29 21:05:36
3419,2,2026-07-01 17:25:29
3422,1,2026-06-19 08:46:05
3428,2,2026-07-01 17:25:29
3429,1,2026-07-01 17:25:29
3430,1,2026-07-01 17:25:29
3448,20,2026-06-30 22:45:17
3465,200,2026-06-24 21:25:12
3466,1,2026-05-10 07:24:44
3470,172,2026-07-01 17:25:29
3471,1,2026-06-28 02:45:36
3472,1,2026-07-01 00:05:18
3473,1,2026-06-29 15:25:19
3474,1,2026-06-30 04:05:31
3475,1,2026-06-21 14:25:22
3478,160,2026-07-01 17:25:29
3480,1,2026-07-01 17:25:29
3481,2,2026-07-01 17:25:29
3482,1,2026-07-01 02:05:11
3483,9,2026-07-01 17:25:29
3484,20,2026-07-01 17:25:29
3485,1,2026-07-01 17:25:29
3486,38,2026-07-01 17:25:29
3487,1,2026-06-28 02:25:33
3488,1,2026-06-27 04:25:18
3489,1,2026-07-01 01:05:16
3490,4,2026-07-01 17:25:29
3491,1,2026-06-30 15:25:07
3492,1,2026-05-31 14:45:33
3530,117,2026-07-01 17:25:29
3563,1,2026-06-27 10:45:06
3569,1,2026-04-03 20:22:33
3571,1,2026-06-27 11:25:02
3575,216,2026-07-01 17:25:29
3576,323,2026-07-01 17:25:29
3577,378,2026-07-01 17:25:29
3591,1,2026-04-27 17:23:45
3592,1,2026-04-27 06:23:51
3597,1,2026-05-27 13:45:28
3598,1,2026-05-22 03:25:24
3602,1,2026-06-19 05:45:34
3603,1,2026-06-27 23:05:27
3607,2,2026-06-05 13:45:06
3608,5,2026-07-01 17:25:29
3609,1,2026-07-01 17:25:29
3610,5,2026-07-01 17:25:29
3611,1,2026-07-01 17:25:29
3612,4,2026-07-01 17:25:29
3641,1,2026-06-30 16:25:13
3642,1,2026-06-30 19:05:13
3643,1,2026-07-01 16:05:27
3645,1,2026-06-30 07:05:17
3647,1,2026-07-01 17:25:29
3649,1,2026-06-22 04:25:05
3654,1,2026-07-01 17:25:29
3655,1,2026-07-01 12:05:10
3656,2,2026-07-01 17:25:29
3661,1,2026-04-12 10:42:39
3662,6,2026-07-01 17:25:29
3663,1,2026-06-29 01:25:46
3664,20,2026-07-01 03:25:06
3665,18,2026-06-30 23:05:18
3666,1,2026-06-22 14:45:12
3667,87,2026-07-01 17:25:29
3669,15,2026-07-01 17:25:29
3670,1,2026-07-01 17:25:29
3671,2,2026-06-30 05:25:23
3673,1,2026-07-01 09:25:09
3674,1,2026-06-25 10:25:05
3676,5,2026-07-01 17:25:29
3678,5,2026-07-01 17:25:29
3679,5,2026-07-01 17:25:29
3680,6,2026-07-01 17:25:29
3681,2,2026-07-01 17:25:29
3682,4,2026-07-01 17:25:29
3683,3,2026-07-01 17:25:29
3685,158,2026-07-01 17:25:29
3702,1,2026-02-09 18:02:30
3703,2,2026-07-01 15:05:19
3711,1,2026-05-13 04:24:53
3712,55,2026-07-01 17:25:29
3719,6,2026-07-01 17:25:29
3722,3,2026-04-03 15:02:43
3726,21,2026-06-16 03:45:36
3727,17,2026-06-23 19:45:06
3728,15,2026-06-21 00:05:33
3729,4,2026-07-01 13:25:15
3731,80,2026-07-01 17:25:29
3734,5,2026-07-01 17:25:29
3735,7,2026-07-01 17:25:29
3770,21,2026-07-01 17:25:29
3771,25,2026-07-01 17:25:29
3775,20,2026-05-11 13:04:42
3778,1,2026-06-17 06:25:20
3779,2,2026-06-28 15:45:23
3780,2,2026-07-01 17:25:29
3781,1,2026-06-28 16:25:20
3782,1,2026-07-01 06:45:04
3783,1,2026-06-11 22:04:48
3784,1,2026-07-01 17:25:29
3785,1,2026-06-29 06:05:36
3786,2,2026-07-01 17:25:29
3787,1,2026-06-25 05:24:57
3792,1,2026-06-08 08:05:12
3793,1,2026-07-01 17:25:29
3794,1,2026-06-14 23:25:16
3795,1,2026-06-27 03:05:22
3796,1,2026-06-27 03:05:22
3797,1,2026-06-27 03:05:22
3798,3,2026-07-01 17:25:29
3799,1,2026-06-16 08:45:33
3800,2,2026-06-30 19:45:14
3801,1,2026-07-01 17:25:29
3802,1,2026-06-14 23:25:16
3803,1,2026-07-01 17:25:29
3804,1,2026-06-29 06:05:36
3805,1,2026-05-07 02:24:41
3806,1,2026-06-27 13:25:01
3807,1,2026-06-29 06:05:36
3808,1,2026-06-28 23:05:46
3809,1,2026-06-17 06:25:20
3812,1,2026-05-27 01:05:43
3817,1,2026-06-29 06:05:36
3818,247,2026-07-01 17:25:29
3819,11,2026-07-01 17:25:29
3820,2358,2026-07-01 17:25:29
3821,515,2026-07-01 17:25:29
3823,50,2026-07-01 17:25:29
3824,1,2026-07-01 08:25:12
3825,3,2026-07-01 17:25:29
3826,26,2026-07-01 17:25:29
3827,30,2026-07-01 17:25:29
3828,5,2026-06-23 02:05:05
3829,1,2026-07-01 04:25:06
3830,3,2026-07-01 17:25:29
3831,2,2026-07-01 17:25:29
3832,3,2026-07-01 17:25:29
3835,27,2026-07-01 17:25:29
3836,1,2026-07-01 17:25:29
3837,3,2026-06-22 20:05:11
3840,1,2026-07-01 17:25:29
3841,1,2026-07-01 12:25:09
3842,24,2026-07-01 17:25:29
3843,4,2026-07-01 17:25:29
3844,1,2026-05-14 09:06:03
3845,2,2026-05-10 20:45:01
3846,1,2025-11-28 00:02:35
3847,1,2026-06-28 21:05:35
3848,1,2026-07-01 17:25:29
3849,1,2026-07-01 17:25:29
3850,2,2026-07-01 17:25:29
3851,1,2026-06-08 00:05:21
3852,1,2026-02-11 03:42:43
3853,1,2026-07-01 17:25:29
3857,16,2026-07-01 17:25:29
3858,151,2026-07-01 17:25:29
3859,1661,2026-07-01 17:25:29
3860,915,2026-07-01 17:25:29
3864,121,2026-07-01 17:25:29
3866,5,2026-07-01 17:25:29
3867,5,2026-07-01 17:25:29
3868,1,2026-07-01 17:25:29
3869,3,2026-07-01 17:25:29
3870,3,2026-07-01 17:25:29
3871,4,2026-07-01 17:25:29
3872,6,2026-07-01 17:25:29
3873,4,2026-07-01 17:25:29
3874,2,2026-07-01 17:25:29
3875,2,2026-07-01 17:25:29
3890,1,2026-06-11 03:24:40
3891,1,2025-11-08 20:42:14
3892,1,2026-06-07 23:05:22
3899,1,2026-05-19 22:45:34
3902,1,2026-06-26 22:05:10
3914,15,2026-07-01 17:25:29
3927,4,2026-07-01 17:25:29
3928,188,2026-07-01 17:25:29
3931,2,2026-06-19 14:25:32
3936,1,2026-06-29 20:05:26
3937,2,2026-06-24 14:05:02
3938,1,2026-06-29 20:05:26
3939,1,2026-05-21 17:05:17
3940,1,2026-04-08 16:42:33
3941,1,2026-07-01 17:25:29
3942,1,2026-07-01 06:45:04
3943,1,2026-06-19 07:45:40
3944,1,2026-03-16 05:22:36
3945,1,2026-07-01 17:25:29
3947,1,2026-06-29 21:45:34
3950,1,2025-11-29 05:02:50
3961,1,2026-06-29 20:05:26
3965,2,2026-07-01 17:25:29
3966,1,2026-06-24 13:45:02
3967,1,2026-06-21 05:45:15
3968,2,2026-06-19 10:25:31
3976,1,2026-07-01 15:25:22
3986,1,2026-06-24 14:45:01
3989,1,2026-06-10 16:24:36
3990,1,2026-06-21 10:45:06
3992,1,2026-05-07 23:45:04
3996,1,2025-11-29 05:02:50
3997,1,2026-07-01 15:25:22
4000,1,2025-11-08 17:42:25
4001,1,2025-12-24 00:02:39
4002,1,2026-04-27 10:03:36
4004,1,2025-12-04 02:22:58
4005,1,2026-06-29 08:25:37
4006,1,2026-06-28 18:45:24
4007,1,2026-06-14 20:45:17
4017,1,2026-06-24 14:05:02
4018,1,2026-06-19 05:05:39
4019,2,2026-06-11 13:04:40
4020,1,2026-06-30 11:05:02
4021,1,2026-06-24 14:05:02
4022,1,2026-06-24 14:05:02
4023,1,2026-06-21 10:05:09
4024,1,2026-05-28 15:45:36
4025,1,2026-06-30 15:25:07
4026,1,2026-06-29 06:05:36
4040,1,2026-07-01 17:25:29
4041,1,2026-06-29 06:05:36
4042,1,2026-07-01 17:25:29
4043,1,2026-06-28 03:05:32
4044,2,2026-07-01 17:25:29
4045,2,2026-07-01 17:25:29
4046,1,2026-07-01 17:25:29
4047,2,2026-07-01 17:25:29
4048,1,2026-06-30 13:05:02
4049,2,2026-07-01 17:25:29
4050,1,2026-06-29 17:05:22
4051,2,2026-07-01 17:25:29
4052,1,2026-06-27 20:05:32
4054,1,2026-06-30 07:45:14
4055,1,2026-07-01 17:25:29
4057,1,2026-06-29 23:05:27
4058,1,2026-07-01 10:25:15
4059,1,2026-07-01 10:05:11
4060,1,2026-07-01 17:25:29
4061,2,2026-07-01 17:25:29
4062,1,2026-07-01 17:25:29
4063,6,2026-07-01 17:25:29
4064,2,2026-07-01 17:25:29
4065,3,2026-07-01 17:25:29
4066,1,2026-07-01 17:25:29
4067,2,2026-07-01 17:25:29
4068,2,2026-07-01 17:25:29
4069,3,2026-07-01 17:25:29
4070,2,2026-07-01 17:25:29
4071,1,2026-07-01 17:25:29
4072,2,2026-07-01 17:25:29
4073,1,2026-06-30 20:45:13
4074,1,2026-07-01 15:45:20
4075,4,2026-07-01 17:25:29
4077,1,2026-07-01 00:25:17
4078,1,2026-07-01 17:25:29
4084,2,2026-07-01 17:25:29
4087,1,2026-06-30 08:05:15
4088,1,2026-07-01 11:25:09
4089,3,2026-07-01 17:25:29
4090,6,2026-07-01 17:25:29
4091,4,2026-07-01 17:25:29
4092,4,2026-06-19 06:05:34
4093,5,2026-06-28 22:05:43
4096,8,2026-07-01 17:25:29
4099,1,2026-06-22 15:45:12
4234,1507,2026-07-01 17:25:29
4235,37,2026-07-01 17:25:29
4236,12,2026-07-01 17:25:29
4237,3,2026-07-01 17:25:29
4238,28,2026-07-01 17:25:29
4239,88,2026-07-01 17:25:29
4240,5,2026-07-01 17:25:29
4241,1,2026-06-30 03:05:28
4242,5,2026-07-01 17:25:29
4243,1,2026-06-29 20:45:33
4244,2,2026-06-23 13:25:01
4245,10,2026-07-01 17:25:29
4246,33,2026-07-01 17:25:29
4247,4,2026-07-01 17:25:29
4248,1,2026-06-30 03:05:28
4249,26,2026-07-01 17:25:29
4250,3,2026-07-01 17:25:29
4251,19,2026-07-01 17:25:29
4252,1,2026-05-24 18:45:57
4253,1,2026-07-01 16:25:26
4254,1,2026-06-30 13:05:02
4255,1,2026-06-27 21:05:33
4256,1,2026-05-26 16:45:36
4257,6,2026-06-30 22:45:17
4258,1,2026-07-01 17:25:29
4259,1,2026-06-12 14:04:50
4260,5,2026-04-17 07:22:22
4261,1,2026-06-28 09:25:34
4262,1,2026-06-09 20:45:20
4263,1,2026-06-12 00:24:56
4264,1,2026-06-24 17:45:12
4265,19,2026-07-01 17:25:29
4290,2,2026-05-20 15:25:06
4291,20,2026-06-27 05:05:23
4297,2,2026-07-01 17:25:29
4298,9,2026-07-01 17:25:29
4299,5,2026-07-01 17:25:29
4300,4,2026-07-01 17:25:29
4301,3,2026-07-01 17:25:29
4302,1,2026-06-20 01:25:35
4303,2,2026-07-01 17:25:29
4304,1114,2026-07-01 17:25:29
4305,2905,2026-07-01 17:25:29
4306,2736,2026-07-01 17:25:29
4307,1,2026-07-01 06:05:01
4308,2,2026-07-01 17:25:29
4309,15,2026-07-01 17:25:29
4310,3,2026-06-29 00:25:44
4311,1,2026-06-25 21:24:57
4312,6,2026-07-01 17:25:29
4313,1,2026-06-12 23:45:03
4314,12,2026-07-01 17:25:29
4315,1,2026-06-16 13:25:10
4316,1,2026-06-28 23:05:46
4317,1,2026-05-08 05:04:56
4318,1,2026-06-29 15:25:19
4319,1,2026-04-27 18:43:47
4320,3,2026-07-01 17:25:29
4321,3,2026-07-01 17:25:29
4322,1,2026-06-26 01:44:59
4323,2,2026-06-30 21:45:16
4324,10,2026-07-01 17:25:29
4325,1,2026-06-27 14:45:06
4326,7,2026-07-01 17:25:29
4327,1,2026-06-16 12:05:09
4328,10,2026-06-30 19:45:14
4329,1,2026-06-06 16:45:04
4330,1,2026-07-01 17:25:29
4334,12,2026-07-01 17:25:29
4337,143,2026-07-01 17:25:29
4338,959,2026-07-01 17:25:29
4339,10,2026-07-01 17:25:29
4340,1,2026-07-01 17:25:29
4342,2,2026-03-14 00:42:48
4343,8,2026-07-01 17:25:29
4344,2,2026-07-01 17:25:29
4345,2,2026-07-01 17:25:29
4346,3,2026-07-01 17:25:29
4347,6,2026-07-01 17:25:29
4348,2,2026-07-01 17:25:29
4349,3,2026-07-01 17:25:29
4350,4,2026-07-01 17:25:29
4351,4,2026-07-01 17:25:29
4352,3,2026-07-01 17:25:29
4353,2,2026-07-01 17:25:29
4354,2,2026-07-01 17:25:29
4355,1,2026-07-01 17:25:29
4356,1,2026-07-01 14:45:20
4357,98,2026-07-01 17:25:29
4358,100,2026-06-29 10:25:19
4359,79,2026-07-01 17:25:29
4360,140,2026-07-01 17:25:29
4361,56,2026-07-01 17:25:29
4362,14,2026-07-01 17:25:29
4363,4,2026-07-01 17:25:29
4364,10,2026-07-01 17:25:29
4365,49,2026-07-01 17:25:29
4366,6,2026-06-30 13:25:06
4367,14,2026-06-07 17:25:09
4368,7,2026-07-01 17:25:29
4369,6,2026-07-01 17:25:29
4370,29,2026-07-01 17:25:29
4371,78,2026-07-01 17:25:29
4372,1,2026-06-03 19:24:59
4373,2,2026-07-01 17:25:29
4374,18,2026-06-30 18:45:13
4375,46,2026-07-01 17:25:29
4377,14,2026-07-01 17:25:29
4378,14,2026-05-26 05:25:57
4379,5,2026-07-01 17:25:29
4380,60,2026-06-27 09:45:13
4387,24,2026-07-01 17:25:29
4388,1,2026-06-29 09:25:32
4389,48,2026-07-01 17:25:29
4390,20,2026-07-01 17:05:28
4391,1,2026-03-26 14:22:37
4392,11,2026-07-01 17:25:29
4393,1,2026-06-20 18:25:17
4394,20,2026-06-30 20:25:11
4395,32,2026-03-07 10:42:35
4396,4,2026-06-16 12:05:09
4397,2,2026-07-01 17:25:29
4398,2,2026-07-01 17:25:29
4399,1,2026-03-13 19:42:43
4400,20,2026-07-01 17:25:29
4401,2,2026-07-01 17:25:29
4402,52,2026-07-01 17:25:29
4404,244,2026-07-01 17:25:29
4405,5,2026-07-01 17:25:29
4406,20,2026-07-01 17:25:29
4407,17,2026-07-01 17:25:29
4408,4,2026-07-01 17:25:29
4409,8,2026-07-01 17:25:29
4410,3,2026-07-01 17:25:29
4411,1,2026-06-26 22:05:10
4412,6,2026-07-01 17:25:29
4413,1,2026-07-01 08:05:07
4414,3,2026-07-01 17:25:29
4415,4,2026-07-01 17:25:29
4416,2,2026-07-01 17:25:29
4417,5,2026-07-01 17:25:29
4419,16,2026-07-01 17:25:29
4421,3,2026-07-01 17:25:29
4422,4,2026-07-01 17:25:29
4424,3,2026-07-01 17:25:29
4425,9,2026-07-01 17:25:29
4426,5,2026-07-01 17:25:29
4428,1,2026-04-21 17:02:52
4434,1,2026-07-01 17:25:29
4436,1,2026-03-26 20:22:45
4438,1,2026-06-26 23:45:21
4439,1,2026-05-25 04:25:59
4444,1,2026-07-01 04:05:11
4445,1,2026-05-20 20:45:12
4446,1,2026-06-28 21:25:37
4447,2,2026-07-01 17:25:29
4448,1,2026-06-28 04:25:26
4449,1,2026-06-30 02:05:27
4454,1,2026-06-29 03:05:42
4456,7,2026-07-01 17:25:29
4463,1,2026-06-29 20:25:29
4464,1,2026-06-26 23:45:21
4465,1,2026-06-26 17:04:56
4470,51,2026-06-20 12:25:07
4474,1,2026-07-01 17:25:29
4476,1,2026-06-29 22:05:33
4477,1,2026-07-01 17:25:29
4478,1,2026-07-01 17:25:29
4479,11,2026-07-01 17:25:29
4480,5,2026-07-01 17:25:29
4481,10,2026-07-01 17:25:29
4496,11,2026-07-01 17:25:29
4497,2,2026-07-01 17:25:29
4498,5,2026-07-01 17:25:29
4499,1,2026-05-27 03:25:48
4500,11,2026-07-01 17:25:29
4536,10,2026-06-23 19:45:06
4537,3,2026-06-24 05:05:24
4538,4,2026-07-01 17:25:29
4539,1,2026-06-28 04:45:26
4540,2,2026-06-22 20:45:05
4541,10,2026-06-28 04:25:26
4542,4,2026-06-22 20:45:05
4544,1,2026-06-27 16:45:15
4552,1,2026-07-01 17:25:29
4553,5,2026-06-25 13:05:00
4554,3,2026-07-01 01:25:14
4555,1,2026-06-26 23:45:21
4556,3,2026-06-25 20:04:57
4558,2,2026-06-30 05:45:19
4560,2,2026-07-01 17:25:29
4561,1,2026-06-30 06:45:16
4562,19,2026-07-01 17:25:29
4568,1,2026-07-01 17:25:29
4569,1,2026-07-01 17:25:29
4570,2,2026-07-01 06:05:01
4571,2,2026-07-01 17:25:29
4575,2,2026-07-01 17:25:29
4576,1,2026-06-29 10:45:22
4577,4,2026-07-01 17:25:29
4583,8,2026-07-01 17:25:29
4584,4,2026-06-29 19:45:25
4585,5,2026-07-01 17:25:29
4586,1,2026-06-11 11:24:40
4589,14,2026-07-01 17:25:29
4592,1,2026-07-01 17:25:29
4593,125,2026-07-01 02:45:11
4594,40,2026-07-01 17:25:29
4595,1,2026-03-13 19:42:43
4596,1,2026-06-29 21:05:36
4597,1,2026-07-01 17:25:29
4599,43,2026-07-01 17:25:29
4600,1,2026-03-13 19:42:43
4601,4,2026-07-01 17:25:29
4602,6,2026-07-01 17:25:29
4603,52,2026-07-01 17:25:29
4604,7,2026-06-22 20:45:05
4605,1,2026-06-28 00:05:31
4606,3,2026-07-01 17:25:29
4607,10,2026-07-01 17:25:29
4608,9,2026-07-01 17:25:29
4609,5,2026-07-01 17:25:29
4611,4,2026-07-01 17:25:29
4623,4,2026-07-01 17:25:29
4624,1,2026-07-01 17:25:29
4625,100,2026-07-01 17:25:29
4655,8,2026-06-30 15:25:07
4656,5,2026-05-05 19:24:56
4658,1,2026-05-02 14:24:26
4659,1,2026-07-01 02:45:11
4661,1,2026-07-01 17:25:29
4668,1,2026-07-01 17:25:29
4669,3,2026-07-01 17:25:29
4671,1,2026-07-01 17:25:29
4672,1,2026-06-10 04:45:07
4674,1,2026-06-27 21:45:26
4675,1,2026-07-01 17:25:29
4676,1,2026-05-27 23:05:47
4677,1,2026-07-01 04:25:06
4678,1,2026-06-28 00:25:34
4680,1,2026-06-06 00:45:09
4681,1,2026-06-29 22:45:29
4683,1,2026-07-01 17:25:29
4684,1,2026-06-08 01:45:18
4687,1,2026-06-24 02:25:26
4689,1,2026-07-01 17:25:29
4690,1,2026-07-01 17:25:29
4692,1,2026-06-01 13:05:27
4693,1,2026-06-17 13:25:17
4694,2,2026-07-01 17:25:29
4695,1,2026-07-01 17:25:29
4696,1,2026-07-01 15:25:22
4697,2,2026-07-01 17:25:29
4698,1,2026-06-30 19:45:14
4699,1,2026-06-30 23:05:18
4700,2,2026-07-01 17:25:29
4701,1,2026-06-29 21:05:36
4705,1,2026-07-01 17:25:29
4712,2,2026-07-01 17:25:29
4713,1,2026-07-01 17:25:29
4714,5,2026-07-01 17:25:29
4715,1,2026-06-29 19:05:23
4716,2,2026-07-01 17:25:29
4717,3,2026-07-01 17:25:29
4718,1,2026-07-01 17:25:29
4719,2,2026-07-01 17:25:29
4720,1,2026-06-29 13:25:17
4721,2,2026-07-01 17:25:29
4722,1,2026-07-01 17:25:29
4723,2,2026-07-01 17:25:29
4724,1,2026-07-01 15:25:22
4725,5,2026-07-01 17:25:29
4726,1,2026-07-01 17:25:29
4727,2,2026-07-01 17:25:29
4729,1,2026-07-01 17:25:29
4731,1,2026-07-01 17:25:29
4732,4,2026-07-01 17:25:29
4733,4,2026-07-01 17:25:29
4734,1,2026-07-01 17:25:29
4735,3,2026-07-01 17:25:29
4736,1,2026-07-01 17:25:29
4737,2,2026-07-01 17:25:29
4738,2,2026-07-01 17:25:29
4757,1,2026-04-25 05:43:15
4765,1,2026-06-25 12:05:01
4766,1,2026-06-27 21:25:34
4767,1,2025-12-16 04:22:51
4771,1,2026-04-28 03:24:13
4775,5,2026-06-27 03:05:22
4776,1,2026-06-27 03:05:22
4777,1,2026-06-27 06:25:19
4778,2,2026-06-25 07:44:51
4781,1,2026-07-01 17:25:29
4782,1,2026-07-01 17:25:29
4787,4,2026-06-29 20:05:26
4789,1,2026-06-29 20:45:33
4790,1,2026-05-26 07:45:54
4791,94,2026-07-01 17:25:29
4792,1,2026-06-30 19:25:16
4793,1,2026-03-01 19:22:54
4794,1,2026-07-01 17:25:29
4795,1,2026-07-01 17:25:29
4796,1,2026-07-01 17:25:29
4797,1,2026-06-11 19:24:48
4798,1,2026-07-01 17:25:29
4799,1,2026-07-01 17:25:29
4800,1,2026-07-01 17:25:29
4810,1,2026-06-04 12:04:41
4813,2,2026-06-27 01:25:33
4814,5,2026-05-08 18:25:09
4816,1,2026-07-01 17:25:29
4817,3,2026-07-01 17:25:29
4818,2,2026-07-01 17:25:29
4820,1,2026-07-01 17:25:29
4821,1,2026-07-01 17:25:29
4822,1,2026-07-01 17:25:29
4824,1,2026-07-01 17:25:29
4825,1,2026-07-01 17:25:29
4826,1,2026-07-01 17:25:29
4827,3,2026-07-01 17:25:29
4828,1,2026-07-01 11:05:12
4829,2,2026-07-01 17:25:29
4830,1,2026-06-28 06:05:17
4831,1,2026-06-27 06:45:18
4832,1,2026-06-27 14:05:03
4833,1,2026-06-27 15:25:12
4835,1,2026-06-18 03:45:31
4836,1,2026-07-01 17:25:29
4837,1,2026-07-01 17:25:29
4838,1,2026-07-01 17:25:29
4852,1,2026-05-24 15:46:02
4861,1,2026-06-25 02:45:09
4867,2,2026-07-01 17:25:29
4872,2,2026-07-01 17:25:29
4873,1,2026-06-27 14:25:05
4878,1,2026-06-23 02:05:05
4949,4,2026-07-01 17:25:29
4951,1,2026-05-14 09:06:03
4960,25,2026-07-01 17:25:29
4998,2,2026-07-01 17:25:29
4999,2,2026-07-01 17:25:29
5001,1,2026-07-01 02:25:10
5002,3,2026-07-01 17:25:29
5003,1,2026-07-01 00:45:16
5007,1,2026-07-01 17:25:29
5009,1,2026-07-01 17:25:29
5011,2,2026-07-01 17:25:29
5028,2,2026-07-01 17:25:29
5029,1,2026-07-01 17:25:29
5048,1,2026-05-22 00:05:27
5057,5,2026-05-08 01:05:07
5066,6,2026-06-17 19:25:23
5069,2,2026-07-01 17:25:29
5071,1,2026-07-01 17:25:29
5079,5,2026-07-01 17:25:29
5081,1,2026-06-13 05:05:02
5082,15,2026-07-01 17:25:29
5083,1,2026-06-30 23:05:18
5095,34,2026-06-28 15:45:23
5107,1,2026-07-01 17:25:29
5109,1,2026-07-01 17:25:29
5110,2,2026-07-01 17:25:29
5111,1,2026-06-09 19:05:27
5112,1,2026-07-01 12:05:10
5113,3,2026-07-01 17:25:29
5114,2,2026-06-29 18:45:21
5115,5,2026-06-22 21:44:58
5116,8,2026-07-01 17:25:29
5118,3,2026-06-26 02:04:58
5119,2,2026-06-27 03:05:22
5120,2,2026-02-14 08:02:59
5122,1,2026-01-12 19:43:12
5123,4,2026-05-22 05:05:21
5124,10,2026-05-11 07:04:55
5128,3,2026-07-01 17:25:29
5133,3,2026-07-01 17:25:29
5135,7,2026-06-21 15:05:23
5136,3,2026-03-20 03:22:32
5137,2,2026-02-10 08:22:35
5173,7,2026-06-01 12:05:26
5180,1,2026-07-01 17:25:29
5181,1,2026-07-01 01:25:14
5182,1,2026-07-01 17:25:29
5183,1,2026-07-01 17:25:29
5205,5,2026-05-29 07:05:19
5206,3,2026-06-30 21:25:18
5207,1,2026-07-01 17:25:29
5208,1,2025-12-21 13:22:45
5209,1,2026-05-10 18:04:55
5212,3,2026-07-01 17:25:29
5213,1,2026-06-29 19:45:25
5216,2,2026-07-01 17:25:29
5237,1,2026-01-10 01:02:59
5245,1,2026-06-16 23:25:21
5256,1,2026-07-01 17:25:29
5257,1,2026-07-01 11:25:09
5266,2,2026-07-01 17:25:29
5267,2,2026-06-20 11:45:02
5319,1,2026-06-28 01:25:36
5329,1,2026-06-14 01:25:15
5342,29,2026-07-01 17:25:29
5347,1,2025-11-09 04:42:13
5363,2,2026-06-17 05:25:20
5379,1,2026-07-01 17:25:29
5422,1,2026-06-23 14:25:06
5423,1,2026-07-01 17:25:29
5425,1,2026-05-14 03:24:59
5426,1,2026-06-25 06:44:57
5428,2,2026-06-30 19:05:13
5429,20,2026-05-19 01:45:28
5431,1,2025-12-18 21:02:41
5432,1,2025-12-12 19:02:46
5439,1,2026-05-05 10:04:47
5465,272,2026-07-01 17:25:29
5466,144,2026-07-01 17:25:29
5467,11,2026-07-01 17:25:29
5468,2,2025-12-23 04:42:46
5469,10,2026-07-01 17:25:29
5470,11,2026-07-01 17:25:29
5471,61,2026-07-01 17:25:29
5472,2,2026-07-01 05:24:59
5474,10,2025-12-12 20:22:43
5476,1,2026-02-25 15:22:43
5477,7,2026-06-30 20:45:13
5479,20,2026-06-28 18:05:24
5480,80,2026-06-18 01:45:34
5482,1,2026-07-01 17:25:29
5483,5,2026-07-01 17:25:29
5484,6,2026-07-01 17:25:29
5485,2,2026-07-01 17:25:29
5486,7,2026-07-01 17:25:29
5487,1,2025-11-06 09:22:16
5503,193,2026-07-01 17:25:29
5504,125,2026-07-01 17:25:29
5507,6,2026-07-01 17:25:29
5516,1,2026-06-12 18:44:54
5523,16,2026-07-01 17:25:29
5524,8,2026-07-01 17:25:29
5525,55,2026-07-01 17:25:29
5527,24,2026-07-01 17:25:29
5528,6,2026-07-01 17:25:29
5540,10,2026-07-01 17:25:29
5541,1,2026-06-07 21:05:17
5542,1,2026-06-28 21:05:35
5543,1,2026-07-01 17:25:29
5565,9,2026-06-04 01:44:54
5566,18,2026-06-22 14:25:12
5568,1,2026-06-29 18:05:25
5569,2,2026-07-01 17:25:29
5572,5,2026-07-01 17:25:29
5573,10,2026-07-01 17:25:29
5578,5,2026-07-01 17:25:29
5602,8,2026-06-26 10:04:50
5608,1,2026-07-01 17:25:29
5616,1,2026-07-01 10:25:15
5624,1,2026-06-14 19:25:21
5631,34,2026-07-01 17:25:29
5633,42,2026-07-01 17:25:29
5634,161,2026-07-01 17:25:29
5635,25,2026-07-01 17:25:29
5636,1,2026-06-16 21:25:18
5637,52,2026-07-01 17:25:29
5640,3,2026-07-01 17:25:29
5642,6,2026-07-01 17:25:29
5643,3,2026-07-01 17:25:29
5739,1,2026-06-26 17:24:57
5740,28,2026-07-01 17:25:29
5741,13,2026-06-21 16:05:19
5742,1,2026-06-24 02:05:24
5743,1,2026-06-11 05:04:40
5744,1,2026-07-01 17:25:29
5749,1,2026-06-28 01:45:33
5750,1,2026-06-28 11:45:23
5751,1,2026-06-30 06:05:19
5752,1,2026-06-29 13:05:17
5753,1,2026-06-22 22:24:58
5754,1,2026-06-22 07:05:03
5755,1,2026-07-01 17:25:29
5756,8,2026-07-01 17:25:29
5762,4,2026-06-26 16:05:04
5771,4,2026-07-01 17:25:29
5772,1,2026-07-01 14:25:16
5773,1,2026-07-01 01:05:16
5774,1,2026-07-01 17:25:29
5775,1,2026-07-01 17:25:29
5780,1,2026-07-01 17:25:29
5781,1,2026-07-01 10:25:15
5782,1,2026-06-28 07:05:13
5784,22,2026-07-01 17:25:29
5785,13,2026-07-01 17:25:29
5786,2,2026-07-01 17:25:29
5787,3,2026-07-01 17:25:29
5788,3,2026-07-01 17:25:29
5789,1,2026-06-29 22:45:29
5819,3,2026-07-01 17:25:29
5956,1,2026-06-12 15:24:52
5957,1,2026-07-01 11:05:12
5958,1,2026-05-26 04:06:05
5961,5,2026-07-01 17:25:29
5962,1,2026-06-28 06:25:15
5963,2,2026-07-01 17:25:29
5964,2,2026-07-01 17:25:29
5965,5,2026-07-01 17:25:29
5966,5,2026-07-01 17:25:29
5967,1,2026-06-29 22:45:29
5969,1,2026-06-29 15:25:19
5971,1,2026-07-01 17:25:29
5972,2,2026-07-01 17:25:29
5973,2,2026-07-01 17:25:29
5974,5,2026-07-01 17:25:29
5975,1,2026-06-18 07:25:18
5976,1,2026-06-22 18:05:13
5996,22,2026-07-01 17:25:29
5997,6,2026-07-01 17:25:29
6037,383,2026-07-01 17:25:29
6041,2,2026-06-20 08:25:24
6046,5,2026-07-01 17:25:29
6047,2,2026-07-01 17:25:29
6048,5,2026-06-11 20:24:49
6049,2,2026-06-22 09:25:11
6050,6,2026-07-01 17:25:29
6051,39,2026-07-01 17:25:29
6052,14,2026-07-01 17:25:29
6053,4,2026-07-01 17:25:29
6054,1,2026-07-01 17:25:29
6055,1,2026-07-01 17:25:29
6056,1,2026-07-01 17:25:29
6057,1,2026-07-01 17:25:29
6068,4,2026-07-01 17:25:29
6096,1,2026-04-22 22:23:05
6097,1,2026-05-14 02:05:05
6098,1,2026-04-23 16:03:00
6117,1,2026-06-12 05:04:52
6125,1,2026-06-22 18:05:13
6139,1,2026-05-28 02:05:30
6147,1,2026-07-01 17:25:29
6148,1,2026-06-27 05:05:23
6149,113,2026-07-01 17:25:29
6195,1,2026-06-22 23:45:02
6197,1,2026-06-27 11:05:04
6198,1,2026-06-27 16:45:15
6199,1,2026-04-03 08:02:36
6200,1,2026-07-01 04:45:04
6201,1,2026-07-01 17:25:29
6202,1,2026-06-20 08:25:24
6203,1,2026-06-25 23:05:03
6204,1,2026-06-20 20:45:24
6205,1,2026-06-26 02:04:58
6206,1,2026-06-06 21:45:14
6211,3,2026-07-01 17:25:29
6214,1,2026-06-30 05:05:23
6217,6,2026-07-01 17:25:29
6219,2,2026-07-01 17:25:29
6238,3,2026-07-01 17:25:29
6239,1,2026-06-24 23:25:16
6240,4,2026-06-26 16:05:04
6241,1,2026-07-01 14:25:16
6242,3,2026-07-01 17:25:29
6256,1,2026-06-30 18:05:13
6260,10,2026-07-01 17:25:29
6263,1,2026-06-13 20:05:23
6264,4,2026-07-01 17:25:29
6266,1,2026-07-01 17:25:29
6267,1,2026-07-01 16:05:27
6268,1,2026-07-01 17:25:29
6269,1,2026-07-01 17:25:29
6270,2,2026-07-01 17:25:29
6271,1,2026-07-01 17:25:29
6274,3,2026-07-01 17:25:29
6275,4,2026-07-01 17:25:29
6293,12,2026-02-07 16:02:34
6294,1,2026-06-25 02:25:09
6295,1,2026-05-06 03:04:56
6296,1,2026-02-06 19:42:41
6299,3,2026-05-07 12:04:43
6300,1,2026-03-08 22:02:37
6302,8,2026-03-08 10:22:41
6303,60,2026-07-01 17:25:29
6308,91,2026-07-01 17:25:29
6309,11,2026-07-01 17:25:29
6310,2,2026-07-01 17:25:29
6311,3,2026-07-01 17:25:29
6315,1,2026-06-30 20:05:11
6316,8,2026-06-21 12:45:14
6317,2,2026-07-01 09:25:09
6325,7,2026-07-01 17:25:29
6326,3,2026-07-01 17:25:29
6327,1,2026-06-27 19:25:31
6328,7,2026-07-01 17:25:29
6329,3,2026-07-01 17:25:29
6330,2,2026-07-01 17:25:29
6331,1,2026-07-01 17:25:29
6332,1,2026-07-01 03:25:06
6333,2,2026-07-01 17:25:29
6336,1,2026-07-01 07:05:06
6337,1,2026-07-01 17:25:29
6338,38,2026-07-01 17:25:29
6342,6,2026-07-01 17:25:29
6344,7,2026-07-01 17:25:29
6346,2,2026-07-01 17:25:29
6348,2,2026-07-01 17:25:29
6358,936,2026-07-01 17:25:29
6359,129,2026-07-01 17:25:29
6360,1,2026-06-09 17:45:23
6361,38,2026-07-01 17:25:29
6362,67,2026-07-01 17:25:29
6363,2,2026-07-01 17:25:29
6364,1,2026-06-30 03:45:28
6365,2,2026-07-01 17:25:29
6366,1,2026-06-09 01:05:37
6367,1,2026-06-27 09:45:13
6368,8,2026-07-01 17:25:29
6369,9,2026-07-01 17:25:29
6370,40,2026-07-01 17:25:29
6371,12,2026-07-01 17:25:29
6372,21,2026-07-01 17:25:29
6373,10,2026-07-01 17:25:29
6375,5,2026-07-01 17:25:29
6377,1,2026-07-01 14:25:16
6378,1,2026-07-01 07:45:09
6379,1,2026-07-01 17:25:29
6380,1,2026-07-01 03:05:07
6381,2,2026-07-01 17:25:29
6382,1,2026-07-01 04:45:04
6383,1,2026-07-01 17:25:29
6384,5,2026-07-01 17:25:29
6385,2,2026-07-01 17:25:29
6386,3,2026-07-01 17:25:29
6387,1,2026-06-28 18:05:24
6388,1,2026-06-30 23:05:18
6389,1,2026-06-28 09:45:29
6390,5,2026-07-01 17:25:29
6391,6,2026-07-01 17:25:29
6393,1,2026-07-01 06:25:02
6394,1,2026-07-01 11:25:09
6395,1,2026-06-30 16:25:13
6396,1,2026-06-28 11:25:22
6397,1,2026-07-01 13:45:14
6398,1,2026-06-29 03:25:42
6399,1,2026-07-01 17:25:29
6400,1,2026-07-01 17:25:29
6401,2,2026-07-01 17:25:29
6402,1,2026-07-01 17:25:29
6403,5,2026-07-01 17:25:29
6404,4,2026-07-01 17:25:29
6405,1,2026-07-01 17:25:29
6406,3,2026-07-01 17:25:29
6407,1,2026-06-24 07:25:18
6409,1,2026-07-01 17:25:29
6416,1,2026-07-01 17:25:29
6417,1,2026-07-01 06:25:02
6418,1,2026-06-30 00:25:34
6419,1,2026-07-01 12:25:09
6420,1,2026-07-01 11:05:12
6421,1,2026-06-30 13:45:11
6422,1,2026-06-30 20:25:11
6423,1,2026-06-29 19:45:25
6424,3,2026-07-01 17:25:29
6425,2,2026-07-01 17:25:29
6426,5,2026-07-01 17:25:29
6427,2,2026-07-01 17:25:29
6428,2,2026-07-01 17:25:29
6429,3,2026-07-01 17:25:29
6430,5,2026-07-01 17:25:29
6431,1,2026-07-01 17:25:29
6432,1,2026-07-01 13:05:13
6433,3,2026-07-01 17:25:29
6440,3,2026-07-01 17:25:29
6444,3,2026-07-01 17:25:29
6445,1,2026-05-11 19:04:48
6450,100,2026-07-01 17:25:29
6451,162,2026-07-01 17:25:29
6452,9,2026-06-30 18:45:13
6453,20,2026-06-30 03:25:31
6454,4,2026-07-01 17:25:29
6458,2,2026-02-13 17:02:52
6466,1,2026-06-21 17:45:23
6467,1,2026-06-23 16:45:04
6468,5,2026-07-01 17:25:29
6470,39,2026-07-01 17:25:29
6508,1,2026-06-18 05:05:28
6509,1,2026-07-01 17:25:29
6510,1,2026-06-30 19:05:13
6511,2,2026-07-01 17:25:29
6512,6,2026-07-01 17:25:29
6513,2,2026-07-01 17:25:29
6514,1,2026-07-01 17:25:29
6515,1,2026-06-29 09:05:34
6517,2,2026-07-01 17:25:29
6518,1,2026-06-30 04:45:26
6519,1,2026-07-01 17:25:29
6520,1,2026-07-01 17:25:29
6521,1,2026-07-01 17:25:29
6522,129,2026-07-01 17:25:29
6527,3,2026-07-01 17:25:29
6528,1,2026-07-01 04:45:04
6529,1,2026-07-01 17:25:29
6530,21,2026-07-01 17:25:29
6531,1,2026-06-28 16:05:20
6532,1,2026-06-27 21:45:26
6533,65,2026-07-01 17:25:29
6536,3,2026-07-01 17:25:29
6537,1,2026-06-27 09:45:13
6538,1,2026-07-01 17:25:29
6539,1,2026-07-01 17:25:29
6540,1,2026-07-01 17:25:29
6541,1,2026-06-30 22:45:17
6542,1,2026-06-30 17:05:14
6543,1,2026-06-29 21:45:34
6545,1,2026-07-01 14:05:16
6546,1,2026-07-01 17:25:29
6547,1,2026-07-01 15:05:19
6548,1,2026-07-01 17:25:29
6549,1,2026-06-29 13:05:17
6550,1,2026-07-01 17:25:29
6551,1,2026-07-01 01:05:16
6552,2,2026-07-01 17:25:29
6553,2,2026-07-01 17:25:29
6554,1,2026-07-01 17:25:29
6561,1,2026-07-01 17:25:29
6562,1,2026-06-29 12:45:17
6563,1,2026-07-01 17:25:29
6564,2,2026-07-01 17:25:29
6565,3,2026-07-01 17:25:29
6566,1,2026-07-01 15:25:22
6567,1,2026-07-01 17:25:29
6568,4,2026-07-01 17:25:29
6569,1,2026-07-01 17:25:29
6570,1,2026-07-01 09:45:12
6571,1,2026-06-30 12:05:00
6572,4,2026-07-01 17:25:29
6573,1,2026-06-29 18:25:26
6574,1,2026-07-01 17:25:29
6575,2,2026-07-01 17:25:29
6576,1,2026-07-01 17:25:29
6577,1,2026-07-01 09:45:12
6578,1,2026-06-30 22:05:15
6579,5,2026-07-01 17:25:29
6580,3,2026-07-01 17:25:29
6581,1,2026-07-01 01:25:14
6582,1,2026-07-01 16:05:27
6583,1,2026-07-01 00:45:16
6584,1,2026-07-01 17:25:29
6585,1,2026-06-29 17:05:22
6586,1,2026-07-01 17:25:29
6587,1,2026-07-01 00:45:16
6588,4,2026-07-01 17:25:29
6590,2,2026-07-01 17:25:29
6591,1,2026-07-01 17:25:29
6592,1,2026-07-01 17:25:29
6593,2,2026-07-01 17:25:29
6594,1,2026-07-01 17:25:29
6595,1,2026-07-01 17:25:29
6596,1,2026-07-01 17:25:29
6597,2,2026-07-01 17:25:29
6598,1,2026-07-01 17:25:29
6599,1,2026-07-01 17:25:29
6600,3,2026-07-01 17:25:29
6601,1,2026-06-30 13:45:11
6602,2,2026-07-01 17:25:29
6603,1,2026-07-01 17:25:29
6604,1,2026-07-01 17:25:29
6605,1,2026-07-01 17:25:29
6607,1,2026-07-01 17:25:29
6608,3,2026-07-01 17:25:29
6609,1,2026-06-30 16:45:14
6610,2,2026-07-01 17:25:29
6611,1,2026-07-01 17:25:29
6613,1,2026-07-01 11:05:12
6614,2,2026-07-01 17:25:29
6617,1,2026-06-28 12:05:25
6628,1,2026-07-01 09:45:12
6657,6184,2026-07-01 17:25:29
6660,2,2026-07-01 14:45:20
6661,2,2026-07-01 17:25:29
6662,99,2026-07-01 17:25:29
6663,9,2026-07-01 17:25:29
6709,1,2026-04-27 15:43:40
6712,11,2026-07-01 17:25:29
6714,3,2026-07-01 04:45:04
6716,4,2026-07-01 17:25:29
6731,1,2026-06-30 03:25:31
6735,1,2026-06-30 03:05:28
6787,1,2026-06-29 23:25:31
6796,2,2026-07-01 17:25:29
6833,1,2026-06-30 04:45:26
6835,1,2026-07-01 17:25:29
6836,2,2026-07-01 17:25:29
6887,33,2026-07-01 17:25:29
6888,11,2026-07-01 17:25:29
6889,328,2026-07-01 17:25:29
6890,12,2026-06-01 09:05:21
6892,10,2026-07-01 17:25:29
6949,6,2026-03-04 11:22:46
6986,2,2026-05-27 11:05:26
7005,2,2026-07-01 17:25:29
7026,1,2026-06-18 07:05:20
7046,15,2026-07-01 17:25:29
7048,17,2026-07-01 17:25:29
7049,1,2026-06-29 06:05:36
7050,20,2026-07-01 17:25:29
7051,10,2026-06-29 15:25:19
7052,1,2026-07-01 17:25:29
7053,2,2026-07-01 17:25:29
7055,1,2026-06-10 20:04:39
7057,4,2026-07-01 17:25:29
7058,18,2026-07-01 17:25:29
7059,1,2026-06-28 21:25:37
7060,1,2026-06-16 20:05:18
7061,1,2026-07-01 14:05:16
7062,2,2026-07-01 17:25:29
7065,9,2026-07-01 17:25:29
7067,21,2026-07-01 17:25:29
7068,76,2026-07-01 17:25:29
7069,56,2026-07-01 17:25:29
7070,29,2026-07-01 17:25:29
7071,6,2026-07-01 17:25:29
7072,49,2026-07-01 17:25:29
7075,26,2026-07-01 17:25:29
7076,23,2026-07-01 17:25:29
7077,17,2026-07-01 17:25:29
7078,46,2026-07-01 17:25:29
7079,26,2026-07-01 17:25:29
7081,82,2026-07-01 17:25:29
7088,1,2026-07-01 17:25:29
7089,1,2026-07-01 17:25:29
7090,1,2026-07-01 17:25:29
7091,2,2026-07-01 17:25:29
7092,2,2026-07-01 17:25:29
7095,1,2026-07-01 17:25:29
7096,5,2026-05-01 13:24:30
7097,1,2026-06-30 07:05:17
7108,1,2026-07-01 17:25:29
7109,1,2026-06-30 16:45:14
7110,1,2026-07-01 17:25:29
7111,1,2026-07-01 02:05:11
7112,1,2026-07-01 17:25:29
7113,6,2026-07-01 17:25:29
7114,1,2026-07-01 17:25:29
7148,2,2026-07-01 17:25:29
7166,2,2026-07-01 17:25:29
7189,1,2026-03-09 18:02:31
7191,14,2026-07-01 17:25:29
7228,20,2026-06-11 21:24:46
7276,1,2026-07-01 17:25:29
7277,2,2026-07-01 17:25:29
7278,8,2026-07-01 17:25:29
7280,1,2026-06-11 16:04:54
7283,1,2025-12-29 19:03:13
7286,14,2026-07-01 17:25:29
7287,1,2026-06-20 16:05:14
7288,3,2026-07-01 17:25:29
7289,1,2026-06-29 22:45:29
7290,1,2026-07-01 17:25:29
7296,1,2026-06-16 23:45:21
7307,3,2026-07-01 06:25:02
7330,1,2026-06-29 23:05:27
7331,1,2026-06-26 08:45:02
7332,4,2026-07-01 17:25:29
7338,1,2026-05-20 11:25:24
7348,4,2026-07-01 17:25:29
7349,1,2026-06-20 06:45:30
7350,1,2026-06-19 14:25:32
7351,1,2026-07-01 17:25:29
7352,1,2026-06-21 23:05:14
7353,2,2026-07-01 17:25:29
7354,4,2026-07-01 17:25:29
7355,1,2026-07-01 13:05:13
7356,2,2026-07-01 17:25:29
7357,1,2026-06-30 09:24:57
7358,2,2026-06-26 06:44:59
7360,4,2026-07-01 17:25:29
7361,1,2026-07-01 17:25:29
7362,2,2026-07-01 17:25:29
7363,6,2026-07-01 17:25:29
7364,3,2026-07-01 17:25:29
7366,1,2026-07-01 17:25:29
7367,3,2026-07-01 17:25:29
7368,1,2026-06-30 18:45:13
7369,4,2026-07-01 17:25:29
7371,3,2026-06-30 22:45:17
7372,5,2026-06-13 04:05:06
7373,3,2026-07-01 17:25:29
7374,1,2026-06-05 03:25:03
7377,3,2026-06-29 17:45:22
7378,5,2026-07-01 17:25:29
7386,1,2026-06-12 02:44:57
7390,1,2026-06-29 12:45:17
7406,1,2026-06-30 23:45:20
7407,1,2026-07-01 17:25:29
7408,2,2026-07-01 17:25:29
7409,2,2026-06-29 07:05:40
7410,1,2026-07-01 16:45:27
7411,1,2026-07-01 17:25:29
7412,1,2026-07-01 17:25:29
7413,1,2026-06-29 19:05:23
7414,2,2026-07-01 17:25:29
7415,1,2026-06-29 06:45:39
7416,2,2026-07-01 17:25:29
7417,1,2026-07-01 17:25:29
7418,1,2026-07-01 07:05:06
7419,2,2026-07-01 17:25:29
7420,1,2026-07-01 17:25:29
7421,1,2026-07-01 17:25:29
7422,1,2026-07-01 17:25:29
7423,1,2026-07-01 17:25:29
7424,1,2026-07-01 17:25:29
7429,6,2026-07-01 17:25:29
7430,6,2026-07-01 17:25:29
7431,2,2026-07-01 17:25:29
7432,1,2026-07-01 15:25:22
7433,3,2026-07-01 17:25:29
7434,1,2026-06-23 05:25:00
7435,2,2026-07-01 17:25:29
7436,2,2026-07-01 17:25:29
7437,2,2026-07-01 17:25:29
7438,1,2026-07-01 17:25:29
7439,2,2026-06-30 08:05:15
7440,1,2026-07-01 15:25:22
7441,1,2026-07-01 12:25:09
7443,2,2026-07-01 17:25:29
7444,1,2026-07-01 17:25:29
7445,2,2026-07-01 17:25:29
7446,2,2026-07-01 17:25:29
7447,1,2026-07-01 17:25:29
7448,1,2026-06-30 13:45:11
7449,1,2026-07-01 17:25:29
7450,7,2026-07-01 17:25:29
7451,1,2026-07-01 17:25:29
7452,1,2026-07-01 17:25:29
7453,6,2026-07-01 17:25:29
7454,1,2026-07-01 17:25:29
7455,1,2026-06-30 19:25:16
7456,1,2026-06-29 14:45:19
7457,1,2026-07-01 17:25:29
7458,2,2026-07-01 17:25:29
7459,1,2026-07-01 17:25:29
7461,1,2026-07-01 17:25:29
7462,1,2026-07-01 17:25:29
7465,1,2026-06-30 06:25:19
7468,1,2026-07-01 17:25:29
7469,3,2026-07-01 17:25:29
7470,2,2026-07-01 17:25:29
7471,3,2026-07-01 17:25:29
7472,2,2026-07-01 17:25:29
7473,2,2026-07-01 17:25:29
7474,2,2026-07-01 17:25:29
7475,4,2026-07-01 17:25:29
7476,2,2026-07-01 17:25:29
7477,2,2026-07-01 17:25:29
7478,4,2026-07-01 17:25:29
7479,2,2026-07-01 17:25:29
7480,2,2026-07-01 17:25:29
7481,4,2026-07-01 17:25:29
7482,5,2026-07-01 17:25:29
7483,5,2026-07-01 17:25:29
7484,5,2026-07-01 17:25:29
7485,4,2026-07-01 17:25:29
7486,2,2026-06-29 04:05:43
7487,2,2026-07-01 17:25:29
7489,1,2026-06-30 08:05:15
7493,2,2026-07-01 17:25:29
7494,3,2026-07-01 17:25:29
7495,1,2026-07-01 17:25:29
7496,1,2026-06-30 23:05:18
7506,1,2026-06-20 21:05:21
7517,1,2026-07-01 17:25:29
7518,1,2026-06-28 23:25:47
7519,1,2026-06-29 19:05:23
7520,4,2026-07-01 17:25:29
7521,6,2026-07-01 17:25:29
7522,2,2026-07-01 17:25:29
7523,7,2026-07-01 17:25:29
7524,1,2026-07-01 17:25:29
7525,3,2026-07-01 17:25:29
7526,2,2026-07-01 17:25:29
7527,1,2026-07-01 17:25:29
7528,3,2026-07-01 17:25:29
7529,4,2026-07-01 17:25:29
7530,1,2026-07-01 03:05:07
7531,6,2026-07-01 17:25:29
7532,2,2026-07-01 17:25:29
7533,1,2026-07-01 17:25:29
7534,3,2026-07-01 17:25:29
7535,1,2026-07-01 17:25:29
7536,6,2026-07-01 17:25:29
7537,6,2026-07-01 17:25:29
7538,2,2026-07-01 17:25:29
7539,3,2026-07-01 17:25:29
7540,3,2026-07-01 17:25:29
7541,3,2026-07-01 17:25:29
7542,1,2026-07-01 14:25:16
7543,1,2026-07-01 17:25:29
7544,3,2026-07-01 17:25:29
7545,1,2026-06-30 18:05:13
7546,1,2026-07-01 17:25:29
7552,2,2026-07-01 06:25:02
7553,7,2026-07-01 17:25:29
7554,4,2026-07-01 17:25:29
7555,3,2026-07-01 17:25:29
7556,2,2026-07-01 17:25:29
7557,1,2026-06-24 14:45:01
7609,1,2026-07-01 17:25:29
7610,3,2026-07-01 17:25:29
7611,1,2026-07-01 17:25:29
7613,1,2026-07-01 17:25:29
7676,10,2026-06-30 17:45:10
7727,2,2026-07-01 17:25:29
7728,2,2026-07-01 17:25:29
7729,1,2026-07-01 17:25:29
7730,4,2026-07-01 17:25:29
7734,1,2026-06-30 20:25:11
7736,4,2026-07-01 17:25:29
7742,1,2026-07-01 17:25:29
7752,1,2026-07-01 12:25:09
7753,3,2026-07-01 17:25:29
7754,3,2026-07-01 17:25:29
7755,2,2026-07-01 17:25:29
7757,3,2026-07-01 17:25:29
7758,5,2026-07-01 17:25:29
7759,1,2026-07-01 17:25:29
7760,1,2026-07-01 17:25:29
7761,2,2026-07-01 17:25:29
7786,6,2026-07-01 17:25:29
7787,1,2026-07-01 09:45:12
7909,115,2026-07-01 17:25:29
7910,60,2026-07-01 17:25:29
7911,48,2026-07-01 17:25:29
7912,891,2026-07-01 17:25:29
7915,1,2026-07-01 17:25:29
7916,1,2026-07-01 17:25:29
7918,1,2026-06-29 14:05:17
7919,1,2026-07-01 14:45:20
7920,4,2026-07-01 02:25:10
7921,1,2026-06-27 12:05:03
7922,1,2026-07-01 15:45:20
7924,1,2026-06-27 12:05:03
7926,1,2026-05-27 05:45:44
7927,5,2025-11-01 19:42:03
7934,4,2026-06-30 17:05:14
7936,1,2026-03-02 16:42:55
7939,1,2026-06-01 07:45:24
7941,2,2026-06-27 05:05:23
7942,1,2026-06-10 11:44:22
7943,1,2026-06-30 06:25:19
7944,1,2026-01-05 14:43:00
7945,1,2026-04-13 17:02:06
7946,1,2026-06-25 21:04:56
7956,1,2026-07-01 17:25:29
7957,4,2026-07-01 17:25:29
7958,2,2026-07-01 17:25:29
7960,1,2026-06-22 02:25:09
7961,1,2026-06-28 03:05:32
7963,2,2026-07-01 10:05:11
7964,20,2026-07-01 15:45:20
7965,1,2026-05-02 18:24:25
7966,2,2026-07-01 17:25:29
7967,1,2026-06-30 21:45:16
7969,86,2026-07-01 17:25:29
7971,29,2026-07-01 17:25:29
7972,57,2026-07-01 17:25:29
7973,5,2026-07-01 17:25:29
7974,1179,2026-07-01 17:25:29
7989,18,2026-07-01 17:25:29
7990,4,2026-07-01 17:25:29
7991,5,2026-07-01 17:25:29
7992,5,2026-07-01 17:25:29
7993,3,2026-07-01 17:25:29
7995,2,2026-07-01 17:25:29
8006,1,2026-07-01 17:25:29
8028,6,2026-07-01 17:25:29
8067,1000,2026-07-01 17:25:29
8068,1400,2026-05-30 01:05:20
8069,200,2026-06-19 11:45:26
8081,1,2026-05-03 07:24:33
8082,1,2026-04-29 08:23:58
8085,1,2026-06-29 19:45:25
8086,1,2026-06-19 19:45:22
8106,1,2026-07-01 17:25:29
8107,2,2026-07-01 17:25:29
8108,5,2026-07-01 17:25:29
8109,4,2026-06-30 08:05:15
8110,4,2026-07-01 17:25:29
8111,4,2026-07-01 17:25:29
8112,1,2026-06-23 19:45:06
8113,2,2026-07-01 17:25:29
8114,2,2026-07-01 17:25:29
8115,3,2026-07-01 17:25:29
8116,2,2026-07-01 11:25:09
8117,1,2026-07-01 17:25:29
8118,1,2026-07-01 11:25:09
8119,5,2026-07-01 17:25:29
8120,1,2026-07-01 17:25:29
8121,4,2026-07-01 17:25:29
8122,1,2026-07-01 17:25:29
8124,2,2026-07-01 17:25:29
8125,1,2026-07-01 17:05:28
8126,1,2026-07-01 17:25:29
8128,1,2026-07-01 17:25:29
8129,1,2026-07-01 16:05:27
8130,3,2026-07-01 17:25:29
8132,1,2026-07-01 17:25:29
8137,1,2026-07-01 17:25:29
8138,2,2026-07-01 17:25:29
8139,2,2026-07-01 17:25:29
8140,1,2026-07-01 09:25:09
8141,1,2026-07-01 17:25:29
8142,1,2026-07-01 17:25:29
8143,1,2026-07-01 17:25:29
8144,1,2026-06-30 03:25:31
8146,3,2026-07-01 17:25:29
8150,32,2026-07-01 17:25:29
8151,264,2026-07-01 17:25:29
8152,133,2026-07-01 17:25:29
8153,20,2026-07-01 17:25:29
8154,2,2026-07-01 17:25:29
8156,1,2026-06-30 14:45:07
8157,1,2026-07-01 17:25:29
8158,4,2026-07-01 17:25:29
8159,1,2026-06-30 13:45:11
8160,1,2026-07-01 17:25:29
8161,1,2026-07-01 17:25:29
8162,1,2026-06-30 04:05:31
8163,3,2026-07-01 17:25:29
8165,16,2026-07-01 17:25:29
8167,37,2026-07-01 17:25:29
8169,53,2026-07-01 17:25:29
8170,5,2026-07-01 17:25:29
8171,14,2026-07-01 17:25:29
8172,9,2026-07-01 17:25:29
8173,37,2026-07-01 17:25:29
8175,3,2026-07-01 17:25:29
8176,29,2026-07-01 17:25:29
8177,3,2026-07-01 17:25:29
8180,8,2026-07-01 17:25:29
8181,1,2026-07-01 17:25:29
8184,2,2026-07-01 17:25:29
8185,2,2026-07-01 17:25:29
8186,1,2026-07-01 17:25:29
8187,1,2026-07-01 17:25:29
8188,2,2026-07-01 17:25:29
8189,1,2026-06-30 00:25:34
8190,1,2026-07-01 17:25:29
8191,1,2026-07-01 17:25:29
8192,2,2026-06-24 08:25:15
8193,46,2026-07-01 17:25:29
8194,2,2026-07-01 17:25:29
8196,2,2026-07-01 17:25:29
8197,4,2026-07-01 17:25:29
8198,2,2026-06-07 22:45:24
8199,2,2026-07-01 17:25:29
8200,2,2026-05-13 01:24:58
8201,4,2026-06-28 22:05:43
8202,5,2026-07-01 17:25:29
8203,1,2026-06-25 21:44:58
8204,1,2026-06-28 06:45:13
8205,1,2026-06-24 18:25:13
8206,1,2026-07-01 17:25:29
8207,1,2026-05-06 02:24:53
8209,1,2026-07-01 17:25:29
8210,2,2026-01-07 01:43:08
8213,1,2026-06-20 19:25:22
8216,1,2026-06-29 15:25:19
8217,5,2026-07-01 17:25:29
8218,5,2026-06-24 14:45:01
8223,1,2026-07-01 17:25:29
8224,1,2026-07-01 08:25:12
8225,5,2026-07-01 17:25:29
8226,3,2026-07-01 17:25:29
8245,1,2026-07-01 17:25:29
8246,1,2026-07-01 04:45:04
8247,1,2026-06-29 09:05:34
8248,1,2026-07-01 16:05:27
8250,1,2026-07-01 02:25:10
8251,1,2026-06-29 11:45:22
8257,1,2026-07-01 17:25:29
8258,1,2026-06-28 20:25:34
8259,2,2026-07-01 17:25:29
8260,1,2026-07-01 17:25:29
8261,1,2026-07-01 13:05:13
8262,1,2026-07-01 17:25:29
8263,1,2026-06-30 19:45:14
8264,1,2026-07-01 17:25:29
8265,1,2026-06-30 08:05:15
8266,1,2026-06-30 17:25:11
8267,1,2026-07-01 17:25:29
8268,1,2026-06-29 17:45:22
8269,1,2026-06-28 13:45:22
8270,3,2026-07-01 17:25:29
8271,1,2026-06-25 23:45:02
8272,1,2026-06-27 16:45:15
8273,2,2026-07-01 17:25:29
8274,2,2026-07-01 17:25:29
8275,1,2026-07-01 17:25:29
8276,2,2026-07-01 17:25:29
8277,1,2026-07-01 17:25:29
8278,3,2026-07-01 17:25:29
8279,1,2026-07-01 17:25:29
8280,1,2026-07-01 11:05:12
8281,1,2026-07-01 17:25:29
8282,1,2026-07-01 17:25:29
8283,2,2026-06-26 10:24:57
8284,2,2026-07-01 17:25:29
8285,3,2026-07-01 17:25:29
8286,2,2026-07-01 17:25:29
8287,1,2026-06-27 23:25:28
8288,1,2026-06-23 21:45:07
8289,1,2026-07-01 17:25:29
8290,1,2026-06-20 13:25:06
8291,1,2026-06-30 08:05:15
8292,1,2026-06-22 20:25:11
8293,3,2026-07-01 17:25:29
8294,1,2026-06-30 19:45:14
8295,1,2026-06-30 05:25:23
8296,2,2026-06-22 19:05:13
8297,1,2026-07-01 17:25:29
8298,1,2026-06-30 16:25:13
8299,1,2026-07-01 17:25:29
8300,1,2026-07-01 17:25:29
8302,1,2026-06-28 14:25:12
8303,1,2026-06-30 21:05:10
8304,1,2026-07-01 17:25:29
8305,1,2026-06-06 15:05:00
8306,1,2026-07-01 09:25:09
8307,1,2026-06-29 10:25:19
8308,4,2026-07-01 17:25:29
8309,1,2026-07-01 09:25:09
8310,2,2026-07-01 17:25:29
8312,1,2026-07-01 17:25:29
8317,2,2026-07-01 17:25:29
8318,1,2026-06-30 23:05:18
8319,1,2026-07-01 17:25:29
8320,1,2026-07-01 13:25:15
8343,14,2026-07-01 10:25:15
8345,1,2026-03-07 10:42:35
8346,1,2026-06-28 07:25:13
8347,2,2026-07-01 17:25:29
8348,2,2026-07-01 17:25:29
8349,2,2026-07-01 17:25:29
8350,3,2026-07-01 17:25:29
8364,12,2026-07-01 17:25:29
8365,140,2026-07-01 17:25:29
8367,1,2026-07-01 17:25:29
8384,1,2026-07-01 11:05:12
8385,5,2026-07-01 17:25:29
8386,3,2026-07-01 17:25:29
8387,6,2026-07-01 17:25:29
8389,4,2026-07-01 17:25:29
8390,1,2026-07-01 17:25:29
8395,2,2026-07-01 17:25:29
8397,1,2026-07-01 17:25:29
8398,9,2026-07-01 17:25:29
8399,5,2026-07-01 17:25:29
8400,1,2026-07-01 17:25:29
8401,1,2026-07-01 17:25:29
8402,2,2026-07-01 17:25:29
8486,4,2026-07-01 17:25:29
8487,4,2026-07-01 17:25:29
8488,6,2026-07-01 17:25:29
8489,4,2026-07-01 17:25:29
8490,1,2026-07-01 17:25:29
8491,1,2026-07-01 17:25:29
8492,1,2026-07-01 17:25:29
8494,2,2026-07-01 17:25:29
8495,2,2026-07-01 17:25:29
8496,2,2026-07-01 17:25:29
8497,1,2026-07-01 17:25:29
8498,1,2026-06-26 09:44:51
8499,2,2026-07-01 17:25:29
8500,4,2026-07-01 17:25:29
8501,4,2026-07-01 17:25:29
8544,23,2026-07-01 17:25:29
8545,97,2026-07-01 17:25:29
8624,1,2026-05-18 19:45:23
8625,1,2026-05-18 19:45:23
8626,1,2026-05-18 19:45:23
8746,5,2026-07-01 17:25:29
8747,1,2026-07-01 11:25:09
8748,2,2026-07-01 17:25:29
8749,1,2026-05-24 02:46:04
8750,1,2026-07-01 17:25:29
8751,3,2026-07-01 17:25:29
8753,1,2025-11-30 20:23:00
8754,1,2026-05-24 23:45:54
8755,1,2025-11-29 21:42:51
8827,231,2026-07-01 17:25:29
8831,39,2026-07-01 17:25:29
8836,12,2026-07-01 17:25:29
8838,16,2026-07-01 17:25:29
8839,246,2026-07-01 17:25:29
8845,2,2026-07-01 17:25:29
8846,33,2026-07-01 17:25:29
8923,7,2026-05-11 16:24:45
8924,2,2026-05-30 13:25:18
8925,260,2026-07-01 17:25:29
8926,8,2026-01-30 09:02:24
8932,240,2026-07-01 17:25:29
8948,1,2026-07-01 17:25:29
8949,109,2026-07-01 17:25:29
8950,2,2026-06-29 10:45:22
8951,18,2026-07-01 17:25:29
8952,16,2026-07-01 17:25:29
8953,4,2026-06-27 16:45:15
8956,20,2026-07-01 17:25:29
8957,3,2026-05-09 21:04:46
8959,72,2026-07-01 17:25:29
9030,5,2026-06-21 19:05:21
9036,1,2026-07-01 17:25:29
9060,24,2026-07-01 17:25:29
9061,106,2026-07-01 17:25:29
9088,24,2026-07-01 17:25:29
9154,40,2026-07-01 17:25:29
9155,1,2026-06-30 22:25:19
9172,1,2026-07-01 17:25:29
9179,39,2026-07-01 17:25:29
9187,39,2026-07-01 17:25:29
9197,1,2026-07-01 17:25:29
9206,7,2026-07-01 17:25:29
9210,6,2026-06-17 14:25:21
9224,2,2026-07-01 17:25:29
9233,26,2026-07-01 17:25:29
9242,1,2026-06-30 19:05:13
9260,35,2026-07-01 17:25:29
9261,1,2026-06-18 04:45:30
9262,11,2026-07-01 17:25:29
9264,4,2026-07-01 17:25:29
9285,4,2026-06-30 08:05:15
9286,1,2026-06-30 10:25:04
9287,1,2026-07-01 17:25:29
9288,1,2026-07-01 17:25:29
9289,1,2026-07-01 04:45:04
9290,1,2026-07-01 17:25:29
9291,2,2026-07-01 09:25:09
9292,2,2026-07-01 17:25:29
9293,5,2026-07-01 17:25:29
9294,4,2026-07-01 17:25:29
9296,2,2026-07-01 17:25:29
9297,3,2026-07-01 17:25:29
9304,2,2026-07-01 17:25:29
9305,2,2026-07-01 17:25:29
9311,1,2026-07-01 17:25:29
9312,5,2026-07-01 17:25:29
9313,102,2026-07-01 17:25:29
9314,19,2026-07-01 17:25:29
9315,15,2026-07-01 17:25:29
9318,30,2026-06-01 22:25:43
9333,1,2026-06-11 05:24:38
9358,1,2026-06-26 08:45:02
9359,7,2026-07-01 17:25:29
9360,1,2026-07-01 17:25:29
9361,2,2026-05-13 23:05:16
9366,4,2026-05-30 05:25:12
9375,1,2026-07-01 13:45:14
9378,1,2026-06-29 01:05:40
9381,1,2026-06-19 02:25:35
9382,1,2026-02-08 07:22:43
9383,1,2026-07-01 17:25:29
9384,4,2026-07-01 17:25:29
9385,5,2026-07-01 17:25:29
9386,1,2026-06-29 19:05:23
9391,1,2026-07-01 17:25:29
9393,1,2026-06-30 21:05:10
9395,1,2026-07-01 15:45:20
9396,1,2026-06-14 16:05:28
9420,1,2026-06-29 21:25:40
9422,2,2026-07-01 17:25:29
9423,1,2026-07-01 17:25:29
9424,3,2026-07-01 17:25:29
9425,5,2026-07-01 17:25:29
9426,1,2026-06-26 08:24:55
9427,1,2026-07-01 07:45:09
9428,1,2026-07-01 06:45:04
9429,1,2026-04-01 02:02:36
9430,1,2026-06-06 18:05:19
9431,1,2026-05-25 06:45:54
9432,1,2026-06-23 20:45:16
9433,6,2026-07-01 17:25:29
9434,1,2026-07-01 17:25:29
9435,1,2026-07-01 00:25:17
9444,1,2026-06-28 06:25:15
9451,3,2026-06-27 03:05:22
9465,1,2026-06-30 18:25:13
9480,3,2026-07-01 17:25:29
9481,1,2026-07-01 17:25:29
9482,3,2026-07-01 17:25:29
9483,1,2026-07-01 17:25:29
9484,2,2026-07-01 17:25:29
9485,1,2026-07-01 17:25:29
9486,1,2026-06-29 22:25:29
9487,1,2026-07-01 17:25:29
9488,1,2026-06-30 04:05:31
9490,1,2026-07-01 17:25:29
9491,2,2026-07-01 17:25:29
9508,1,2026-06-29 22:05:33
9509,1,2026-06-28 02:05:34
9510,1,2026-06-21 21:25:14
9511,5,2026-07-01 17:25:29
9512,1,2026-06-27 01:25:33
9718,1,2026-06-28 09:45:29
9719,6,2026-07-01 17:25:29
9742,1,2026-07-01 17:25:29
9743,1,2026-06-28 19:05:28
9744,1,2026-07-01 17:25:29
9745,1,2026-07-01 16:05:27
9746,1,2026-06-29 09:25:32
9747,1,2026-07-01 16:05:27
9748,1,2026-07-01 17:25:29
9749,1,2026-07-01 08:45:52
9750,1,2026-07-01 17:25:29
9757,1,2026-07-01 12:45:09
9758,2,2026-05-20 17:05:01
9759,1,2026-07-01 17:25:29
9760,1,2026-07-01 03:45:06
9761,1,2026-05-23 10:45:36
9762,1,2026-06-26 13:04:50
9763,3,2026-07-01 17:25:29
9764,1,2026-07-01 17:25:29
9765,1,2026-07-01 17:25:29
9766,1,2026-06-28 22:05:43
9767,1,2026-06-30 11:25:00
9768,1,2026-07-01 07:45:09
9769,1,2026-07-01 12:45:09
9770,1,2026-06-30 07:05:17
9771,1,2026-06-27 22:25:28
9772,1,2026-07-01 17:25:29
9773,1,2026-07-01 10:45:14
9774,1,2026-07-01 04:05:11
9775,1,2026-07-01 06:05:01
9776,2,2026-07-01 17:25:29
9777,1,2026-07-01 17:25:29
9778,1,2026-07-01 16:05:27
9779,1,2026-07-01 06:25:02
9780,1,2026-07-01 17:25:29
9781,2,2026-07-01 17:25:29
9782,1,2026-06-30 22:25:19
9783,1,2026-07-01 17:25:29
9784,1,2026-06-30 14:45:07
9785,1,2026-06-30 13:45:11
9786,3,2026-07-01 17:25:29
9787,1,2026-07-01 04:45:04
9788,1,2026-07-01 17:25:29
9789,2,2026-07-01 17:25:29
9790,1,2026-06-29 22:05:33
9791,1,2026-07-01 17:25:29
9792,1,2026-07-01 17:25:29
9793,2,2026-07-01 17:25:29
9794,2,2026-07-01 17:25:29
9795,1,2026-07-01 06:05:01
9796,2,2026-07-01 17:25:29
9797,1,2026-06-30 07:25:12
9804,4,2026-07-01 17:25:29
9805,1,2026-07-01 17:25:29
9806,1,2026-07-01 06:45:04
9807,1,2026-07-01 17:25:29
9808,1,2026-07-01 17:25:29
9809,1,2026-06-30 17:05:14
9810,1,2026-07-01 14:45:20
9811,3,2026-07-01 17:25:29
9812,4,2026-07-01 17:25:29
9813,1,2026-07-01 17:25:29
9814,1,2026-07-01 05:05:03
9815,1,2026-06-29 02:25:43
9816,1,2026-07-01 17:25:29
9817,3,2026-07-01 17:25:29
9818,1,2026-07-01 13:05:13
9819,1,2026-07-01 12:05:10
9820,1,2026-06-27 20:25:34
9821,1,2026-07-01 17:25:29
9822,1,2026-06-30 16:25:13
9823,1,2026-06-23 22:45:14
9824,1,2026-07-01 17:25:29
9825,1,2026-06-29 15:45:18
9826,1,2026-07-01 17:25:29
9827,1,2026-07-01 17:25:29
9828,1,2026-07-01 17:25:29
9829,2,2026-07-01 17:25:29
9830,1,2026-06-27 07:45:21
9831,1,2026-07-01 17:25:29
9832,1,2026-06-29 17:25:22
9833,1,2026-07-01 14:25:16
9834,1,2026-06-29 18:05:25
9835,1,2026-06-30 14:45:07
9836,1,2026-06-30 10:05:03
9837,1,2026-06-29 09:45:28
9838,2,2026-07-01 17:25:29
9840,1,2026-06-28 12:05:25
9841,2,2026-07-01 17:25:29
9843,2,2026-07-01 17:25:29
9844,1,2026-07-01 17:25:29
9845,1,2026-07-01 17:25:29
9849,1,2026-07-01 17:25:29
9850,2,2026-07-01 17:25:29
9851,1,2026-06-28 18:05:24
9852,1,2026-07-01 17:25:29
9853,1,2026-06-30 17:45:10
9854,2,2026-07-01 17:25:29
9855,1,2026-07-01 17:25:29
9856,1,2026-06-29 07:45:39
9857,1,2026-06-30 06:05:19
9858,1,2026-07-01 17:25:29
9859,3,2026-07-01 17:25:29
9860,2,2026-07-01 17:25:29
9861,1,2026-07-01 17:25:29
9862,1,2026-07-01 07:45:09
9863,3,2026-07-01 17:25:29
9864,1,2026-07-01 16:25:26
9865,1,2026-06-30 13:25:06
9866,2,2026-07-01 17:25:29
9867,2,2026-07-01 17:25:29
9868,1,2026-07-01 17:25:29
9869,1,2026-07-01 08:45:52
9870,1,2026-06-29 23:45:35
9871,3,2026-07-01 17:25:29
9872,1,2026-07-01 17:25:29
9873,1,2026-07-01 03:45:06
9874,5,2026-07-01 17:25:29
9875,1,2026-07-01 17:25:29
9876,1,2026-06-29 07:25:37
9877,3,2026-07-01 17:25:29
9878,1,2026-07-01 17:25:29
9879,1,2026-06-30 07:25:12
9880,1,2026-07-01 17:25:29
9881,2,2026-07-01 17:25:29
9882,2,2026-07-01 17:25:29
9883,5,2026-07-01 17:25:29
9884,3,2026-07-01 17:25:29
9885,3,2026-07-01 17:25:29
9886,1,2026-06-21 22:25:17
9887,1,2026-06-30 13:25:06
9889,1,2026-07-01 17:25:29
9890,1,2026-06-29 18:25:26
9891,1,2026-07-01 17:25:29
9892,4,2026-07-01 17:25:29
9893,1,2026-07-01 17:25:29
9894,2,2026-07-01 17:25:29
9895,1,2026-07-01 17:25:29
9896,1,2026-07-01 17:25:29
9897,4,2026-07-01 17:25:29
9898,4,2026-07-01 17:25:29
9899,4,2026-07-01 17:25:29
9900,3,2026-07-01 17:25:29
9901,4,2026-07-01 17:25:29
9903,5,2026-07-01 17:25:29
9904,2,2026-07-01 17:25:29
9906,2,2026-07-01 17:25:29
9910,4,2026-06-30 08:05:15
9911,1,2026-07-01 14:25:16
9912,1,2026-07-01 17:25:29
9913,1,2026-07-01 17:25:29
9914,5,2026-07-01 17:25:29
9915,1,2026-07-01 17:25:29
9916,1,2026-07-01 17:25:29
9917,1,2026-07-01 17:25:29
9918,3,2026-07-01 17:25:29
9919,2,2026-07-01 17:25:29
9920,2,2026-07-01 17:25:29
9921,1,2026-07-01 17:25:29
9922,5,2026-07-01 17:25:29
9923,1,2026-07-01 14:25:16
9924,1,2026-07-01 17:25:29
9925,3,2026-07-01 17:25:29
9926,1,2026-07-01 17:25:29
9927,3,2026-07-01 17:25:29
9928,1,2026-06-30 16:45:14
9929,1,2026-07-01 17:25:29
9930,1,2026-07-01 17:25:29
9931,3,2026-07-01 17:25:29
9932,1,2026-07-01 16:05:27
9933,1,2026-06-30 16:45:14
9934,1,2026-07-01 17:25:29
9935,3,2026-07-01 17:25:29
9936,3,2026-07-01 17:25:29
9937,2,2026-07-01 17:25:29
9939,2,2026-07-01 17:25:29
9940,1,2026-07-01 07:25:03
9945,5,2026-07-01 17:25:29
9946,3,2026-07-01 17:25:29
9947,6,2026-07-01 17:25:29
9948,1,2026-07-01 17:25:29
9949,1,2026-07-01 14:25:16
9950,1,2026-07-01 17:25:29
9951,2,2026-06-30 08:05:15
9952,1,2026-06-30 22:05:15
9953,1,2026-07-01 14:45:20
9954,1,2026-07-01 17:25:29
9955,1,2026-07-01 17:25:29
9956,1,2026-07-01 17:25:29
9957,1,2026-07-01 08:45:52
9958,1,2026-07-01 06:45:04
9959,1,2026-07-01 17:25:29
9960,1,2026-07-01 17:25:29
9961,3,2026-07-01 17:25:29
9962,1,2026-07-01 17:25:29
9963,2,2026-07-01 17:25:29
9964,4,2026-07-01 17:25:29
9965,2,2026-07-01 17:25:29
9966,5,2026-07-01 17:25:29
9967,1,2026-07-01 17:25:29
9968,1,2026-07-01 17:25:29
9969,3,2026-06-30 08:05:15
9970,1,2026-07-01 17:25:29
9971,6,2026-07-01 17:25:29
9972,1,2026-06-30 08:25:01
9973,1,2026-06-30 09:24:57
9974,1,2026-06-30 23:05:18
9998,1,2026-07-01 17:25:29
9999,1,2026-07-01 17:25:29
10001,5,2026-07-01 17:25:29
10002,5,2026-07-01 17:25:29
10003,4,2026-07-01 17:25:29
10004,2,2026-07-01 17:25:29
10007,1,2026-04-27 05:23:53
10008,4,2026-07-01 17:25:29
10009,1,2026-07-01 17:25:29
10018,2,2026-05-14 09:06:03
10019,1,2026-06-30 00:45:33
10021,1,2026-06-29 20:05:26
10023,1,2026-07-01 17:25:29
10024,6,2026-07-01 17:25:29
10026,5,2026-07-01 17:25:29
10033,1,2026-07-01 17:25:29
10034,2,2026-07-01 17:25:29
10035,1,2026-07-01 17:25:29
10036,8,2026-07-01 17:25:29
10040,1,2026-06-30 22:05:15
10041,1,2026-06-22 10:05:12
10042,1,2026-07-01 17:25:29
10044,1,2026-07-01 12:05:10
10045,1,2026-06-29 03:25:42
10046,1,2026-06-20 08:25:24
10047,25,2026-07-01 17:25:29
10048,1,2026-06-27 03:45:21
10050,18,2026-07-01 17:25:29
10051,22,2026-07-01 17:25:29
10052,1,2026-07-01 17:25:29
10053,1,2026-07-01 17:25:29
10054,3,2026-07-01 17:25:29
10055,2,2026-07-01 17:25:29
10056,13,2026-07-01 17:25:29
10057,3,2026-07-01 17:25:29
10058,1,2026-07-01 01:05:16
10059,1,2026-07-01 17:25:29
10060,1,2026-07-01 04:45:04
10061,1,2026-07-01 01:25:14
10062,1,2026-07-01 17:25:29
10063,1,2026-07-01 17:25:29
10064,3,2026-07-01 17:25:29
10065,4,2026-07-01 17:25:29
10066,2,2026-07-01 17:25:29
10067,4,2026-07-01 17:25:29
10068,1,2026-06-30 22:05:15
10069,2,2026-07-01 17:25:29
10070,1,2026-06-26 17:44:57
10071,3,2026-07-01 17:25:29
10072,1,2026-07-01 17:25:29
10073,2,2026-07-01 17:25:29
10074,1,2026-07-01 17:25:29
10075,2,2026-07-01 17:25:29
10076,4,2026-06-30 08:05:15
10077,1,2026-06-28 13:45:22
10078,1,2026-07-01 13:45:14
10079,1,2026-07-01 17:25:29
10080,1,2026-07-01 17:25:29
10082,2,2026-07-01 17:25:29
10083,1,2026-07-01 17:25:29
10088,2,2026-07-01 17:25:29
10089,1,2026-07-01 17:25:29
10090,3,2026-07-01 17:25:29
10091,2,2026-07-01 17:25:29
10092,1,2026-07-01 17:25:29
10093,1,2026-07-01 17:25:29
10094,2,2026-07-01 17:25:29
10095,1,2026-06-28 07:25:13
10096,2,2026-07-01 17:25:29
10097,1,2026-06-29 00:05:47
10098,2,2026-07-01 17:25:29
10099,1,2026-06-25 12:25:00
10100,1,2026-06-30 21:05:10
10101,1,2026-06-29 20:45:33
10102,1,2026-06-28 03:45:26
10103,1,2026-07-01 17:25:29
10104,1,2026-07-01 17:25:29
10105,1,2026-06-28 17:05:29
10106,1,2026-06-30 18:05:13
10107,2,2026-07-01 17:25:29
10108,1,2026-07-01 17:25:29
10109,3,2026-07-01 17:25:29
10110,2,2026-07-01 17:25:29
10111,1,2026-07-01 17:25:29
10112,1,2026-06-30 06:05:19
10113,1,2026-06-28 14:25:12
10118,2,2026-06-29 04:05:43
10119,1,2026-06-24 21:05:18
10120,1,2026-06-29 14:45:19
10121,1,2026-07-01 13:25:15
10123,1,2026-06-28 16:05:20
10128,1,2026-07-01 17:25:29
10129,1,2026-07-01 13:25:15
10130,1,2026-07-01 17:25:29
10131,1,2026-07-01 17:25:29
10132,1,2026-07-01 15:25:22
10133,1,2026-07-01 13:25:15
10134,2,2026-07-01 17:25:29
10135,1,2026-06-22 20:05:11
10136,1,2026-06-23 21:45:07
10137,1,2026-06-23 23:45:18
10138,1,2026-06-17 15:45:21
10139,1,2026-07-01 17:25:29
10140,1,2026-07-01 15:25:22
10141,1,2026-06-28 01:05:39
10142,1,2026-06-30 14:45:07
10143,1,2026-06-27 03:45:21
10144,1,2026-06-27 04:45:19
10145,1,2026-06-28 07:45:13
10146,1,2026-06-03 17:25:06
10147,1,2026-07-01 17:25:29
10148,1,2026-07-01 17:25:29
10149,1,2026-06-30 21:05:10
10150,1,2026-06-14 21:45:19
10151,1,2026-07-01 17:25:29
10152,1,2026-07-01 17:25:29
10153,1,2026-06-08 21:05:33
10154,1,2026-06-26 14:45:03
10155,1,2026-06-29 21:45:34
10156,1,2026-06-30 08:05:15
10157,1,2026-07-01 11:05:12
10158,1,2026-07-01 17:25:29
10159,1,2026-06-27 21:45:26
10160,1,2026-07-01 06:25:02
10161,1,2026-07-01 17:25:29
10162,1,2026-06-15 17:45:13
10163,1,2026-06-26 20:25:07
10164,1,2026-07-01 17:25:29
10165,1,2026-07-01 01:45:13
10166,1,2026-06-29 22:05:33
10167,1,2026-07-01 00:25:17
10168,1,2026-07-01 00:05:18
10169,1,2026-06-29 04:05:43
10170,1,2026-07-01 00:25:17
10172,1,2026-06-30 21:05:10
10173,1,2026-06-25 04:05:08
10174,1,2026-06-30 21:05:10
10175,1,2026-07-01 15:05:19
10176,2,2026-07-01 17:25:29
10177,2,2026-07-01 17:25:29
10179,1,2026-07-01 05:05:03
10183,2,2026-07-01 17:25:29
10184,1,2026-07-01 17:25:29
10185,1,2026-06-30 12:44:57
10186,1,2026-06-29 04:45:42
10187,1,2026-07-01 17:25:29
10188,2,2026-07-01 17:25:29
10189,1,2026-07-01 17:25:29
10190,3,2026-07-01 17:25:29
10191,3,2026-07-01 17:25:29
10192,3,2026-07-01 17:25:29
10193,2,2026-07-01 13:05:13
10194,2,2026-06-30 08:05:15
10195,2,2026-07-01 17:25:29
10196,2,2026-07-01 17:25:29
10197,1,2026-07-01 17:25:29
10198,1,2026-07-01 03:05:07
10199,2,2026-06-29 04:05:43
10200,1,2026-07-01 17:25:29
10201,1,2026-07-01 01:45:13
10202,1,2026-06-30 11:05:02
10203,1,2026-07-01 16:05:27
10204,1,2026-07-01 17:25:29
10205,1,2026-06-30 21:05:10
10206,4,2026-06-30 08:05:15
10207,1,2026-07-01 06:05:01
10208,1,2026-06-28 16:25:20
10209,1,2026-07-01 02:45:11
10210,1,2026-06-30 08:05:15
10211,1,2026-06-30 19:05:13
10212,1,2026-06-30 19:25:16
10213,1,2026-07-01 17:25:29
10214,1,2026-07-01 17:25:29
10215,1,2026-06-23 22:45:14
10216,4,2026-07-01 17:25:29
10217,1,2026-06-28 00:25:34
10218,1,2026-06-20 00:05:33
10219,1,2026-06-24 23:05:15
10220,1,2026-07-01 12:05:10
10221,1,2026-06-30 11:25:00
10222,1,2026-06-30 08:05:15
10223,1,2026-06-30 08:05:15
10224,1,2026-07-01 17:25:29
10225,1,2026-06-30 08:05:15
10226,1,2026-06-26 20:25:07
10229,1,2026-07-01 06:45:04
10233,2,2026-07-01 17:25:29
10234,1,2026-06-29 06:45:39
10235,2,2026-07-01 17:25:29
10236,1,2026-07-01 17:25:29
10237,1,2026-07-01 17:25:29
10238,1,2026-06-29 01:05:40
10239,1,2026-07-01 17:25:29
10240,1,2026-07-01 01:25:14
10241,1,2026-07-01 17:25:29
10242,1,2026-07-01 17:25:29
10243,1,2026-06-30 00:05:36
10244,1,2026-06-28 03:05:32
10245,1,2026-07-01 17:25:29
10246,1,2026-07-01 17:25:29
10247,1,2026-06-14 23:05:15
10248,1,2026-07-01 17:25:29
10249,1,2026-06-28 18:45:24
10250,1,2026-07-01 17:25:29
10251,1,2026-06-29 18:05:25
10252,1,2026-07-01 17:25:29
10253,2,2026-06-13 01:24:58
10254,2,2026-06-30 12:05:00
10255,1,2026-07-01 15:45:20
10256,1,2026-07-01 17:25:29
10257,1,2026-07-01 06:25:02
10258,1,2026-07-01 17:25:29
10259,1,2026-06-26 16:45:02
10260,1,2026-07-01 00:25:17
10261,1,2026-06-27 21:25:34
10262,1,2026-07-01 17:25:29
10263,1,2026-07-01 06:05:01
10264,1,2026-06-30 08:45:37
10265,1,2026-07-01 17:25:29
10266,1,2026-06-30 20:25:11
10267,1,2026-07-01 06:05:01
10268,1,2026-06-05 20:25:07
10275,1,2026-07-01 15:45:20
10276,2,2026-07-01 17:25:29
10277,1,2026-07-01 17:25:29
10278,1,2026-07-01 17:25:29
10279,1,2026-06-27 15:45:14
10280,1,2026-06-26 22:25:14
10281,2,2026-07-01 17:25:29
10282,1,2026-07-01 17:25:29
10285,81,2026-07-01 17:25:29
10286,141,2026-07-01 17:25:29
10287,1,2026-07-01 17:25:29
10288,1,2026-07-01 05:05:03
10289,1,2026-06-28 03:05:32
10300,3,2026-07-01 17:25:29
10301,4,2026-07-01 17:25:29
10302,5,2026-07-01 17:25:29
10305,1,2026-07-01 17:25:29
10306,7,2026-07-01 17:25:29
10307,3,2026-07-01 09:05:05
10308,2,2026-07-01 17:25:29
10309,4,2026-07-01 17:25:29
10310,8,2026-07-01 17:25:29
10311,2,2026-07-01 17:25:29
10312,4,2026-07-01 17:25:29
10314,2,2026-07-01 17:25:29
10315,1,2026-07-01 17:25:29
10316,4,2026-07-01 17:25:29
10317,2,2026-07-01 17:25:29
10318,1,2026-07-01 17:25:29
10320,4,2026-07-01 17:25:29
10321,3,2026-07-01 17:25:29
10323,3,2026-07-01 17:25:29
10325,1,2026-06-29 14:25:16
10326,2,2026-07-01 17:25:29
10328,1,2026-06-30 08:45:37
10329,3,2026-07-01 17:25:29
10331,8,2026-07-01 17:25:29
10332,3,2026-07-01 17:25:29
10333,6,2026-07-01 17:25:29
10360,1,2026-07-01 17:25:29
10361,1,2026-07-01 17:25:29
10362,1,2026-06-21 16:05:19
10363,1,2026-06-28 02:25:33
10364,1,2026-06-27 20:45:36
10365,1,2026-06-26 23:45:21
10366,1,2026-07-01 17:25:29
10369,1,2026-07-01 17:25:29
10374,2,2026-07-01 17:25:29
10375,1,2026-07-01 13:05:13
10376,1,2026-07-01 17:25:29
10377,1,2026-07-01 13:05:13
10378,1,2026-07-01 17:25:29
10379,1,2026-06-30 03:45:28
10380,1,2026-06-30 06:25:19
10381,1,2026-06-24 20:25:17
10382,1,2026-06-21 23:25:16
10383,1,2026-06-26 10:24:57
10384,1,2026-06-28 16:25:20
10385,1,2026-05-31 20:05:26
10386,1,2026-06-29 16:25:17
10387,1,2026-06-15 19:45:28
10388,1,2026-06-28 21:25:37
10389,1,2026-07-01 00:05:18
10390,1,2026-06-30 20:25:11
10391,1,2026-06-29 20:45:33
10392,2,2026-07-01 17:25:29
10393,1,2026-07-01 17:25:29
10394,5,2026-07-01 17:25:29
10398,2,2026-07-01 17:25:29
10400,2,2026-07-01 17:25:29
10401,1,2026-07-01 17:25:29
10402,2,2026-07-01 17:25:29
10403,1,2026-07-01 13:45:14
10404,1,2026-06-30 17:25:11
10405,3,2026-07-01 17:25:29
10406,1,2026-06-29 20:25:29
10407,2,2026-07-01 17:25:29
10408,1,2026-06-30 19:05:13
10409,1,2026-06-28 02:45:36
10413,3,2026-07-01 17:25:29
10421,1,2026-06-27 21:05:33
10423,1,2026-07-01 17:25:29
10424,1,2026-06-30 04:05:31
10500,3,2026-06-16 18:25:18
10501,14,2026-05-26 18:45:35
10502,9,2026-07-01 16:45:27
10503,5,2026-06-29 18:25:26
10504,3,2026-06-30 17:45:10
10505,124,2026-07-01 17:25:29
10506,1,2026-03-10 19:42:29
10507,4,2026-07-01 16:25:26
10508,1,2026-06-20 07:25:24
10510,1,2026-05-07 14:04:46
10512,8801,2026-07-01 17:25:29
10513,200,2026-07-01 03:25:06
10514,3,2026-06-20 16:25:13
10518,1,2026-06-24 22:05:16
10546,1,2026-07-01 17:25:29
10548,2,2026-07-01 17:25:29
10553,1,2026-06-26 23:25:18
10554,1,2026-06-29 03:45:43
10558,73,2026-07-01 17:25:29
10559,113,2026-07-01 17:25:29
10560,73,2026-07-01 17:25:29
10561,35,2026-07-01 17:25:29
10562,105,2026-07-01 17:25:29
10567,2,2026-07-01 17:25:29
10570,3,2026-07-01 17:25:29
10571,1,2026-06-28 22:45:45
10572,1,2026-06-29 23:45:35
10573,3,2026-07-01 17:25:29
10574,1,2026-07-01 17:25:29
10576,1,2026-06-24 16:05:05
10577,1,2026-06-06 09:04:50
10578,1,2026-06-26 06:04:59
10581,2,2026-07-01 17:25:29
10582,1,2026-07-01 17:25:29
10583,1,2026-06-30 04:05:31
10584,1,2026-06-29 04:45:42
10586,1,2026-07-01 17:25:29
10592,3,2026-07-01 04:05:11
10601,2,2026-07-01 17:25:29
10602,1,2026-07-01 17:25:29
10603,2,2026-07-01 17:25:29
10604,5,2026-07-01 17:25:29
10605,10,2026-07-01 17:25:29
10606,12,2026-07-01 17:25:29
10608,2,2026-07-01 17:25:29
10609,4,2026-07-01 17:25:29
10620,283,2026-07-01 17:25:29
10623,1,2026-07-01 17:25:29
10624,2,2026-07-01 17:25:29
10625,3,2026-07-01 17:25:29
10626,1,2026-07-01 00:25:17
10627,1,2026-07-01 17:25:29
10628,4,2026-07-01 17:25:29
10629,1,2026-07-01 00:05:18
10630,1,2026-06-30 07:45:14
10631,1,2026-07-01 15:45:20
10632,2,2026-07-01 17:25:29
10633,1,2026-07-01 15:45:20
10634,1,2026-07-01 02:25:10
10644,2,2026-07-01 17:25:29
10646,17,2026-06-27 12:05:03
10647,1,2026-03-13 19:42:43
10648,15,2026-04-25 20:23:33
10713,1,2026-07-01 17:25:29
10720,2,2026-06-02 18:25:36
10724,1,2026-06-15 14:45:12
10728,1,2026-07-01 17:25:29
10822,1,2026-06-26 22:05:10
10858,3,2026-07-01 17:25:29
10922,13,2026-06-17 16:25:24
10938,45,2026-07-01 17:25:29
10939,63,2026-07-01 17:25:29
10940,861,2026-07-01 17:25:29
10978,110,2026-07-01 17:25:29
10998,988,2026-07-01 17:25:29
11023,3,2026-07-01 17:25:29
11026,2,2026-07-01 17:25:29
11027,6,2026-07-01 17:25:29
11038,2,2026-07-01 17:25:29
11039,3,2026-07-01 17:25:29
11081,3,2026-07-01 17:25:29
11082,326,2026-07-01 17:25:29
11083,1538,2026-07-01 17:25:29
11084,43,2026-07-01 17:25:29
11098,8,2026-07-01 17:25:29
11101,3,2026-07-01 17:25:29
11109,1,2026-06-29 21:45:34
11128,20,2026-07-01 17:25:29
11134,166,2026-07-01 17:25:29
11135,190,2026-07-01 17:25:29
11137,528,2026-07-01 17:25:29
11138,457,2026-07-01 17:25:29
11139,130,2026-07-01 17:25:29
11144,4,2026-07-01 17:25:29
11150,6,2026-07-01 17:25:29
11151,1,2026-06-29 17:45:22
11152,1,2026-07-01 17:25:29
11163,1,2026-07-01 17:25:29
11164,1,2026-07-01 17:25:29
11165,1,2026-07-01 16:45:27
11166,1,2026-07-01 14:45:20
11167,2,2026-07-01 17:25:29
11168,1,2026-07-01 03:05:07
11174,124,2026-07-01 17:25:29
11175,32,2026-07-01 17:25:29
11176,209,2026-07-01 17:25:29
11177,192,2026-07-01 17:25:29
11178,119,2026-07-01 17:25:29
11202,5,2026-07-01 17:25:29
11203,3,2026-07-01 17:25:29
11204,1,2026-06-30 21:25:18
11205,1,2026-06-28 17:05:29
11207,2,2026-07-01 17:25:29
11208,5,2026-07-01 17:25:29
11284,200,2026-03-13 19:42:43
11285,4991,2026-07-01 17:25:29
11287,27,2026-07-01 17:25:29
11288,78,2026-07-01 17:25:29
11289,1,2026-07-01 11:45:10
11290,16,2026-07-01 17:25:29
11291,1,2026-06-29 22:05:33
11302,2,2026-07-01 17:25:29
11303,4,2026-07-01 17:25:29
11304,5,2026-07-01 17:25:29
11305,1,2026-07-01 17:25:29
11306,1,2026-07-01 04:45:04
11307,1,2026-05-05 19:44:57
11325,4,2026-07-01 17:25:29
11362,1,2026-06-24 19:45:16
11363,1,2026-03-13 19:42:43
11370,91,2026-07-01 17:25:29
11371,33,2026-07-01 17:25:29
11382,8,2026-07-01 17:25:29
11385,5,2026-07-01 17:25:29
11386,5,2026-06-22 00:05:15
11387,2,2026-05-29 15:45:01
11391,3,2026-07-01 17:25:29
11392,2,2026-07-01 17:25:29
11393,2,2026-07-01 17:25:29
11411,1,2026-01-22 05:42:41
11482,1,2026-07-01 17:25:29
11584,10,2026-02-20 19:42:32
11590,3,2026-06-12 10:05:01
11603,1,2026-06-21 16:05:19
11610,2,2026-07-01 17:25:29
11611,1,2026-07-01 17:25:29
11612,1,2026-07-01 03:25:06
11630,200,2026-06-20 07:25:24
11732,7,2026-07-01 17:25:29
11733,12,2026-07-01 17:25:29
11734,13,2026-07-01 17:25:29
11736,13,2026-07-01 17:25:29
11737,7,2026-07-01 17:25:29
11813,1,2026-06-27 19:45:33
11825,4,2026-07-01 17:25:29
11826,4,2026-07-01 17:25:29
11846,5,2026-07-01 07:25:03
11944,3,2026-04-27 12:43:41
11965,5,2026-07-01 17:25:29
11967,4,2026-07-01 17:25:29
11969,1,2026-07-01 17:05:28
11970,1,2026-07-01 02:05:11
11976,1,2026-07-01 17:25:29
11977,1,2026-06-29 01:05:40
11978,1,2026-06-26 12:24:48
11979,1,2026-06-27 01:45:27
11980,1,2026-06-26 12:24:48
11981,1,2026-06-30 17:25:11
11982,1,2026-07-01 17:25:29
11983,2,2026-07-01 17:25:29
11984,2,2026-07-01 17:25:29
11985,2,2026-07-01 17:25:29
11986,1,2026-06-26 04:44:56
11987,1,2026-07-01 17:25:29
11988,1,2026-06-29 09:25:32
11989,1,2026-06-21 02:25:23
11990,2,2026-07-01 17:25:29
11991,1,2026-06-23 19:25:06
11992,1,2026-06-21 16:05:19
11993,2,2026-07-01 17:25:29
11994,2,2026-07-01 17:25:29
11995,1,2026-07-01 11:45:10
11996,1,2026-07-01 17:25:29
11997,2,2026-07-01 17:25:29
11998,3,2026-07-01 17:25:29
11999,1,2026-06-29 23:45:35
12001,1,2026-07-01 17:25:29
12002,2,2026-07-01 17:25:29
12003,8,2026-02-25 10:02:32
12004,1,2026-07-01 17:25:29
12005,1,2026-06-25 17:05:02
12006,3,2026-07-01 17:25:29
12007,1,2026-07-01 03:05:07
12008,2,2026-07-01 17:25:29
12009,1,2026-06-30 06:25:19
12010,1,2026-06-29 22:25:29
12011,1,2026-06-30 05:25:23
12012,2,2026-07-01 17:25:29
12013,2,2026-07-01 17:25:29
12014,1,2026-06-26 04:24:59
12015,1,2026-07-01 17:25:29
12016,1,2026-06-29 20:45:33
12017,1,2026-06-29 20:45:33
12019,1,2026-06-29 21:05:36
12020,2,2026-07-01 17:25:29
12027,1,2026-06-29 21:45:34
12028,1,2026-07-01 17:25:29
12029,1,2026-07-01 17:25:29
12030,1,2026-07-01 17:25:29
12031,4,2026-07-01 17:25:29
12032,1,2026-07-01 17:25:29
12034,1,2026-07-01 17:25:29
12035,1,2026-06-26 18:25:03
12036,2,2026-07-01 17:25:29
12037,174,2026-07-01 17:25:29
12039,2,2026-07-01 17:25:29
12040,1,2026-07-01 17:25:29
12042,1,2026-07-01 10:25:15
12043,2,2026-07-01 17:25:29
12044,1,2026-06-30 14:45:07
12045,1,2026-07-01 17:25:29
12046,1,2026-06-26 14:04:54
12047,1,2026-07-01 17:25:29
12048,1,2026-07-01 00:25:17
12052,1,2026-07-01 17:25:29
12053,1,2026-06-30 17:25:11
12054,3,2026-07-01 17:25:29
12055,1,2026-06-30 15:45:07
12056,1,2026-06-28 04:25:26
12057,1,2026-07-01 09:25:09
12058,1,2026-06-28 18:45:24
12162,1,2026-07-01 17:25:29
12163,3,2026-07-01 17:25:29
12164,1,2026-06-19 16:45:25
12184,249,2026-07-01 17:25:29
12190,4,2026-07-01 16:25:26
12202,185,2026-07-01 17:25:29
12203,1066,2026-07-01 17:25:29
12204,1,2026-06-22 16:45:09
12205,237,2026-07-01 17:25:29
12206,20,2026-07-01 17:25:29
12207,47,2026-07-01 17:25:29
12208,460,2026-07-01 17:25:29
12209,7,2026-06-28 17:25:27
12212,5,2026-06-30 23:05:18
12213,13,2026-06-28 17:25:27
12223,27,2026-07-01 17:25:29
12226,2,2026-07-01 17:25:29
12227,2,2026-07-01 17:25:29
12228,5,2026-07-01 17:25:29
12229,5,2026-07-01 17:25:29
12231,4,2026-07-01 17:25:29
12232,4,2026-07-01 17:25:29
12233,5,2026-07-01 17:25:29
12238,84,2026-07-01 17:25:29
12239,6,2026-07-01 17:25:29
12240,4,2026-07-01 17:25:29
12247,1,2026-06-16 19:05:24
12248,1,2026-06-03 23:44:57
12249,1,2026-06-21 21:45:13
12250,1,2026-06-27 04:05:20
12251,1,2026-04-19 00:22:34
12252,1,2026-05-23 12:05:40
12254,1,2026-05-14 09:06:03
12256,5,2026-07-01 17:25:29
12257,1,2026-06-04 08:24:49
12259,1,2026-07-01 17:25:29
12260,4,2026-07-01 17:25:29
12261,1,2026-06-30 07:25:12
12282,1,2026-05-25 20:06:00
12360,36,2026-07-01 17:25:29
12363,128,2026-07-01 17:25:29
12364,88,2026-07-01 17:25:29
12365,1907,2026-07-01 17:25:29
12404,4,2026-07-01 17:25:29
12405,2,2026-07-01 17:25:29
12406,3,2026-07-01 00:05:18
12408,13,2026-07-01 17:25:29
12409,1,2026-07-01 17:25:29
12410,12,2026-07-01 17:25:29
12414,1,2026-06-16 15:05:17
12416,1,2026-06-15 05:05:21
12417,1,2025-12-13 06:22:33
12418,1,2026-06-13 05:25:01
12419,1,2026-01-04 08:03:11
12422,1,2026-06-27 22:05:23
12424,1,2026-05-27 01:05:43
12425,12,2026-07-01 17:25:29
12426,1,2026-07-01 06:25:02
12427,1,2026-06-29 19:05:23
12428,2,2026-07-01 17:25:29
12527,1,2026-07-01 13:05:13
12528,8,2026-07-01 17:25:29
12542,3,2026-07-01 17:25:29
12547,1,2026-07-01 17:25:29
12549,2,2026-07-01 17:25:29
12550,2,2026-07-01 17:25:29
12551,1,2026-07-01 17:25:29
12552,1,2026-07-01 17:25:29
12555,4,2026-07-01 17:25:29
12631,1,2026-06-12 13:44:49
12643,20,2026-04-28 12:44:06
12644,35,2026-07-01 17:25:29
12645,1,2026-05-28 19:05:23
12655,5,2026-06-29 11:25:23
12682,5,2026-07-01 17:25:29
12683,3,2026-07-01 17:25:29
12684,3,2026-07-01 17:25:29
12685,2,2026-07-01 17:25:29
12689,4,2026-07-01 17:25:29
12691,4,2026-07-01 17:25:29
12692,6,2026-07-01 17:25:29
12693,1,2026-07-01 17:25:29
12694,2,2026-07-01 17:25:29
12695,2,2026-07-01 17:25:29
12697,5,2026-07-01 17:25:29
12698,1,2026-07-01 01:45:13
12702,1,2026-07-01 17:25:29
12703,4,2026-07-01 17:25:29
12704,3,2026-07-01 17:25:29
12711,4,2026-07-01 17:25:29
12774,1,2026-06-19 04:45:36
12775,1,2026-06-27 03:25:23
12799,46,2026-07-01 17:25:29
12800,133,2026-07-01 17:25:29
12803,33,2026-07-01 17:25:29
12804,27,2026-07-01 17:25:29
12808,174,2026-07-01 17:25:29
12809,4,2026-07-01 17:25:29
12810,7,2026-06-26 21:05:06
12811,40,2026-07-01 17:25:29
12820,56,2026-07-01 17:25:29
12824,1,2026-06-12 07:24:43
12825,1,2026-06-12 07:24:43
12827,1,2026-02-09 19:42:36
12828,2,2026-07-01 17:25:29
12834,1,2026-05-05 06:04:56
12835,1,2026-06-30 11:05:02
12836,1,2026-07-01 17:25:29
12837,1,2025-12-29 21:43:17
12839,1,2026-06-22 05:45:03
12958,2,2026-07-01 17:25:29
12976,1,2026-07-01 17:25:29
12977,1,2026-07-01 12:45:09
12978,1,2026-07-01 17:25:29
12979,1,2026-07-01 14:25:16
12982,2,2026-07-01 17:25:29
12983,2,2026-07-01 17:25:29
12984,5,2026-07-01 17:25:29
12985,3,2026-07-01 17:25:29
12987,2,2026-07-01 17:25:29
12988,1,2026-07-01 17:25:29
12989,1,2026-07-01 05:44:59
12990,1,2026-07-01 06:05:01
12992,1,2026-06-30 12:05:00
12994,2,2026-07-01 17:25:29
12996,1,2026-06-30 20:05:11
12997,1,2026-06-30 17:05:14
12998,1,2026-06-25 22:45:05
12999,1,2026-07-01 17:25:29
13000,1,2026-07-01 17:25:29
13001,1,2026-06-30 04:25:28
13002,1,2026-07-01 17:25:29
13003,1,2026-07-01 14:45:20
13004,1,2026-07-01 15:25:22
13005,2,2026-07-01 17:25:29
13006,1,2026-06-28 13:45:22
13007,4,2026-07-01 17:25:29
13008,1,2026-07-01 14:45:20
13009,2,2026-07-01 17:25:29
13010,1,2026-06-27 23:45:29
13011,1,2026-06-29 02:25:43
13012,1,2026-07-01 17:25:29
13014,1,2026-07-01 17:25:29
13020,1,2026-06-30 18:45:13
13021,2,2026-07-01 17:25:29
13022,1,2026-07-01 15:05:19
13023,1,2026-06-28 07:25:13
13024,1,2026-07-01 16:25:26
13025,3,2026-07-01 17:25:29
13026,4,2026-07-01 17:25:29
13027,1,2026-07-01 17:25:29
13028,1,2026-06-30 00:05:36
13029,3,2026-07-01 17:25:29
13030,1,2026-07-01 15:25:22
13031,1,2026-07-01 13:25:15
13032,1,2026-07-01 17:25:29
13033,1,2026-07-01 17:25:29
13034,10,2026-07-01 17:25:29
13035,2,2026-07-01 17:25:29
13036,5,2026-07-01 17:25:29
13037,1,2026-07-01 17:25:29
13038,9,2026-07-01 17:25:29
13039,4,2026-07-01 17:25:29
13040,2,2026-07-01 17:25:29
13041,1,2026-07-01 00:05:18
13042,6,2026-07-01 17:25:29
13043,4,2026-07-01 17:25:29
13044,1,2026-07-01 17:25:29
13045,2,2026-07-01 17:25:29
13046,1,2026-07-01 17:25:29
13047,8,2026-07-01 17:25:29
13048,1,2026-07-01 08:45:52
13049,1,2026-07-01 17:25:29
13051,3,2026-07-01 17:25:29
13052,1,2026-06-30 03:25:31
13053,1,2026-07-01 17:25:29
13054,3,2026-07-01 17:25:29
13055,2,2026-07-01 17:25:29
13056,4,2026-07-01 17:25:29
13057,1,2026-07-01 17:25:29
13058,5,2026-07-01 17:25:29
13059,1,2026-07-01 17:25:29
13060,1,2026-06-30 08:25:01
13062,1,2026-06-28 19:45:30
13063,1,2026-06-29 21:05:36
13064,6,2026-07-01 17:25:29
13065,1,2026-07-01 17:25:29
13066,1,2026-07-01 00:45:16
13067,1,2026-07-01 17:25:29
13068,3,2026-07-01 17:25:29
13070,3,2026-07-01 17:25:29
13071,5,2026-07-01 17:25:29
13072,1,2026-06-22 05:25:04
13073,1,2026-07-01 00:45:16
13074,5,2026-07-01 17:25:29
13075,1,2026-06-29 21:25:40
13079,3,2026-07-01 17:25:29
13082,5,2026-07-01 17:25:29
13085,1,2026-07-01 17:25:29
13087,1,2026-06-29 17:45:22
13088,4,2026-07-01 17:25:29
13089,1,2026-06-30 17:05:14
13091,1,2026-06-25 16:24:59
13093,3,2026-07-01 17:25:29
13094,1,2026-06-28 06:05:17
13095,3,2026-07-01 17:25:29
13096,1,2026-06-17 20:05:29
13097,1,2026-06-23 14:45:09
13099,1,2026-07-01 10:25:15
13100,3,2026-07-01 17:25:29
13101,1,2026-06-30 23:45:20
13102,4,2026-07-01 17:25:29
13103,3,2026-07-01 17:25:29
13105,1,2026-06-30 09:24:57
13106,1,2026-06-27 04:05:20
13107,1,2026-07-01 12:05:10
13108,1,2026-07-01 04:45:04
13109,1,2026-07-01 17:25:29
13110,1,2026-07-01 09:25:09
13111,1,2026-06-30 16:05:06
13112,1,2026-07-01 17:25:29
13113,1,2026-06-29 09:45:28
13114,1,2026-07-01 00:25:17
13115,3,2026-07-01 17:25:29
13116,2,2026-07-01 17:25:29
13117,5,2026-07-01 17:25:29
13118,1,2026-07-01 17:25:29
13119,1,2026-07-01 13:05:13
13120,1,2026-06-30 23:45:20
13121,2,2026-07-01 17:25:29
13122,1,2026-07-01 15:25:22
13123,1,2026-07-01 15:25:22
13124,2,2026-07-01 17:25:29
13125,3,2026-07-01 17:25:29
13127,1,2026-07-01 17:25:29
13131,1,2026-07-01 15:45:20
13133,1,2026-07-01 17:25:29
13134,3,2026-07-01 17:25:29
13135,1,2026-07-01 17:25:29
13136,3,2026-07-01 17:25:29
13137,1,2026-07-01 06:05:01
13138,4,2026-07-01 17:25:29
13139,3,2026-07-01 17:25:29
13144,1,2026-07-01 17:25:29
13145,4,2026-07-01 17:25:29
13146,3,2026-07-01 17:25:29
13199,5,2026-07-01 17:25:29
13260,1,2026-06-27 08:45:58
13287,2,2026-07-01 17:25:29
13288,1,2026-07-01 17:25:29
13308,2,2026-07-01 17:25:29
13309,1,2026-07-01 17:25:29
13310,2,2026-07-01 17:25:29
13311,4,2026-07-01 17:25:29
13423,63,2026-07-01 14:05:16
13442,8,2026-07-01 17:25:29
13443,69,2026-07-01 17:25:29
13444,41,2026-07-01 17:25:29
13445,10,2026-07-01 17:25:29
13455,14,2026-07-01 17:25:29
13456,9,2026-06-10 21:24:49
13457,40,2026-07-01 17:25:29
13458,95,2026-07-01 17:25:29
13459,66,2026-07-01 17:25:29
13461,44,2026-07-01 17:25:29
13462,3,2026-06-15 16:45:15
13463,228,2026-07-01 17:25:29
13464,124,2026-07-01 17:25:29
13465,140,2026-07-01 17:25:29
13466,196,2026-07-01 17:25:29
13467,108,2026-07-01 17:25:29
13468,10,2026-07-01 17:25:29
13476,6,2026-07-01 17:25:29
13478,4,2026-07-01 17:25:29
13479,1,2026-07-01 16:25:26
13481,1,2025-12-21 05:22:46
13486,7,2026-07-01 17:25:29
13487,2,2026-07-01 17:25:29
13488,4,2026-07-01 17:25:29
13489,3,2026-07-01 17:25:29
13490,1,2026-07-01 04:05:11
13491,1,2026-06-30 11:25:00
13492,7,2026-07-01 17:25:29
13493,3,2026-07-01 17:25:29
13494,4,2026-07-01 17:25:29
13495,2,2026-07-01 17:25:29
13496,1,2026-04-30 18:24:13
13497,1,2026-06-26 16:05:04
13499,1,2026-06-16 05:05:37
13506,18,2026-07-01 17:25:29
13510,2,2026-06-28 15:45:23
13511,4,2026-07-01 17:25:29
13512,1,2026-07-01 17:25:29
13513,3,2026-07-01 17:25:29
13518,2,2026-07-01 17:25:29
13520,2,2026-07-01 17:25:29
13754,9,2026-07-01 17:25:29
13755,9,2026-06-06 16:05:04
13756,24,2026-07-01 17:25:29
13757,116,2026-07-01 17:25:29
13758,90,2026-07-01 17:25:29
13759,23,2026-07-01 17:25:29
13760,42,2026-07-01 17:25:29
13817,1,2025-11-30 20:23:00
13821,1,2025-11-29 05:02:50
13822,2,2026-05-28 05:45:22
13823,1,2026-02-18 22:42:43
13824,1,2026-06-01 07:45:24
13825,1,2026-05-30 06:05:07
13851,10,2026-07-01 09:05:05
13856,12,2026-07-01 17:25:29
13857,1,2026-07-01 17:25:29
13858,1,2026-07-01 17:25:29
13860,1,2026-06-24 04:45:23
13863,8,2026-07-01 17:25:29
13864,15,2026-07-01 17:25:29
13865,2,2026-07-01 11:45:10
13866,2,2026-07-01 17:25:29
13868,1,2026-04-15 00:22:23
13869,1,2026-07-01 12:05:10
13870,8,2026-07-01 17:25:29
13871,1,2026-06-30 19:45:14
13876,2,2026-07-01 17:25:29
13877,3,2026-07-01 17:25:29
13878,1,2026-06-07 19:25:15
13879,1,2026-05-07 10:44:44
13885,2,2026-07-01 17:25:29
13886,1,2026-07-01 02:05:11
13887,1,2026-06-22 10:05:12
13888,20,2026-07-01 13:25:15
13889,2,2026-07-01 17:25:29
13890,34,2026-07-01 17:25:29
13893,3,2026-07-01 17:25:29
13895,1,2026-06-28 13:05:18
13897,1,2026-07-01 17:25:29
13898,1,2026-06-16 16:45:18
13901,1,2026-07-01 17:25:29
13902,1,2026-06-30 05:25:23
13903,1,2026-02-08 22:22:46
13904,1,2025-11-30 06:42:45
13907,1,2026-07-01 17:25:29
13908,1,2026-06-02 03:25:36
13909,1,2026-07-01 17:25:29
13910,1,2026-06-29 08:25:37
13911,1,2026-06-17 12:05:10
13913,1,2025-12-23 15:22:44
13914,1,2026-07-01 17:25:29
13915,1,2025-11-01 02:21:55
13917,1,2026-06-17 13:25:17
13926,9,2026-07-01 17:25:29
13927,9,2026-06-23 19:25:06
13928,7,2026-05-20 04:25:35
13929,14,2026-07-01 17:25:29
13930,28,2026-07-01 15:25:22
13931,10,2026-07-01 17:25:29
13932,174,2026-07-01 17:25:29
13933,20,2026-06-17 11:05:12
13934,1,2026-06-27 08:45:58
13940,3,2026-07-01 17:25:29
13946,1,2026-07-01 17:25:29
13947,6,2026-07-01 17:25:29
13948,12,2026-07-01 17:25:29
13949,3,2026-07-01 17:25:29
14025,1,2026-07-01 04:05:11
14042,3,2026-07-01 17:25:29
14043,1,2026-06-15 23:05:49
14045,1,2026-06-03 23:24:56
14046,17,2026-07-01 17:25:29
14047,1856,2026-07-01 17:25:29
14048,4,2026-07-01 17:25:29
14086,1,2026-07-01 17:25:29
14087,1,2026-06-22 14:25:12
14088,2,2026-07-01 17:25:29
14089,1,2026-06-24 13:04:59
14090,1,2026-06-30 17:05:14
14091,1,2026-07-01 17:25:29
14093,1,2026-06-02 01:05:45
14094,1,2026-07-01 17:05:28
14095,1,2026-06-19 08:25:35
14096,1,2026-06-30 20:45:13
14097,2,2026-07-01 17:25:29
14098,1,2026-06-26 16:45:02
14099,1,2026-06-30 04:45:26
14100,6,2026-06-15 13:05:12
14101,3,2026-05-29 15:25:05
14102,1,2026-06-20 21:05:21
14103,1,2026-06-30 19:45:14
14106,1,2026-06-19 21:45:36
14108,3,2026-06-25 00:05:13
14109,1,2026-07-01 12:45:09
14110,1,2026-07-01 17:25:29
14111,1,2026-06-22 04:45:07
14112,1,2026-07-01 17:25:29
14114,1,2026-06-27 00:45:26
14115,1,2026-06-30 18:45:13
14116,1,2026-07-01 11:05:12
14121,1,2026-06-26 11:24:55
14122,1,2026-06-28 23:25:47
14123,1,2026-06-29 12:45:17
14124,1,2026-07-01 00:05:18
14125,1,2026-06-29 22:45:29
14126,4,2026-07-01 17:25:29
14127,1,2026-07-01 17:25:29
14129,1,2026-06-30 08:05:15
14131,1,2026-06-30 20:45:13
14132,2,2026-06-24 13:25:02
14133,1,2026-06-30 23:05:18
14134,1,2026-06-30 17:45:10
14142,3,2025-11-14 01:22:29
14143,1,2025-11-12 12:02:20
14144,2,2025-11-14 01:22:29
14155,1,2026-06-15 18:05:18
14156,2,2026-06-19 01:25:36
14157,4,2026-07-01 17:25:29
14158,1,2026-06-29 04:05:43
14159,1,2026-07-01 17:25:29
14160,1,2026-07-01 11:25:09
14161,1,2026-07-01 17:25:29
14162,1,2026-07-01 17:25:29
14163,1,2026-06-30 07:05:17
14164,2,2026-07-01 17:25:29
14165,1,2026-07-01 17:25:29
14166,1,2026-07-01 17:25:29
14167,1,2026-06-30 09:24:57
14168,1,2026-06-30 17:45:10
14169,4,2026-07-01 17:25:29
14170,3,2026-07-01 17:25:29
14171,1,2026-07-01 15:05:19
14172,1,2026-07-01 17:25:29
14173,1,2026-07-01 17:25:29
14174,1,2026-06-30 09:24:57
14175,2,2026-07-01 17:25:29
14176,1,2026-06-30 17:25:11
14177,2,2026-07-01 17:25:29
14178,2,2026-07-01 17:25:29
14179,1,2026-07-01 17:25:29
14180,1,2026-07-01 17:25:29
14181,1,2026-06-30 14:25:12
14182,1,2026-07-01 10:45:14
14186,1,2026-06-30 09:05:03
14187,1,2026-06-28 05:05:26
14190,1,2026-06-29 22:05:33
14191,2,2026-07-01 17:25:29
14192,1,2026-07-01 17:25:29
14193,1,2026-06-29 17:05:22
14194,1,2026-06-30 03:05:28
14195,1,2026-06-30 01:45:28
14196,1,2026-06-26 18:25:03
14197,1,2026-06-24 00:45:23
14198,1,2026-06-30 13:45:11
14199,1,2026-07-01 17:25:29
14200,1,2026-07-01 17:25:29
14201,1,2026-06-30 12:05:00
14202,1,2026-07-01 03:45:06
14203,1,2026-06-30 22:25:19
14204,2,2026-07-01 17:25:29
14205,2,2026-07-01 17:25:29
14206,3,2026-07-01 17:25:29
14207,1,2026-07-01 17:25:29
14208,1,2026-07-01 17:25:29
14209,1,2026-07-01 17:25:29
14210,1,2026-07-01 17:25:29
14211,1,2026-07-01 17:25:29
14212,2,2026-07-01 17:25:29
14213,1,2026-07-01 14:05:16
14214,1,2026-06-30 17:25:11
14215,1,2026-07-01 17:25:29
14216,1,2026-07-01 10:25:15
14217,1,2026-07-01 17:25:29
14218,1,2026-07-01 11:45:10
14219,1,2026-07-01 17:25:29
14220,3,2026-07-01 17:25:29
14221,2,2026-07-01 17:25:29
14222,1,2026-07-01 17:25:29
14223,2,2026-07-01 17:25:29
14224,2,2026-07-01 17:25:29
14225,2,2026-07-01 17:25:29
14226,1,2026-07-01 07:05:06
14227,103,2026-07-01 17:25:29
14228,1,2026-07-01 17:25:29
14229,2,2026-07-01 17:25:29
14230,2,2026-07-01 17:25:29
14231,2,2026-07-01 17:25:29
14232,1,2026-07-01 17:05:28
14235,1,2026-06-30 22:05:15
14236,1,2026-06-30 21:05:10
14237,4,2026-07-01 17:25:29
14242,5,2026-07-01 17:25:29
14243,1,2026-07-01 14:25:16
14244,3,2026-07-01 17:25:29
14245,1,2026-07-01 10:25:15
14246,2,2026-07-01 17:25:29
14247,5,2026-07-01 17:25:29
14248,2,2026-07-01 17:25:29
14249,2,2026-07-01 17:25:29
14250,4,2026-07-01 17:25:29
14251,3,2026-07-01 17:25:29
14252,1,2026-06-30 08:05:15
14253,1,2026-07-01 17:25:29
14254,1,2026-07-01 17:25:29
14255,3,2026-07-01 17:25:29
14256,3,2026-07-01 15:25:22
14257,1,2026-06-30 13:05:02
14258,2,2026-07-01 17:25:29
14259,1,2026-07-01 17:25:29
14260,1,2026-06-30 12:05:00
14261,2,2026-07-01 17:25:29
14262,2,2026-07-01 17:25:29
14263,1,2026-07-01 08:25:12
14264,2,2026-07-01 17:25:29
14265,1,2026-06-30 21:25:18
14266,4,2026-07-01 17:25:29
14267,2,2026-07-01 17:25:29
14268,1,2026-07-01 17:25:29
14269,2,2026-06-30 08:05:15
14270,3,2026-07-01 17:25:29
14271,2,2026-07-01 17:25:29
14272,4,2026-07-01 17:25:29
14273,2,2026-07-01 17:25:29
14274,1,2026-06-23 03:45:03
14275,1,2026-06-30 10:05:03
14276,2,2026-07-01 17:25:29
14277,2,2026-07-01 17:25:29
14278,1,2026-07-01 17:25:29
14279,3,2026-07-01 17:25:29
14280,2,2026-07-01 17:25:29
14281,1,2026-06-30 05:05:23
14282,1,2026-06-28 22:25:44
14283,1,2026-06-27 16:45:15
14284,1,2026-06-30 08:05:15
14285,1,2026-07-01 06:45:04
14286,1,2026-07-01 17:25:29
14287,1,2026-07-01 17:25:29
14288,1,2026-07-01 17:25:29
14289,1,2026-07-01 04:45:04
14290,1,2026-06-25 16:04:58
14291,1,2026-06-30 19:25:16
14293,1,2026-06-28 14:25:12
14294,1,2026-06-26 20:25:07
14295,2,2026-07-01 17:25:29
14296,1,2026-06-18 04:25:31
14301,1,2026-06-19 14:25:32
14302,2,2026-07-01 17:25:29
14303,1,2026-06-30 22:45:17
14304,1,2026-06-29 01:05:40
14305,1,2026-07-01 17:25:29
14306,1,2026-06-14 21:25:19
14307,1,2026-06-30 19:05:13
14308,1,2026-06-28 09:45:29
14309,1,2026-07-01 09:25:09
14310,1,2026-07-01 17:25:29
14311,1,2026-06-29 11:25:23
14312,1,2026-07-01 17:25:29
14313,1,2026-06-30 21:05:10
14314,1,2026-06-30 11:25:00
14315,1,2026-06-30 13:45:11
14316,1,2026-07-01 08:25:12
14317,1,2026-06-29 21:45:34
14318,1,2026-06-27 20:45:36
14319,1,2026-06-21 00:45:32
14320,1,2026-06-30 10:45:03
14321,4,2026-07-01 17:25:29
14322,1,2026-06-30 09:44:59
14323,2,2026-07-01 17:25:29
14324,1,2026-07-01 17:25:29
14325,1,2026-06-27 04:45:19
14326,1,2026-06-30 19:25:16
14327,1,2026-07-01 17:25:29
14328,4,2026-07-01 17:25:29
14329,1,2026-06-24 08:25:15
14330,1,2026-06-24 23:45:16
14331,1,2026-06-19 23:45:31
14332,1,2026-06-22 00:25:13
14333,1,2026-06-25 22:45:05
14334,1,2026-06-25 21:04:56
14335,1,2026-06-29 21:45:34
14336,1,2026-06-26 16:45:02
14337,1,2026-07-01 15:25:22
14341,2,2026-06-22 14:25:12
14342,1,2026-07-01 17:25:29
14343,145,2026-07-01 17:25:29
14344,98,2026-07-01 17:25:29
14364,1,2026-07-01 14:05:16
14365,1,2026-06-21 19:05:21
14366,1,2026-06-28 08:25:31
14367,1,2026-07-01 17:25:29
14368,1,2026-07-01 14:25:16
14369,1,2026-07-01 07:45:09
14372,2,2026-07-01 17:25:29
14375,1,2026-07-01 17:25:29
14377,1,2026-07-01 01:25:14
14378,1,2026-06-30 23:05:18
14379,2,2026-07-01 17:25:29
14380,1,2026-06-27 00:25:24
14397,1,2026-06-27 11:25:02
14398,1,2026-07-01 17:25:29
14399,1,2026-06-28 15:05:18
14400,1,2026-06-30 13:45:11
14401,1,2026-07-01 17:25:29
14402,1,2026-07-01 17:25:29
14403,1,2026-07-01 17:25:29
14404,2,2026-07-01 17:25:29
14405,1,2026-07-01 17:25:29
14406,1,2026-07-01 17:25:29
14407,2,2026-07-01 17:25:29
14408,1,2026-06-30 13:45:11
14409,1,2026-06-30 21:25:18
14410,1,2026-07-01 12:25:09
14411,1,2026-06-24 13:25:02
14412,1,2026-07-01 17:25:29
14413,1,2026-06-25 23:05:03
14414,1,2026-07-01 17:25:29
14415,1,2026-06-29 22:25:29
14416,1,2026-07-01 16:25:26
14417,3,2026-07-01 17:25:29
14418,1,2026-07-01 17:25:29
14419,1,2026-06-29 05:05:41
14420,1,2026-07-01 17:25:29
14421,4,2026-07-01 17:25:29
14422,1,2026-07-01 17:25:29
14423,2,2026-07-01 17:25:29
14424,1,2026-07-01 17:25:29
14425,1,2026-07-01 02:25:10
14426,2,2026-07-01 17:25:29
14428,1,2026-07-01 07:45:09
14429,2,2026-07-01 17:25:29
14435,4,2026-06-30 08:05:15
14436,1,2026-07-01 17:25:29
14437,1,2026-07-01 06:45:04
14438,3,2026-07-01 17:25:29
14439,2,2026-07-01 17:25:29
14440,4,2026-06-30 08:05:15
14441,2,2026-07-01 17:25:29
14442,3,2026-07-01 17:25:29
14443,1,2026-06-30 22:05:15
14444,1,2026-07-01 04:45:04
14445,2,2026-07-01 17:25:29
14446,2,2026-07-01 17:25:29
14447,2,2026-07-01 17:25:29
14448,1,2026-07-01 17:25:29
14449,1,2026-07-01 06:05:01
14450,1,2026-06-30 21:45:16
14451,1,2026-07-01 15:05:19
14452,1,2026-07-01 17:25:29
14453,2,2026-07-01 17:25:29
14454,2,2026-07-01 17:25:29
14455,1,2026-06-21 06:45:11
14456,1,2026-07-01 06:05:01
14457,1,2026-06-26 12:24:48
14458,2,2026-07-01 17:25:29
14459,1,2026-06-30 04:25:28
14460,1,2026-06-26 20:25:07
14461,1,2026-07-01 17:25:29
14462,1,2026-06-30 19:25:16
14463,1,2026-06-18 03:45:31
14464,1,2026-06-25 21:04:56
14465,1,2026-06-28 08:25:31
14466,2,2026-07-01 17:25:29
14467,2,2026-07-01 17:25:29
14468,3,2026-07-01 17:25:29
14469,4,2026-07-01 17:25:29
14470,3,2026-07-01 17:25:29
14471,1,2026-06-20 16:05:14
14473,1,2026-07-01 17:25:29
14474,6,2026-07-01 17:25:29
14476,1,2026-07-01 17:25:29
14483,1,2026-07-01 17:25:29
14484,3,2026-07-01 17:25:29
14485,1,2026-01-13 09:22:57
14489,3,2026-07-01 17:25:29
14490,1,2026-06-14 12:45:16
14491,5,2026-07-01 17:25:29
14492,1,2026-07-01 17:25:29
14494,2,2026-07-01 17:25:29
14495,3,2026-07-01 17:25:29
14496,3,2026-07-01 17:25:29
14497,1,2026-07-01 17:25:29
14498,2,2026-07-01 17:25:29
14499,8,2026-07-01 17:25:29
14500,1,2026-06-30 01:05:32
14501,1,2026-06-30 16:45:14
14504,5,2026-07-01 17:25:29
14505,1,2026-06-04 05:24:54
14506,3,2026-07-01 17:25:29
14507,1,2026-06-27 00:25:24
14508,1,2026-07-01 17:25:29
14509,1,2026-06-11 11:44:37
14510,1,2026-06-30 19:45:14
14511,1,2026-06-25 20:44:58
14512,1,2026-07-01 11:05:12
14513,2,2026-07-01 17:25:29
14514,1,2026-07-01 17:25:29
14526,1,2026-07-01 17:25:29
14529,6,2026-06-30 14:45:07
14530,78,2026-07-01 17:25:29
14536,1,2026-07-01 05:24:59
14549,7,2026-07-01 17:25:29
14551,2,2026-07-01 17:25:29
14552,1,2026-07-01 17:25:29
14553,2,2026-07-01 17:25:29
14554,1,2026-06-27 15:05:07
14555,1,2026-07-01 17:25:29
14557,1,2026-06-19 19:45:22
14558,1,2026-06-30 09:05:03
14559,1,2026-06-28 00:05:31
14560,1,2026-07-01 07:45:09
14561,1,2026-07-01 17:25:29
14562,1,2026-06-30 16:05:06
14566,1,2026-07-01 01:25:14
14567,1,2026-06-30 20:25:11
14568,1,2026-06-29 22:05:33
14572,1,2026-07-01 17:25:29
14573,1,2026-06-30 20:45:13
14574,1,2026-07-01 06:05:01
14578,1,2026-06-25 22:25:03
14579,1,2026-06-29 17:05:22
14580,1,2026-07-01 17:25:29
14581,1,2026-06-30 09:24:57
14582,1,2026-07-01 17:25:29
14583,1,2026-07-01 01:05:16
14584,1,2026-07-01 17:25:29
14585,2,2026-07-01 17:25:29
14587,1,2026-07-01 17:25:29
14588,2,2026-07-01 17:25:29
14589,1,2026-07-01 17:05:28
14590,1,2026-06-30 17:25:11
14591,1,2026-06-30 08:05:15
14592,2,2026-07-01 17:25:29
14593,1,2026-06-30 22:05:15
14594,1,2026-07-01 00:45:16
14595,2,2026-07-01 17:25:29
14596,1,2026-07-01 17:05:28
14598,1,2026-07-01 17:25:29
14599,3,2026-07-01 17:25:29
14600,1,2026-07-01 17:25:29
14601,1,2026-07-01 17:25:29
14602,1,2026-07-01 17:25:29
14603,2,2026-07-01 17:25:29
14604,4,2026-07-01 17:25:29
14605,4,2026-06-30 08:05:15
14606,1,2026-07-01 17:25:29
14630,3,2026-07-01 17:25:29
14634,5,2026-07-01 17:25:29
14635,1,2026-07-01 17:25:29
14639,2,2026-07-01 17:25:29
14652,1,2026-07-01 15:45:20
14653,2,2026-07-01 17:25:29
14654,1,2026-07-01 16:05:27
14655,1,2026-07-01 17:25:29
14656,4,2026-06-30 08:05:15
14657,4,2026-06-30 08:05:15
14658,1,2026-06-27 03:05:22
14659,3,2026-07-01 17:25:29
14660,3,2026-07-01 17:25:29
14661,3,2026-07-01 17:25:29
14662,1,2026-07-01 17:25:29
14663,4,2026-07-01 17:25:29
14664,2,2026-06-17 01:05:22
14665,2,2026-07-01 17:25:29
14666,1,2026-07-01 08:45:52
14667,1,2026-07-01 13:05:13
14668,1,2026-06-30 21:05:10
14669,2,2026-07-01 17:25:29
14670,1,2026-06-30 16:25:13
14671,1,2026-07-01 17:25:29
14672,1,2026-07-01 17:25:29
14673,1,2026-07-01 03:05:07
14674,1,2026-07-01 17:25:29
14675,1,2026-06-30 05:25:23
14676,1,2026-06-25 01:25:16
14677,1,2026-06-29 19:05:23
14678,3,2026-07-01 17:25:29
14680,1,2026-06-30 07:25:12
14681,1,2026-06-07 16:45:06
14682,1,2026-06-26 14:45:03
14683,1,2026-06-30 08:05:15
14684,1,2026-06-29 21:05:36
14685,1,2026-07-01 06:05:01
14686,1,2026-06-23 04:25:03
14687,1,2026-05-28 06:25:27
14688,1,2026-06-21 04:05:21
14722,1,2026-06-30 03:25:31
14723,1,2026-07-01 17:25:29
14724,1,2026-06-30 22:45:17
14725,1,2026-06-28 02:45:36
14726,1,2026-06-30 17:45:10
14727,1,2026-07-01 12:25:09
14728,2,2026-07-01 17:25:29
14729,1,2026-07-01 17:25:29
14730,1,2026-07-01 01:45:13
14742,1,2026-06-27 20:05:32
14743,1,2026-07-01 13:25:15
14744,1,2026-06-30 17:45:10
14745,2,2026-07-01 17:25:29
14746,4,2026-07-01 17:25:29
14747,1,2026-06-29 02:45:43
14748,1,2026-06-29 13:05:17
14749,1,2026-06-29 10:45:22
14750,1,2026-06-24 16:05:05
14751,1,2026-06-30 14:25:12
14752,1,2026-07-01 17:25:29
14753,1,2026-06-28 22:25:44
14754,1,2026-06-29 00:45:41
14755,2,2026-07-01 17:25:29
14756,1,2026-07-01 17:25:29
14757,1,2026-06-24 19:45:16
14758,1,2026-07-01 17:25:29
14759,1,2026-06-21 19:45:27
14760,2,2026-07-01 17:25:29
14761,1,2026-06-30 20:45:13
14762,1,2026-06-29 20:25:29
14763,1,2026-07-01 11:45:10
14766,1,2026-07-01 17:25:29
14767,1,2026-06-28 14:45:16
14768,1,2026-07-01 17:25:29
14769,2,2026-07-01 17:25:29
14770,1,2026-07-01 17:25:29
14772,3,2026-07-01 17:25:29
14776,1,2026-07-01 17:25:29
14777,3,2026-07-01 17:25:29
14778,2,2026-07-01 17:25:29
14779,4,2026-07-01 17:25:29
14780,1,2026-07-01 15:45:20
14781,1,2026-07-01 17:25:29
14782,1,2026-06-30 21:45:16
14783,2,2026-07-01 17:25:29
14784,1,2026-06-27 04:25:18
14785,1,2026-07-01 17:25:29
14786,5,2026-07-01 17:25:29
14787,1,2026-07-01 17:25:29
14788,1,2026-07-01 17:25:29
14789,1,2026-07-01 17:25:29
14790,1,2026-06-29 04:45:42
14791,1,2026-06-30 18:05:13
14792,1,2026-07-01 17:25:29
14793,1,2026-07-01 17:25:29
14794,3,2026-07-01 17:25:29
14795,2,2026-07-01 17:25:29
14796,2,2026-07-01 17:25:29
14797,1,2026-06-28 13:45:22
14798,4,2026-07-01 17:25:29
14799,2,2026-07-01 17:25:29
14800,1,2026-06-11 16:24:49
14801,2,2026-07-01 17:25:29
14802,2,2026-07-01 17:25:29
14803,2,2026-07-01 17:25:29
14804,1,2026-07-01 17:25:29
14805,4,2026-07-01 17:25:29
14806,2,2026-07-01 17:25:29
14807,1,2026-07-01 17:25:29
14808,1,2026-06-27 04:45:19
14809,1,2026-06-29 21:45:34
14810,1,2026-06-16 19:25:23
14811,1,2026-07-01 17:25:29
14812,1,2026-06-29 13:25:17
14813,1,2026-06-30 00:05:36
14814,1,2026-06-28 07:25:13
14815,1,2026-06-30 08:45:37
14816,1,2026-06-23 21:45:07
14817,1,2026-06-20 18:45:17
14821,1,2026-06-30 08:05:15
14826,1,2026-07-01 17:25:29
14827,2,2026-07-01 17:25:29
14828,3,2026-07-01 17:25:29
14829,1,2026-07-01 12:05:10
14830,1,2026-07-01 09:25:09
14831,1,2026-06-30 15:45:07
14832,1,2026-06-30 21:05:10
14833,1,2026-06-30 06:25:19
14834,3,2026-07-01 17:25:29
14835,1,2026-07-01 16:45:27
14838,1,2026-07-01 17:25:29
14839,2,2026-07-01 17:25:29
14840,1,2026-06-30 05:25:23
14841,3,2026-07-01 17:25:29
14842,4,2026-06-30 08:05:15
14843,4,2026-07-01 17:25:29
14844,1,2026-06-21 23:05:14
14846,1,2026-06-30 09:44:59
14847,2,2026-07-01 17:25:29
14848,1,2026-06-29 11:05:18
14849,1,2026-07-01 10:05:11
14850,1,2026-06-29 03:45:43
14851,1,2026-06-27 09:25:15
14852,2,2026-07-01 17:25:29
14853,2,2026-07-01 17:25:29
14854,1,2026-06-30 09:24:57
14855,2,2026-07-01 17:25:29
14856,1,2026-07-01 17:25:29
14857,1,2026-07-01 17:25:29
14858,6,2026-07-01 17:25:29
14859,1,2026-06-27 13:25:01
14860,1,2026-07-01 09:25:09
14861,2,2026-07-01 17:25:29
14862,1,2026-06-24 20:45:18
14863,1,2026-07-01 15:45:20
14864,1,2026-06-30 04:25:28
14865,1,2026-07-01 17:25:29
14866,1,2026-06-28 18:45:24
14867,1,2026-06-28 12:25:18
14868,3,2026-07-01 17:25:29
14869,1,2026-06-29 05:45:40
14895,1,2026-07-01 17:25:29
14896,1,2026-07-01 03:45:06
14897,1,2026-07-01 17:25:29
14898,1,2026-07-01 17:25:29
14899,5,2026-07-01 17:25:29
14900,1,2026-07-01 03:45:06
14901,1,2026-07-01 01:25:14
14902,2,2026-06-30 08:05:15
14903,1,2026-07-01 17:25:29
14904,1,2026-06-23 17:45:06
14905,1,2026-06-24 03:05:27
14906,1,2026-06-30 08:05:15
14907,3,2026-07-01 17:25:29
14908,1,2026-07-01 17:25:29
14909,1,2026-06-30 21:05:10
14910,4,2026-07-01 17:25:29
14911,1,2026-07-01 14:05:16
14916,1,2026-06-23 20:45:16
14918,2,2026-07-01 17:25:29
14919,1,2026-06-26 11:24:55
14920,2,2026-07-01 17:25:29
14921,2,2026-07-01 17:25:29
14922,1,2026-06-29 19:45:25
14923,1,2026-06-29 04:05:43
14924,2,2026-07-01 17:25:29
14925,1,2026-06-19 22:45:31
14926,1,2026-06-29 13:25:17
14927,1,2026-06-30 21:25:18
14928,1,2026-07-01 15:25:22
14929,1,2026-07-01 11:45:10
14930,1,2026-06-30 08:05:15
14931,1,2026-06-27 04:25:18
14932,3,2026-07-01 17:25:29
14933,1,2026-06-19 17:05:26
14934,1,2026-06-25 00:05:13
14935,1,2026-06-28 01:45:33
14936,1,2026-07-01 17:25:29
14937,1,2026-06-24 15:45:02
14938,1,2026-06-24 20:25:17
14939,1,2026-07-01 17:05:28
14940,2,2026-07-01 17:25:29
14941,1,2026-07-01 17:25:29
14942,4,2026-06-30 08:05:15
14943,1,2026-07-01 17:25:29
14944,3,2026-07-01 17:25:29
14945,1,2026-07-01 17:25:29
14946,1,2026-07-01 17:25:29
14947,1,2026-06-30 08:05:15
14948,1,2026-06-30 17:25:11
14949,4,2026-07-01 17:25:29
14950,1,2026-07-01 17:25:29
14951,1,2026-07-01 17:25:29
14952,1,2026-07-01 05:05:03
14953,1,2026-07-01 17:25:29
14954,1,2026-07-01 17:25:29
14955,1,2026-07-01 17:25:29
14956,1,2026-07-01 14:25:16
14957,1,2026-06-29 13:25:17
14958,1,2026-06-28 19:25:29
14959,1,2026-07-01 17:25:29
14960,1,2026-07-01 02:05:11
14962,1,2026-06-29 14:45:19
14963,1,2026-06-23 22:05:06
14968,1,2026-06-30 02:25:27
14969,1,2026-07-01 15:45:20
14970,1,2026-07-01 17:25:29
14971,2,2026-07-01 17:25:29
14972,1,2026-07-01 17:25:29
14973,1,2026-06-30 00:05:36
14974,1,2026-07-01 09:25:09
14975,1,2026-06-24 22:05:16
14976,1,2026-07-01 15:25:22
14977,1,2026-07-01 16:45:27
14978,1,2026-06-13 22:05:17
14979,1,2026-06-08 08:25:12
14980,1,2026-06-10 04:05:10
14981,1,2026-06-28 08:25:31
14982,1,2026-06-29 13:45:17
14983,1,2026-07-01 17:25:29
15004,1,2026-05-30 12:25:14
15005,2,2026-07-01 17:25:29
15006,1,2026-06-21 18:25:19
15007,1,2026-06-29 09:05:34
15008,1,2026-05-30 12:25:14
15009,1,2026-06-29 18:45:21
15010,1,2026-06-30 04:45:26
15011,1,2026-06-29 10:45:22
15012,1,2026-06-30 20:25:11
15013,1,2026-06-21 21:25:14
15014,1,2026-06-27 23:25:28
15015,1,2026-07-01 17:25:29
15016,1,2026-07-01 17:25:29
15017,1,2026-06-30 00:05:36
15018,1,2026-06-26 16:24:57
15019,1,2026-07-01 17:25:29
15045,1,2026-04-27 18:43:47
15046,1,2026-05-11 05:45:01
15051,1,2026-06-01 06:05:29
15062,1,2026-06-06 01:45:06
15063,1,2026-06-01 03:25:40
15065,1,2026-07-01 17:25:29
15069,1,2026-06-03 11:45:06
15074,1,2025-11-15 02:22:35
15075,4,2026-07-01 17:25:29
15077,5,2026-07-01 17:25:29
15080,1,2026-06-27 21:25:34
15082,1,2026-02-24 11:22:34
15083,4,2026-07-01 01:25:14
15084,41,2026-07-01 17:25:29
15086,15,2026-06-27 23:25:28
15087,2,2026-06-21 00:25:29
15088,11,2026-06-27 23:25:28
15091,6,2026-07-01 17:25:29
15092,26,2026-07-01 17:25:29
15093,7,2026-07-01 17:25:29
15094,1,2026-06-29 19:05:23
15110,1,2026-07-01 03:05:07
15111,1,2026-07-01 14:05:16
15112,1,2026-06-29 19:05:23
15113,1,2026-06-30 18:45:13
15114,1,2026-07-01 17:05:28
15115,2,2026-07-01 17:25:29
15116,1,2026-07-01 17:25:29
15117,2,2026-07-01 17:25:29
15118,2,2026-07-01 17:25:29
15119,1,2026-07-01 17:25:29
15120,1,2026-07-01 07:05:06
15121,1,2026-06-30 06:05:19
15122,1,2026-07-01 17:25:29
15123,1,2026-06-29 03:45:43
15124,3,2026-07-01 17:25:29
15125,1,2026-07-01 11:45:10
15126,1,2026-06-30 18:25:13
15127,2,2026-07-01 17:25:29
15128,1,2026-07-01 09:45:12
15135,1,2026-07-01 17:25:29
15136,1,2026-06-27 12:05:03
15137,2,2026-07-01 17:25:29
15138,1,2026-05-09 01:45:10
15139,1,2026-07-01 16:25:26
15140,1,2026-07-01 08:05:07
15142,1,2026-06-27 08:45:58
15143,1,2026-07-01 16:25:26
15144,1,2026-07-01 17:25:29
15145,1,2026-07-01 17:25:29
15146,1,2026-07-01 11:05:12
15147,1,2026-07-01 17:25:29
15148,1,2026-06-30 09:24:57
15149,1,2026-07-01 17:25:29
15150,1,2026-06-27 21:05:33
15151,1,2026-06-30 20:25:11
15152,3,2026-07-01 17:25:29
15153,1,2026-06-30 09:44:59
15154,1,2026-06-27 20:05:32
15155,3,2026-07-01 17:25:29
15156,4,2026-07-01 17:25:29
15157,4,2026-07-01 17:25:29
15158,1,2026-07-01 17:25:29
15159,2,2026-07-01 17:25:29
15160,1,2026-07-01 17:05:28
15161,4,2026-06-30 08:05:15
15162,2,2026-07-01 17:25:29
15163,3,2026-07-01 17:25:29
15164,5,2026-07-01 17:25:29
15165,4,2026-06-30 08:05:15
15166,3,2026-07-01 17:25:29
15167,3,2026-07-01 17:25:29
15168,2,2026-07-01 17:25:29
15169,3,2026-07-01 17:25:29
15170,1,2026-07-01 17:25:29
15171,1,2026-06-30 19:45:14
15172,1,2026-07-01 00:25:17
15173,3,2026-07-01 17:25:29
15174,1,2026-06-30 08:05:15
15175,1,2026-07-01 10:25:15
15176,3,2026-07-01 17:25:29
15177,3,2026-07-01 17:25:29
15178,4,2026-07-01 17:25:29
15179,2,2026-07-01 17:25:29
15180,1,2026-07-01 17:25:29
15182,1,2026-07-01 17:25:29
15183,1,2026-07-01 17:25:29
15184,1,2026-06-29 09:25:32
15186,1,2026-06-22 23:05:03
15187,1,2026-07-01 17:25:29
15189,1,2026-06-26 20:25:07
15190,1,2026-07-01 17:25:29
15194,1,2026-06-14 06:45:10
15195,2,2026-07-01 17:25:29
15210,4,2026-07-01 17:25:29
15211,3,2026-07-01 17:25:29
15212,1,2026-07-01 13:45:14
15213,1,2026-06-28 22:05:43
15214,1,2026-07-01 17:25:29
15215,2,2026-07-01 17:25:29
15216,1,2026-06-30 13:05:02
15217,2,2026-07-01 17:25:29
15218,1,2026-07-01 17:25:29
15219,1,2026-06-27 21:45:26
15220,1,2026-06-24 08:05:19
15221,1,2026-06-18 10:45:25
15222,1,2026-07-01 17:25:29
15223,2,2026-07-01 17:25:29
15224,1,2026-07-01 17:25:29
15225,3,2026-07-01 17:25:29
15226,2,2026-07-01 17:25:29
15227,2,2026-07-01 17:25:29
15228,1,2026-06-30 23:45:20
15229,1,2026-07-01 17:25:29
15230,3,2026-07-01 17:25:29
15231,1,2026-06-26 02:04:58
15232,3,2026-07-01 17:25:29
15233,1,2026-06-30 11:05:02
15234,1,2026-07-01 17:25:29
15239,1,2026-06-27 21:05:33
15241,1,2026-06-30 22:45:17
15242,1,2026-07-01 17:25:29
15243,1,2026-06-30 21:25:18
15244,4,2026-07-01 17:25:29
15245,3,2026-07-01 17:25:29
15246,1,2026-06-18 13:05:37
15247,1,2026-07-01 17:25:29
15248,1,2026-07-01 17:25:29
15249,4,2026-07-01 17:25:29
15250,2,2026-07-01 17:25:29
15251,2,2026-07-01 17:25:29
15252,2,2026-07-01 17:25:29
15253,2,2026-07-01 17:25:29
15254,1,2026-07-01 17:25:29
15255,1,2026-06-29 16:45:18
15256,1,2026-06-25 00:05:13
15257,3,2026-07-01 17:25:29
15258,1,2026-06-26 11:24:55
15259,1,2026-07-01 17:25:29
15260,1,2026-07-01 17:25:29
15261,2,2026-07-01 17:25:29
15262,2,2026-07-01 17:25:29
15263,1,2026-07-01 17:25:29
15264,1,2026-07-01 17:25:29
15265,2,2026-07-01 17:25:29
15266,2,2026-06-27 19:25:31
15267,1,2026-07-01 15:45:20
15268,1,2026-07-01 17:25:29
15269,6,2026-07-01 17:25:29
15270,1,2026-07-01 17:25:29
15271,1,2026-07-01 11:05:12
15272,1,2026-06-28 09:25:34
15273,1,2026-06-26 10:24:57
15274,2,2026-07-01 17:25:29
15275,1,2026-06-30 21:05:10
15276,1,2026-07-01 17:25:29
15278,1,2026-06-30 13:45:11
15279,1,2026-06-29 19:05:23
15280,2,2026-07-01 17:25:29
15281,1,2026-07-01 11:25:09
15282,1,2026-06-27 21:05:33
15283,1,2026-06-30 14:45:07
15284,2,2026-07-01 17:25:29
15285,1,2026-06-30 18:45:13
15286,1,2026-07-01 17:25:29
15287,1,2026-06-26 23:45:21
15288,1,2026-07-01 17:25:29
15289,1,2026-06-26 11:24:55
15291,1,2026-06-29 04:25:39
15300,1,2026-07-01 16:05:27
15301,1,2026-06-29 08:25:37
15302,1,2026-02-24 21:42:36
15303,1,2026-07-01 17:25:29
15304,1,2026-06-29 16:45:18
15305,1,2026-07-01 04:05:11
15306,1,2026-06-29 10:45:22
15307,1,2026-06-28 02:45:36
15308,1,2026-06-27 03:25:23
15309,1,2026-07-01 17:25:29
15310,1,2026-07-01 17:25:29
15311,2,2026-07-01 17:25:29
15312,1,2026-07-01 17:25:29
15313,1,2026-07-01 17:25:29
15322,6,2026-07-01 17:25:29
15323,3,2026-07-01 17:25:29
15324,1,2026-06-23 15:05:02
15325,1,2026-07-01 12:45:09
15329,1,2026-06-30 16:05:06
15330,1,2026-07-01 15:45:20
15331,1,2026-07-01 17:25:29
15332,1,2026-07-01 17:25:29
15333,1,2026-07-01 17:25:29
15334,1,2026-07-01 17:25:29
15336,1,2026-07-01 17:25:29
15337,1,2026-06-30 19:25:16
15338,1,2026-06-29 10:45:22
15339,1,2026-06-29 05:25:40
15340,1,2026-07-01 17:25:29
15341,1,2026-06-28 08:05:15
15342,1,2026-06-20 03:25:27
15343,1,2026-06-30 16:25:13
15344,1,2026-06-30 13:05:02
15345,1,2026-06-30 16:25:13
15346,1,2026-06-29 08:05:36
15347,1,2026-07-01 17:25:29
15348,1,2026-06-28 13:05:18
15349,1,2026-07-01 17:25:29
15350,2,2026-07-01 17:25:29
15351,1,2026-06-24 02:25:26
15352,1,2026-06-29 20:05:26
15353,1,2026-07-01 17:25:29
15354,1,2026-07-01 17:25:29
15355,1,2026-07-01 17:25:29
15357,2,2026-07-01 17:25:29
15358,1,2026-07-01 17:25:29
15359,1,2026-07-01 17:25:29
15362,1,2026-07-01 17:25:29
15363,3,2026-07-01 17:25:29
15364,3,2026-07-01 17:25:29
15368,1,2026-06-29 10:45:22
15369,3,2026-07-01 17:25:29
15370,2,2026-07-01 17:25:29
15371,2,2026-07-01 17:25:29
15372,2,2026-07-01 17:25:29
15373,2,2026-07-01 17:25:29
15374,5,2026-07-01 17:25:29
15375,4,2026-07-01 17:25:29
15376,7,2026-07-01 17:25:29
15377,2,2026-07-01 17:25:29
15378,1,2026-07-01 17:25:29
15379,3,2026-06-30 08:05:15
15380,2,2026-07-01 17:25:29
15381,1,2026-07-01 17:25:29
15382,1,2026-07-01 17:25:29
15383,3,2026-07-01 17:25:29
15384,1,2026-06-30 21:05:10
15385,2,2026-07-01 17:25:29
15386,2,2026-07-01 17:25:29
15387,1,2026-07-01 17:25:29
15388,1,2026-07-01 04:05:11
15389,1,2026-07-01 17:25:29
15390,1,2026-06-22 12:05:06
15391,1,2026-07-01 12:45:09
15392,4,2026-07-01 17:25:29
15393,1,2026-07-01 17:25:29
15394,1,2026-07-01 17:25:29
15395,1,2026-06-27 20:25:34
15407,20,2026-07-01 15:05:19
15408,72,2026-07-01 17:25:29
15409,10,2026-07-01 17:25:29
15410,3,2026-06-25 18:45:06
15412,46,2026-07-01 17:25:29
15414,22,2026-07-01 17:25:29
15416,1,2026-06-30 13:05:02
15425,1,2026-06-30 21:25:18
15426,1,2026-06-19 21:05:40
15427,2,2026-07-01 17:25:29
15428,1,2026-06-28 16:25:20
15429,1,2026-07-01 17:25:29
15430,1,2026-07-01 17:25:29
15431,1,2026-06-24 20:45:18
15432,1,2026-07-01 17:25:29
15433,1,2026-07-01 06:25:02
15434,1,2026-06-12 13:04:52
15435,1,2026-06-19 20:45:43
15436,1,2026-06-30 10:05:03
15437,1,2026-07-01 17:25:29
15438,1,2026-06-21 12:25:12
15439,1,2026-07-01 06:25:02
15440,1,2026-07-01 17:25:29
15441,1,2026-06-12 13:04:52
15442,1,2026-06-27 04:45:19
15472,1,2026-07-01 17:25:29
15473,1,2026-07-01 17:25:29
15474,1,2026-06-30 04:45:26
15475,1,2026-07-01 17:25:29
15476,1,2026-06-19 07:25:40
15477,1,2026-07-01 17:25:29
15478,1,2026-06-25 19:25:00
15479,1,2026-06-30 01:45:28
15480,1,2026-06-28 07:25:13
15481,1,2026-06-25 04:25:03
15482,1,2026-06-26 14:45:03
15483,3,2026-07-01 17:25:29
15484,1,2026-07-01 03:45:06
15485,2,2026-07-01 17:25:29
15486,2,2026-07-01 17:25:29
15487,2,2026-07-01 17:25:29
15488,1,2026-07-01 08:25:12
15489,1,2026-07-01 17:25:29
15490,1,2026-06-30 23:25:21
15491,1,2026-07-01 12:45:09
15492,1,2026-06-29 18:05:25
15493,1,2026-06-28 15:05:18
15494,1,2026-07-01 02:45:11
15495,1,2026-06-29 18:05:25
15496,5,2026-07-01 17:25:29
15497,1,2026-06-30 09:24:57
15498,1,2026-06-27 21:25:34
15499,1,2026-06-27 21:45:26
15500,1,2026-07-01 13:05:13
15501,1,2026-07-01 15:05:19
15502,1,2026-06-29 01:05:40
15503,1,2026-07-01 17:25:29
15504,1,2026-07-01 16:05:27
15505,2,2026-07-01 17:25:29
15506,1,2026-07-01 17:25:29
15507,1,2026-06-28 17:45:22
15508,1,2026-07-01 17:25:29
15509,1,2026-06-29 01:05:40
15510,1,2026-07-01 12:45:09
15513,1,2026-06-29 20:25:29
15517,1,2026-07-01 17:25:29
15518,2,2026-06-25 14:25:04
15519,1,2026-06-30 13:45:11
15520,1,2026-06-30 19:05:13
15521,1,2026-07-01 17:25:29
15522,1,2026-06-30 17:25:11
15523,1,2026-07-01 17:25:29
15524,1,2026-07-01 17:25:29
15525,1,2026-06-28 17:05:29
15526,1,2026-07-01 14:05:16
15527,2,2026-07-01 17:25:29
15528,3,2026-07-01 17:25:29
15529,2,2026-07-01 17:25:29
15530,1,2026-06-25 18:05:07
15531,1,2026-06-29 21:45:34
15532,1,2026-07-01 09:25:09
15533,1,2026-06-29 04:05:43
15534,1,2026-06-27 13:44:59
15535,1,2026-07-01 17:25:29
15536,3,2026-07-01 17:25:29
15537,1,2026-06-30 10:05:03
15538,1,2026-07-01 01:45:13
15539,1,2026-07-01 17:25:29
15540,3,2026-07-01 17:25:29
15541,1,2026-07-01 17:25:29
15542,1,2026-06-29 23:45:35
15543,1,2026-06-28 13:05:18
15544,1,2026-06-30 06:05:19
15545,1,2026-07-01 17:25:29
15546,2,2026-07-01 17:25:29
15547,2,2026-07-01 17:25:29
15548,1,2026-07-01 17:25:29
15549,1,2026-07-01 17:25:29
15550,1,2026-07-01 02:25:10
15551,1,2026-06-27 04:25:18
15553,1,2026-07-01 03:05:07
15554,1,2026-07-01 17:25:29
15559,1,2026-06-30 21:25:18
15560,2,2026-07-01 17:25:29
15561,1,2026-07-01 03:25:06
15562,1,2026-07-01 17:25:29
15563,1,2026-07-01 17:25:29
15564,13,2026-07-01 17:25:29
15565,1,2026-06-30 20:45:13
15566,1,2026-07-01 16:45:27
15567,1,2026-06-27 16:05:10
15568,1,2026-07-01 17:25:29
15569,1,2026-07-01 17:25:29
15570,1,2026-07-01 13:45:14
15571,1,2026-06-28 20:25:34
15572,1,2026-07-01 17:25:29
15573,1,2026-06-30 00:25:34
15574,1,2026-07-01 17:25:29
15575,1,2026-06-30 00:25:34
15576,1,2026-06-22 15:25:12
15577,2,2026-07-01 17:25:29
15578,2,2026-07-01 17:25:29
15579,2,2026-07-01 17:25:29
15580,3,2026-06-30 08:05:15
15581,2,2026-07-01 17:25:29
15582,1,2026-07-01 17:25:29
15583,2,2026-07-01 17:25:29
15584,3,2026-06-30 08:05:15
15589,1,2026-06-30 22:45:17
15590,1,2026-07-01 17:25:29
15591,2,2026-07-01 17:25:29
15592,2,2026-07-01 17:25:29
15593,2,2026-07-01 17:25:29
15594,1,2026-07-01 14:25:16
15595,2,2026-07-01 17:25:29
15596,3,2026-06-30 08:05:15
15597,2,2026-07-01 17:25:29
15598,1,2026-06-26 23:45:21
15599,1,2026-07-01 17:25:29
15601,1,2026-07-01 14:25:16
15602,1,2026-07-01 08:05:07
15603,1,2026-07-01 12:45:09
15604,2,2026-07-01 17:25:29
15605,4,2026-07-01 17:25:29
15606,3,2026-07-01 17:25:29
15607,2,2026-07-01 17:25:29
15608,3,2026-07-01 17:25:29
15609,1,2026-06-30 08:05:15
15610,2,2026-07-01 17:25:29
15611,2,2026-07-01 17:25:29
15612,1,2026-07-01 17:25:29
15616,1,2026-06-30 03:45:28
15618,6,2026-07-01 17:25:29
15619,2,2026-07-01 14:25:16
15620,4,2026-07-01 17:25:29
15621,1,2026-07-01 17:25:29
15622,1,2026-07-01 06:45:04
15623,1,2026-06-30 08:05:15
15624,1,2026-07-01 17:25:29
15625,2,2026-07-01 17:25:29
15626,1,2026-07-01 09:25:09
15627,2,2026-07-01 17:25:29
15628,4,2026-07-01 17:25:29
15629,2,2026-07-01 17:25:29
15630,2,2026-07-01 17:25:29
15631,1,2026-06-26 23:45:21
15632,4,2026-07-01 17:25:29
15633,2,2026-07-01 17:25:29
15634,1,2026-07-01 17:25:29
15635,2,2026-07-01 17:25:29
15636,1,2026-07-01 17:25:29
15637,1,2026-07-01 17:25:29
15638,1,2026-07-01 17:25:29
15639,1,2026-06-25 12:44:59
15640,1,2026-07-01 17:25:29
15641,1,2026-06-26 10:24:57
15642,1,2026-06-27 00:25:24
15643,2,2026-07-01 17:25:29
15644,1,2026-07-01 02:45:11
15645,1,2026-07-01 17:25:29
15646,1,2026-06-30 11:25:00
15647,1,2026-06-27 09:45:13
15648,1,2026-06-27 19:25:31
15649,1,2026-07-01 17:25:29
15650,1,2026-06-28 07:05:13
15651,2,2026-07-01 17:25:29
15652,1,2026-06-18 23:05:40
15653,1,2026-07-01 17:25:29
15654,1,2026-07-01 17:25:29
15655,1,2026-07-01 15:25:22
15656,1,2026-06-23 12:25:00
15657,1,2026-06-27 00:25:24
15658,1,2026-06-27 04:45:19
15659,1,2026-07-01 17:25:29
15660,1,2026-07-01 17:25:29
15661,1,2026-06-30 13:05:02
15663,1,2026-06-21 07:45:07
15666,1,2026-06-23 02:05:05
15670,2,2026-06-21 20:25:17
15671,1,2026-06-26 02:04:58
15672,1,2026-07-01 15:25:22
15673,1,2026-06-15 23:25:50
15674,1,2026-06-28 13:45:22
15675,1,2026-06-19 20:45:43
15676,1,2026-07-01 17:25:29
15677,1,2026-06-30 06:05:19
15678,1,2026-07-01 17:25:29
15679,1,2026-06-30 07:25:12
15680,1,2026-07-01 15:25:22
15681,1,2026-07-01 17:25:29
15682,1,2026-06-14 01:45:18
15683,1,2026-07-01 16:45:27
15684,1,2026-06-23 21:25:09
15685,1,2026-06-28 13:45:22
15686,1,2026-06-30 07:25:12
15687,1,2026-07-01 17:25:29
15693,1,2026-06-27 07:25:18
15694,1,2026-07-01 17:25:29
15724,1,2026-07-01 17:25:29
15725,1,2026-07-01 17:25:29
15726,1,2026-07-01 17:25:29
15727,1,2026-06-22 13:25:11
15728,1,2026-06-10 05:45:02
15729,1,2026-07-01 17:25:29
15731,1,2026-07-01 17:25:29
15732,1,2026-07-01 17:25:29
15733,1,2026-06-30 23:05:18
15734,1,2026-07-01 17:25:29
15735,1,2026-07-01 17:25:29
15737,2,2026-07-01 17:25:29
15738,1,2026-06-15 10:05:17
15739,1,2026-06-26 22:25:14
15741,2,2026-07-01 17:25:29
15742,1,2026-07-01 17:25:29
15743,1,2026-07-01 17:25:29
15744,2,2026-06-30 02:45:28
15746,2,2026-07-01 17:25:29
15747,4,2026-07-01 17:25:29
15748,2,2026-07-01 17:25:29
15755,2,2026-07-01 17:25:29
15757,2,2026-07-01 17:25:29
15758,1,2026-07-01 17:25:29
15759,3,2026-07-01 17:25:29
15760,1,2026-07-01 17:25:29
15761,6,2026-07-01 17:25:29
15762,2,2026-07-01 17:25:29
15763,1,2026-06-30 23:05:18
15764,1,2026-06-15 23:05:49
15765,5,2026-07-01 17:25:29
15768,1,2026-06-28 19:45:30
15770,2,2026-07-01 17:25:29
15772,1,2026-07-01 17:25:29
15773,3,2026-07-01 17:25:29
15774,1,2026-07-01 08:05:07
15775,10,2026-07-01 17:25:29
15776,1,2026-07-01 17:25:29
15777,1,2026-06-29 20:45:33
15779,2,2026-06-28 00:45:32
15781,1,2026-07-01 00:45:16
15794,1,2026-06-08 20:05:32
15808,2,2026-06-12 11:04:56
15846,3,2026-07-01 17:25:29
15869,1,2026-07-01 17:25:29
15870,4,2026-06-27 14:05:03
15871,3,2026-07-01 17:25:29
15872,6,2026-02-23 03:22:43
15887,1,2026-06-26 04:24:59
15890,1,2026-06-26 09:24:51
15891,1,2026-07-01 16:05:27
15892,1,2026-07-01 07:05:06
15893,1,2026-06-30 20:25:11
15894,1,2026-07-01 14:05:16
15895,1,2026-07-01 17:25:29
15903,1,2026-04-24 21:43:24
15905,1,2026-05-31 20:25:27
15907,1,2026-04-24 21:43:24
15912,3,2026-07-01 17:25:29
15918,1,2026-07-01 02:45:11
15925,11,2026-07-01 17:25:29
15927,2,2026-07-01 17:25:29
15932,1,2026-07-01 15:45:20
15933,2,2026-07-01 17:25:29
15934,1,2026-07-01 17:25:29
15935,1,2026-06-30 13:05:02
15936,2,2026-07-01 17:25:29
15937,2,2026-07-01 17:25:29
15938,1,2026-07-01 04:05:11
15939,1,2026-07-01 17:25:29
15940,1,2026-05-13 21:45:15
15941,1,2026-06-27 04:45:19
15942,1,2026-06-26 12:24:48
15943,1,2026-06-27 04:25:18
15944,1,2026-07-01 17:25:29
15945,1,2026-07-01 01:05:16
15946,4,2026-07-01 17:25:29
15947,1,2026-07-01 17:25:29
15962,1,2026-07-01 17:25:29
15963,1,2026-07-01 08:25:12
15964,1,2026-07-01 17:25:29
15965,4,2026-07-01 17:25:29
15966,1,2026-06-30 02:05:27
15967,1,2026-06-30 10:05:03
15968,1,2026-06-20 18:45:17
15969,1,2026-06-30 14:25:12
15970,1,2026-06-29 09:25:32
15972,1,2026-07-01 15:25:22
15973,1,2026-06-26 22:45:15
15974,1,2026-07-01 12:45:09
15975,1,2026-06-27 15:05:07
15976,2,2026-07-01 17:25:29
15977,1,2026-07-01 17:25:29
15978,4,2026-07-01 17:25:29
15979,2,2026-07-01 17:25:29
15980,8,2026-07-01 17:25:29
15981,1,2026-07-01 17:25:29
15982,1,2026-07-01 17:25:29
15983,1,2026-06-29 11:05:18
15988,1,2026-06-18 18:05:22
15989,1,2026-07-01 17:25:29
15990,1,2026-07-01 17:25:29
15991,1,2026-06-27 04:25:18
15992,211,2026-07-01 17:25:29
15993,99,2026-07-01 17:25:29
15994,182,2026-07-01 17:25:29
15995,1,2026-06-03 00:05:15
15996,2,2026-07-01 17:25:29
15997,3800,2026-06-30 23:25:21
15999,2,2026-05-31 19:45:28
16000,20,2026-07-01 17:25:29
16006,19,2026-07-01 17:25:29
16022,1,2026-02-25 18:22:41
16039,1,2026-07-01 01:05:16
16040,6,2026-05-19 22:05:31
16043,4,2026-07-01 17:25:29
16044,5,2026-07-01 17:25:29
16045,3,2026-07-01 17:25:29
16046,4,2026-07-01 17:25:29
16048,1,2026-06-30 14:45:07
16049,1,2026-06-25 00:45:11
16050,2,2026-07-01 17:25:29
16051,4,2026-07-01 17:25:29
16052,2,2026-07-01 17:25:29
16053,1,2026-07-01 16:25:26
16054,1,2026-06-15 16:45:15
16055,6,2026-07-01 17:25:29
16056,1,2026-06-17 00:45:20
16059,3,2026-07-01 17:25:29
16060,4,2026-07-01 17:25:29
16110,5,2026-07-01 17:25:29
16111,2,2026-07-01 17:25:29
16202,235,2026-07-01 17:25:29
16203,102,2026-07-01 17:25:29
16204,254,2026-07-01 17:25:29
16206,14,2026-07-01 17:25:29
16214,1,2026-07-01 02:25:10
16215,2,2026-07-01 17:25:29
16221,6,2026-07-01 17:25:29
16222,1,2026-06-22 15:45:12
16223,1,2026-07-01 17:25:29
16224,4,2026-07-01 17:25:29
16242,1,2026-07-01 07:25:03
16243,5,2026-07-01 17:25:29
16244,1,2026-07-01 17:25:29
16245,5,2026-07-01 17:25:29
16246,1,2026-06-17 05:25:20
16247,15,2026-07-01 17:25:29
16248,3,2026-07-01 17:25:29
16249,1,2026-06-23 13:45:01
16250,5,2026-07-01 17:25:29
16251,3,2026-07-01 17:25:29
16252,6,2026-07-01 17:25:29
16253,19,2026-07-01 17:25:29
16254,1,2026-06-25 03:45:13
16255,2,2026-07-01 07:45:09
16671,6,2026-07-01 17:25:29
16672,1,2026-06-30 09:44:59
16673,1,2026-07-01 17:25:29
16676,1,2026-07-01 17:25:29
16680,1,2026-07-01 17:25:29
16683,1,2026-06-29 06:25:39
16684,4,2026-07-01 17:25:29
16685,2,2026-07-01 17:25:29
16705,1,2026-07-01 17:25:29
16710,2,2026-07-01 17:25:29
16712,1,2026-06-28 21:45:42
16713,1,2026-07-01 17:25:29
16714,1,2026-07-01 17:25:29
16716,1,2026-07-01 16:25:26
16717,2,2026-07-01 17:25:29
16722,2,2026-07-01 17:25:29
16723,2,2026-07-01 17:25:29
16724,1,2026-06-14 11:45:17
16735,1,2026-06-30 17:45:10
16736,10,2026-07-01 17:25:29
16737,6,2026-07-01 17:25:29
16748,1,2026-06-18 17:05:25
16766,50,2026-06-14 03:25:12
16767,1,2026-07-01 17:25:29
16799,1,2026-06-29 21:05:36
16802,2,2026-07-01 17:25:29
16804,1,2026-06-29 21:25:40
16806,1,2026-06-12 14:24:47
16817,1,2026-06-18 18:05:22
16819,2,2026-07-01 17:25:29
16825,1,2026-06-26 00:05:03
16827,1,2026-06-19 19:45:22
16828,1,2026-06-21 19:25:20
16830,1,2026-06-29 21:05:36
16838,1,2026-06-19 11:45:26
16840,1,2026-07-01 17:25:29
16850,1,2026-07-01 17:25:29
16851,1,2026-06-22 02:45:09
16857,1,2026-07-01 17:25:29
16858,1,2026-06-21 07:25:11
16861,1,2026-07-01 09:45:12
16864,1,2026-07-01 09:45:12
17007,3,2026-07-01 17:25:29
17011,24,2026-07-01 17:25:29
17012,26,2026-07-01 17:25:29
17021,3,2026-07-01 17:25:29
17026,38,2026-07-01 17:25:29
17028,3,2026-07-01 17:25:29
17029,9,2026-05-28 21:25:22
17031,2,2026-06-10 17:24:43
17032,2,2026-07-01 17:25:29
17034,20,2026-07-01 17:25:29
17035,22,2026-07-01 17:25:29
17036,20,2026-06-07 23:25:21
17037,1,2026-07-01 17:25:29
17038,1,2026-07-01 17:25:29
17050,1,2026-06-01 17:05:17
17054,1,2026-07-01 17:25:29
17055,1,2026-05-29 19:05:21
17056,181,2026-07-01 17:25:29
17057,46,2026-07-01 17:25:29
17058,46,2026-07-01 17:25:29
17061,1,2026-07-01 17:25:29
17062,7,2026-07-01 17:25:29
17119,10,2026-06-27 21:05:33
17186,1,2026-05-20 13:25:19
17188,1,2026-01-30 09:02:24
17192,2,2026-06-16 00:45:45
17194,20,2026-07-01 17:25:29
17196,5,2026-05-23 01:05:39
17197,5,2026-01-01 19:02:51
17198,9,2025-12-19 19:22:36
17201,3,2026-07-01 17:25:29
17202,321,2026-07-01 17:25:29
17303,10,2026-06-04 04:24:54
17404,1,2025-12-26 01:42:27
17413,3,2026-07-01 17:25:29
17414,8,2026-07-01 17:25:29
17682,3,2026-07-01 17:25:29
17683,4,2026-07-01 17:25:29
17706,1,2026-06-28 06:25:15
17709,1,2026-01-18 01:42:37
17720,1,2026-07-01 17:25:29
17722,1,2026-07-01 17:25:29
17723,1,2026-07-01 17:25:29
17724,1,2026-07-01 17:25:29
17725,2,2026-07-01 17:25:29
17747,1,2026-02-22 20:22:53
17771,4,2026-07-01 17:25:29
17922,1,2026-06-25 06:44:57
18222,1,2026-05-14 09:06:03
18223,2,2026-06-27 15:45:14
18224,2,2026-06-29 08:05:36
18228,1,2026-06-14 23:05:15
18231,1,2025-11-16 15:02:50
18232,2,2026-06-29 22:45:29
18238,1,2026-06-17 04:25:19
18239,1,2026-07-01 17:25:29
18253,1,2026-06-24 17:25:12
18254,14,2026-06-23 07:45:07
18255,8,2026-06-22 14:05:13
18256,37,2026-07-01 17:25:29
18257,1,2026-06-05 18:25:14
18259,1,2026-05-19 23:45:36
18260,1,2026-05-28 12:05:18
18262,1,2026-05-08 09:44:58
18265,1,2026-05-27 22:25:42
18283,1,2025-11-15 01:22:35
18285,1,2026-05-09 21:44:47
18286,2,2026-05-09 21:44:47
18289,1,2026-07-01 17:25:29
18295,1,2026-06-28 15:25:23
18296,1,2026-07-01 12:05:10
18298,1,2026-06-29 14:45:19
18334,2,2026-07-01 17:25:29
18338,1,2026-06-27 05:45:22
18339,1,2026-05-02 18:44:25
18340,1,2026-06-28 14:25:12
18343,1,2026-05-10 10:04:44
18344,1,2026-06-18 04:45:30
18365,1,2026-07-01 09:25:09
18414,1,2026-06-06 16:45:04
18487,1,2026-06-20 14:25:06
18510,1,2025-12-23 02:42:48
18512,5,2026-07-01 17:25:29
18517,1,2026-06-23 09:44:59
18518,1,2026-06-24 02:25:26
18519,1,2026-06-20 22:05:27
18562,2,2026-07-01 17:25:29
18587,1,2026-06-22 10:05:12
18588,5,2026-06-29 13:45:17
18592,1,2026-05-04 19:05:02
18594,6,2026-06-30 00:25:34
18600,2,2026-07-01 17:25:29
18610,1,2026-07-01 17:25:29
18611,1,2026-06-11 03:44:43
18612,1,2026-06-21 01:05:27
18631,9,2026-06-30 15:05:07
18632,4,2026-04-30 13:23:56
18633,4,2026-04-30 13:23:56
18640,2,2026-07-01 17:25:29
18641,10,2026-06-29 18:05:25
18645,2,2025-12-13 05:02:36
18647,1,2026-07-01 17:25:29
18648,1,2026-07-01 17:25:29
18649,3,2026-07-01 17:25:29
18650,2,2026-07-01 17:25:29
18652,3,2026-07-01 17:25:29
18653,1,2026-07-01 17:25:29
18654,3,2026-07-01 17:25:29
18655,1,2026-06-27 14:05:03
18656,4,2026-07-01 17:25:29
18657,1,2026-06-12 17:44:52
18658,1,2026-06-29 03:25:42
18660,2,2026-07-01 17:25:29
18661,1,2026-06-30 01:05:32
18662,1,2026-07-01 17:25:29
18665,1,2026-06-30 01:25:27
18672,1,2026-05-22 03:45:28
18674,1,2026-06-07 16:05:02
18679,1,2026-06-15 03:45:16
18697,1,2026-05-10 18:24:54
18698,1,2026-06-13 20:25:16
18699,1,2026-06-30 17:25:11
18700,1,2026-06-30 17:25:11
18701,1,2026-07-01 17:05:28
18702,1,2026-06-15 03:25:15
18709,1,2026-06-24 23:45:16
18710,1,2026-06-20 10:25:24
18711,1,2026-07-01 17:25:29
18712,1,2026-06-25 19:44:58
18731,1,2026-07-01 17:25:29
18745,1,2026-06-30 16:25:13
18948,1,2026-06-30 17:25:11
18949,1,2026-07-01 17:25:29
18984,1,2026-07-01 17:25:29
18986,1,2026-06-28 18:05:24
19028,4,2026-07-01 17:25:29
19051,1,2026-03-10 17:22:29
19221,20,2026-07-01 15:25:22
19287,1,2026-06-28 21:05:35
19288,1,2026-07-01 17:25:29
19289,1,2026-06-15 18:45:23
19290,1,2026-06-10 11:24:22
19291,1,2025-12-29 17:43:17
19292,1,2026-06-25 21:04:56
19293,1,2026-01-09 17:02:59
19295,1,2026-06-10 09:04:43
19299,2,2026-04-09 12:22:16
19304,3,2026-03-31 09:42:39
19441,10,2026-07-01 17:25:29
19726,5,2026-07-01 17:25:29
19767,1,2026-07-01 17:25:29
19768,5,2026-06-30 04:45:26
19774,5,2026-07-01 17:25:29
19808,1,2026-06-01 15:05:19
19921,1,2026-07-01 13:45:14
19933,15,2026-07-01 17:25:29
19934,1,2026-06-01 17:05:17
19935,1,2026-07-01 17:25:29
19937,1,2026-05-13 01:24:58
19943,1,2026-07-01 17:25:29
20008,13,2026-03-19 22:02:39
20074,16,2026-07-01 02:25:10
20075,4,2026-07-01 17:25:29
20258,1,2026-06-27 23:25:28
20263,1,2026-01-07 19:02:58
20296,1,2026-05-11 05:45:01
20381,2,2026-01-04 09:03:14
20406,1,2026-07-01 17:25:29
20407,1,2026-06-30 14:25:12
20408,1,2026-07-01 17:25:29
20424,101,2026-07-01 17:25:29
20452,5,2026-07-01 00:45:16
20475,1,2026-06-19 21:05:40
20498,92,2026-07-01 17:25:29
20500,4,2026-07-01 17:25:29
20501,3,2026-07-01 17:25:29
20520,9,2026-07-01 17:25:29
20546,1,2026-02-17 05:42:30
20548,1,2026-04-25 09:23:12
20553,1,2026-01-19 08:02:41
20554,1,2026-02-03 21:22:36
20555,1,2026-05-31 11:45:24
20575,2,2026-07-01 17:25:29
20576,1,2026-07-01 17:25:29
20653,1,2026-05-19 08:05:18
20655,1,2026-05-01 22:04:43
20658,1,2026-06-08 17:45:19
20659,1,2026-05-19 08:05:18
20661,1,2026-05-19 08:05:18
20662,1,2026-04-26 10:23:52
20664,1,2026-05-10 21:25:09
20665,1,2026-06-27 21:25:34
20668,1,2026-05-18 21:45:30
20671,1,2026-06-25 17:25:06
20673,1,2026-05-19 08:05:18
20674,1,2026-05-12 20:44:48
20696,1,2026-06-12 15:44:53
20698,1,2026-05-23 17:25:52
20709,27,2026-07-01 17:25:29
20725,18,2026-07-01 17:25:29
20744,2,2026-07-01 17:25:29
20745,1,2026-06-28 21:45:42
20746,7,2026-07-01 17:25:29
20747,49,2026-07-01 17:25:29
20748,1,2026-06-06 18:05:19
20749,1,2026-07-01 17:25:29
20750,1,2026-06-15 21:05:44
20753,2,2026-07-01 02:05:11
20754,19,2026-07-01 17:25:29
20755,2,2026-07-01 17:25:29
20769,2,2026-07-01 17:25:29
20815,11,2026-06-27 07:45:21
20816,47,2026-07-01 17:25:29
20817,104,2026-07-01 17:25:29
20818,6,2026-07-01 09:05:05
20820,43,2026-07-01 17:25:29
20821,1,2026-07-01 10:05:11
20823,46,2026-07-01 17:25:29
20824,1,2026-05-21 03:05:14
20826,7,2026-07-01 17:25:29
20827,55,2026-07-01 17:25:29
20828,25,2026-07-01 17:25:29
20830,37,2026-07-01 17:25:29
20831,1,2026-07-01 17:25:29
20832,2,2026-07-01 17:25:29
20833,1,2026-06-06 21:25:06
20854,2,2026-07-01 17:25:29
20855,4,2026-07-01 17:25:29
20856,2,2026-07-01 17:25:29
20892,1,2026-04-02 01:22:22
20897,1,2026-04-10 09:42:25
20899,1,2026-05-24 20:05:52
20900,1,2026-05-25 20:26:04
20901,2,2026-05-24 20:05:52
20906,2,2026-07-01 17:25:29
20907,22,2026-07-01 17:25:29
20909,7,2026-07-01 17:25:29
20910,1,2026-05-09 08:04:51
20955,67,2026-07-01 17:25:29
20958,7,2026-07-01 17:25:29
20959,1,2026-06-29 17:05:22
20960,3,2026-07-01 17:25:29
20961,24,2026-07-01 17:25:29
20963,8,2026-07-01 17:25:29
20964,10,2026-07-01 17:25:29
20966,9,2026-06-20 17:05:18
20967,1,2026-06-16 23:45:21
20969,1,2026-06-28 10:05:25
20970,3,2026-07-01 17:25:29
20971,2,2026-07-01 17:25:29
20973,1,2026-07-01 17:25:29
20974,7,2026-07-01 17:25:29
20975,3,2026-07-01 17:25:29
20978,1,2026-04-03 02:02:31
20980,2,2026-05-24 20:05:52
20982,1,2026-04-15 17:42:20
21004,1,2026-05-07 06:44:36
21006,1,2026-05-14 09:06:03
21011,1,2026-05-11 05:25:03
21012,1,2026-02-05 12:42:36
21015,1,2026-05-11 05:45:01
21016,1,2026-05-11 05:45:01
21017,1,2026-05-27 13:45:28
21018,1,2026-05-14 09:06:03
21019,1,2026-05-11 05:45:01
21023,20,2025-11-25 17:02:44
21071,103,2026-07-01 17:25:29
21072,25,2026-07-01 17:25:29
21099,1,2026-07-01 17:05:28
21114,12,2026-07-01 17:25:29
21151,30,2026-07-01 17:25:29
21153,24,2026-07-01 17:25:29
21154,2,2026-02-18 22:42:43
21177,8,2026-04-06 21:02:37
21213,9,2026-07-01 17:25:29
21217,141,2026-07-01 17:25:29
21219,3,2026-07-01 17:25:29
21226,2,2025-11-01 23:01:59
21277,1,2026-07-01 17:25:29
21291,1,2026-01-06 10:43:04
21297,1,2026-01-02 11:22:57
21300,1,2026-01-02 04:22:58
21301,1,2026-07-01 03:05:07
21305,1,2026-06-29 21:45:34
21306,1,2026-01-02 04:22:58
21308,1,2026-07-01 17:25:29
21309,1,2026-07-01 17:25:29
21340,3,2026-07-01 17:25:29
21341,1,2026-07-01 17:25:29
21358,1,2026-07-01 17:25:29
21371,1,2026-07-01 17:25:29
21536,1,2026-07-01 10:05:11
21542,5,2026-03-29 00:42:39
21546,5,2026-06-08 17:45:19
21547,7,2026-07-01 17:25:29
21552,80,2026-05-29 17:25:01
21557,4,2026-03-11 14:42:45
21558,4,2026-04-26 15:23:47
21559,4,2026-04-26 15:23:47
21561,4,2026-04-26 15:23:47
21562,4,2026-04-26 15:23:47
21571,3,2026-03-04 23:22:56
21576,10,2026-02-17 03:42:35
21589,2,2026-04-26 15:23:47
21590,2,2026-04-26 15:23:47
21592,2,2026-04-26 15:23:47
21593,2,2026-04-26 15:23:47
21595,2,2026-04-26 15:23:47
21713,1,2026-06-07 11:45:03
21747,2,2026-05-18 19:45:23
21753,1,2026-07-01 10:25:15
21755,18,2026-07-01 17:25:29
21764,4,2026-07-01 17:25:29
21775,1,2026-06-27 12:05:03
21778,2,2026-06-03 21:44:59
21790,22,2026-07-01 17:25:29
21801,1,2026-05-08 17:04:59
21803,1,2026-05-05 16:24:51
21805,1,2026-04-16 17:02:25
21840,7,2026-07-01 15:45:20
21841,80,2026-07-01 17:25:29
21842,99,2026-07-01 17:25:29
21843,1,2026-06-30 22:45:17
21844,2,2026-07-01 17:25:29
21845,15,2026-07-01 17:25:29
21847,1,2025-11-01 04:41:53
21849,1,2026-07-01 08:05:07
21850,1,2026-07-01 08:05:07
21851,1,2026-06-28 14:25:12
21852,1,2026-07-01 08:05:07
21853,5,2026-07-01 08:45:52
21854,16,2026-07-01 10:25:15
21855,1,2026-07-01 17:05:28
21858,1,2026-07-01 17:25:29
21864,1,2026-01-24 01:02:40
21866,6,2025-11-08 05:42:19
21867,1,2025-12-19 19:22:36
21869,1,2026-01-02 01:22:59
21871,1,2025-11-08 22:02:12
21872,1,2026-06-05 07:05:02
21873,1,2026-03-05 19:42:37
21874,1,2025-11-25 09:22:46
21876,1,2026-07-01 17:25:29
21877,3044,2026-07-01 17:25:29
21881,70,2026-07-01 17:25:29
21882,14,2026-07-01 17:25:29
21884,15,2026-07-01 17:25:29
21885,17,2026-07-01 17:25:29
21886,20,2026-07-01 17:25:29
21887,213,2026-07-01 17:25:29
21892,1,2026-07-01 17:25:29
21893,1,2026-07-01 17:25:29
21894,1,2026-07-01 17:25:29
21895,1,2026-06-15 16:45:15
21896,1,2026-07-01 17:25:29
21897,1,2026-07-01 17:25:29
21898,1,2026-07-01 17:25:29
21899,1,2026-06-30 05:05:23
21900,1,2026-06-20 20:05:21
21901,1,2026-06-20 20:05:21
21902,1,2026-04-29 12:24:06
21929,17,2026-07-01 17:25:29
21932,1,2026-07-01 17:25:29
21933,1,2026-06-30 17:45:10
21934,1,2026-06-30 20:05:11
21945,1,2026-07-01 06:05:01
21947,7,2026-07-01 17:25:29
21948,3,2026-07-01 17:25:29
21949,1,2026-07-01 02:45:11
21952,2,2026-07-01 17:25:29
21953,3,2026-07-01 17:25:29
21954,2,2026-07-01 17:25:29
21957,2,2026-07-01 17:25:29
21990,20,2026-07-01 13:05:13
21991,88,2026-07-01 17:25:29
22053,16,2026-01-25 18:42:41
22146,2,2026-07-01 17:25:29
22148,2,2026-07-01 17:25:29
22153,5,2026-07-01 17:25:29
22202,10,2026-07-01 17:25:29
22220,1,2026-05-21 05:05:14
22246,1,2026-07-01 08:05:07
22248,9,2026-07-01 17:25:29
22250,24,2026-07-01 17:25:29
22251,1,2026-04-25 14:23:20
22252,1,2026-05-08 13:24:56
22276,1,2026-06-18 03:45:31
22277,2,2026-07-01 17:25:29
22278,1,2026-06-17 17:05:25
22279,1,2026-07-01 17:25:29
22280,1,2026-06-29 17:05:22
22281,2,2026-07-01 17:25:29
22282,1,2026-06-05 19:25:10
22307,2,2026-07-01 17:25:29
22308,2,2026-07-01 17:25:29
22309,1,2026-06-13 20:05:23
22388,1,2026-06-29 19:05:23
22389,1,2026-06-29 13:05:17
22390,1,2026-06-15 21:05:44
22393,2,2026-07-01 17:25:29
22445,619,2026-07-01 17:25:29
22446,179,2026-07-01 17:25:29
22447,62,2026-07-01 17:25:29
22448,98,2026-07-01 17:25:29
22450,41,2026-07-01 17:25:29
22451,8,2026-07-01 17:25:29
22452,37,2026-07-01 17:25:29
22456,14,2026-07-01 17:25:29
22457,50,2026-07-01 17:25:29
22459,2,2026-07-01 16:45:27
22460,2,2026-06-21 21:45:13
22541,4,2026-07-01 17:25:29
22542,5,2026-07-01 17:25:29
22548,4,2026-07-01 17:25:29
22553,4,2026-07-01 17:25:29
22557,2,2026-07-01 17:25:29
22558,4,2026-07-01 17:25:29
22562,1,2026-07-01 17:25:29
22563,2,2026-07-01 17:25:29
22565,1,2026-07-01 17:25:29
22572,47,2026-07-01 17:25:29
22573,101,2026-07-01 17:25:29
22574,16,2026-07-01 17:25:29
22575,87,2026-07-01 17:25:29
22576,144,2026-07-01 17:25:29
22577,192,2026-07-01 17:25:29
22578,29,2026-07-01 17:25:29
22644,136,2026-07-01 17:25:29
22645,8,2026-07-01 17:25:29
22647,3,2026-07-01 17:25:29
22710,58,2026-07-01 17:25:29
22728,2,2026-06-18 02:45:33
22739,1,2026-06-30 07:45:14
22788,94,2026-07-01 17:25:29
22789,247,2026-07-01 17:25:29
22790,281,2026-07-01 17:25:29
22791,24,2026-07-01 17:25:29
22792,151,2026-07-01 17:25:29
22793,154,2026-07-01 17:25:29
22794,40,2026-07-01 17:25:29
22795,10,2026-07-01 17:25:29
22797,20,2026-06-28 16:05:20
22823,1,2026-07-01 01:45:13
22824,3,2026-06-28 21:05:35
22825,28,2026-07-01 17:25:29
22826,5,2026-06-08 10:45:28
22827,3,2026-06-29 12:05:21
22828,20,2026-06-05 04:45:01
22829,81,2026-07-01 17:25:29
22830,7,2026-06-22 21:05:01
22831,13,2026-07-01 10:25:15
22832,118,2026-07-01 17:25:29
22833,6,2026-03-20 10:42:32
22834,14,2026-07-01 17:25:29
22835,2,2026-06-08 20:05:32
22836,56,2026-07-01 17:25:29
22837,1,2026-06-27 16:25:14
22838,6,2026-07-01 17:25:29
22839,3,2026-06-26 18:45:02
22840,5,2026-06-30 09:44:59
22841,3,2026-07-01 17:25:29
22842,1,2026-01-04 01:03:26
22844,9,2026-02-09 02:02:33
22845,1,2026-06-25 14:25:04
22846,1,2026-06-27 16:45:15
22847,100,2025-12-20 09:02:35
22848,1,2026-07-01 16:45:27
22849,13,2026-06-01 06:25:26
22850,4,2026-07-01 17:25:29
22851,1,2026-06-30 13:45:11
22853,2,2026-06-14 08:45:21
22854,1,2026-07-01 15:45:20
22861,1,2026-07-01 17:25:29
22866,20,2026-07-01 02:05:11
22891,5,2026-07-01 17:25:29
22903,3,2026-07-01 17:25:29
22904,2,2026-07-01 17:25:29
22907,1,2026-07-01 17:25:29
22909,4,2026-07-01 17:25:29
22911,4,2026-07-01 17:25:29
22912,1,2026-07-01 14:45:20
22913,12,2026-07-01 17:25:29
22914,6,2026-07-01 17:25:29
22919,9,2026-07-01 17:25:29
22926,1,2026-06-30 22:05:15
23077,3,2026-07-01 17:25:29
23079,21,2026-07-01 17:25:29
23094,8,2026-07-01 17:25:29
23095,27,2026-07-01 17:25:29
23096,1,2026-06-22 02:25:09
23098,3,2026-07-01 17:25:29
23099,1,2026-06-22 02:25:09
23100,1,2026-07-01 11:25:09
23101,1,2026-06-12 08:24:59
23103,6,2026-07-01 17:25:29
23104,3,2026-07-01 17:25:29
23105,6,2026-07-01 05:24:59
23106,1,2025-11-02 15:02:09
23107,41,2026-07-01 17:25:29
23108,5,2026-07-01 17:25:29
23109,1,2026-06-22 02:25:09
23110,2,2026-05-03 18:24:55
23111,16,2026-07-01 17:25:29
23112,38,2026-07-01 17:25:29
23113,1,2026-07-01 17:25:29
23114,6,2026-07-01 17:25:29
23115,11,2026-07-01 17:25:29
23116,3,2026-07-01 17:25:29
23117,9,2026-07-01 17:25:29
23118,5,2026-07-01 17:25:29
23119,8,2026-07-01 17:25:29
23120,8,2026-07-01 17:25:29
23121,1,2026-04-12 21:22:36
23154,2,2026-07-01 17:25:29
23197,2,2026-07-01 17:25:29
23199,1,2026-06-25 12:05:01
23203,2,2026-07-01 17:25:29
23320,1,2026-05-26 05:05:57
23329,1,2026-07-01 17:25:29
23334,1,2026-06-30 07:05:17
23345,1,2026-06-24 22:45:18
23353,20,2026-03-17 16:22:51
23354,4,2026-07-01 17:25:29
23380,3,2026-04-15 05:22:20
23381,1,2026-06-30 03:45:28
23385,15,2026-02-19 07:22:33
23386,1,2026-07-01 17:25:29
23424,496,2026-07-01 17:25:29
23425,802,2026-07-01 17:25:29
23426,173,2026-07-01 17:25:29
23427,85,2026-07-01 17:25:29
23436,7,2026-07-01 17:25:29
23437,13,2026-07-01 17:25:29
23438,17,2026-07-01 17:25:29
23439,11,2026-07-01 17:25:29
23440,22,2026-07-01 17:25:29
23441,25,2026-07-01 17:25:29
23445,454,2026-07-01 17:25:29
23446,204,2026-07-01 17:25:29
23447,16,2026-07-01 17:25:29
23448,16,2026-07-01 17:25:29
23449,43,2026-07-01 17:25:29
23473,1,2026-06-30 21:05:10
23476,1,2026-06-30 04:05:31
23482,2,2026-06-30 12:05:00
23484,5,2026-07-01 17:25:29
23487,1,2026-07-01 04:25:06
23488,1,2026-06-17 07:05:25
23489,2,2026-06-30 10:05:03
23490,6,2026-06-29 15:05:21
23491,8,2026-07-01 17:25:29
23503,1,2026-06-26 13:04:50
23504,5,2026-06-16 20:25:19
23505,1,2026-06-19 01:45:29
23507,1,2026-01-01 16:42:57
23508,1,2025-12-09 16:02:36
23509,1,2025-12-07 16:03:01
23510,1,2025-12-13 04:42:37
23513,1,2025-10-28 15:01:57
23517,1,2025-12-10 21:42:42
23525,2,2025-12-12 17:02:45
23527,2,2025-11-16 22:03:01
23528,20,2026-05-30 15:45:32
23529,14,2026-07-01 05:05:03
23534,1,2026-01-25 18:42:41
23537,1,2025-11-07 21:02:07
23538,1,2025-11-07 18:22:01
23541,1,2026-01-18 20:42:56
23559,22,2026-07-01 17:25:29
23575,30,2026-07-01 17:25:29
23590,1,2026-06-06 02:05:06
23591,1,2026-06-05 17:25:07
23592,1,2026-06-06 02:05:06
23593,1,2026-06-06 02:05:06
23594,1,2026-06-28 22:25:44
23595,1,2026-06-28 22:25:44
23596,1,2026-07-01 14:25:16
23620,3,2026-07-01 17:25:29
23621,1,2026-07-01 07:05:06
23622,1,2026-07-01 17:25:29
23623,1,2026-06-28 20:25:34
23624,1,2026-06-30 00:45:33
23625,3,2026-07-01 17:25:29
23626,1,2026-06-26 08:24:55
23627,1,2026-07-01 13:05:13
23628,1,2026-07-01 17:25:29
23629,3,2026-07-01 17:25:29
23630,1,2026-06-28 00:05:31
23631,2,2026-07-01 17:25:29
23632,1,2026-07-01 03:45:06
23633,4,2026-07-01 17:25:29
23634,2,2026-07-01 17:25:29
23635,1,2026-07-01 17:25:29
23636,2,2026-07-01 17:25:29
23637,1,2026-07-01 17:25:29
23638,2,2026-07-01 17:25:29
23676,53,2026-07-01 17:25:29
23695,1,2026-06-20 06:25:32
23736,40,2026-07-01 10:25:15
23737,90,2026-07-01 17:25:29
23742,1,2026-07-01 17:25:29
23746,5,2026-06-16 11:25:10
23748,1,2026-06-20 22:45:36
23756,10,2026-07-01 17:25:29
23758,1,2026-06-25 07:04:56
23762,1,2026-03-18 23:22:53
23763,1,2026-02-22 19:42:52
23764,3,2026-07-01 17:25:29
23765,1,2026-05-02 02:24:35
23766,1,2025-12-18 14:02:36
23767,1,2026-06-21 08:05:09
23768,445,2026-07-01 17:25:29
23769,20,2026-07-01 17:25:29
23771,5,2026-06-30 09:44:59
23772,2000,2026-07-01 17:25:29
23773,5000,2026-05-13 20:05:16
23774,1,2026-06-29 19:05:23
23775,2,2026-07-01 17:25:29
23781,70,2026-07-01 17:25:29
23782,22,2026-07-01 17:25:29
23783,20,2026-07-01 17:25:29
23784,5,2026-07-01 17:25:29
23785,26,2026-07-01 17:25:29
23786,13,2026-07-01 17:25:29
23787,3,2026-07-01 17:25:29
23793,5,2026-07-01 17:25:29
23799,1,2026-07-01 17:25:29
23802,1,2026-07-01 17:25:29
23803,1,2026-07-01 17:25:29
23804,1,2026-06-19 14:25:32
23805,1,2026-07-01 17:25:29
23807,1,2026-07-01 17:25:29
23810,4,2026-07-01 17:25:29
23811,2,2026-07-01 17:25:29
23815,1,2026-07-01 17:25:29
23816,1,2026-07-01 17:25:29
23817,1,2026-06-30 16:25:13
23819,10,2026-04-28 14:24:07
23821,2,2026-07-01 17:25:29
23835,1,2026-07-01 12:25:09
23836,1,2026-04-07 19:02:33
23841,3,2026-04-18 20:02:33
23847,1,2026-07-01 17:25:29
23848,10,2026-07-01 17:25:29
23866,1,2025-11-06 06:22:12
23868,1,2026-05-11 18:04:49
23883,1,2026-07-01 17:25:29
23884,3,2026-07-01 17:25:29
23909,4,2026-07-01 17:25:29
23987,3,2026-05-08 18:45:11
24027,1,2026-06-30 01:45:28
24028,1,2026-03-22 17:42:33
24029,1,2026-02-27 13:22:42
24035,1,2026-06-29 16:45:18
24036,1,2025-12-21 14:42:47
24037,1,2026-06-06 01:45:06
24039,1,2026-06-17 02:05:21
24047,5,2026-05-14 09:06:03
24048,1,2026-03-24 12:02:32
24050,1,2026-06-28 03:45:26
24051,2,2026-06-26 05:44:59
24052,1,2026-03-16 22:42:52
24053,1,2026-04-18 08:22:13
24054,2,2026-06-29 20:05:26
24055,1,2026-07-01 18:05:33
24056,1,2026-05-07 08:04:47
24057,1,2026-06-10 19:04:41
24058,10,2026-06-29 09:05:34
24059,1,2026-06-19 08:46:05
24060,1,2026-01-06 09:03:03
24061,1,2026-04-09 07:22:21
24062,1,2026-03-01 19:22:54
24065,1,2026-05-30 22:25:43
24066,1,2026-03-15 21:42:54
24067,2,2026-06-29 20:05:26
24072,19,2026-05-23 01:25:39
24074,1,2026-06-29 08:05:36
24075,1,2026-07-01 18:05:33
24076,1,2026-07-01 15:05:19
24077,1,2026-06-30 03:05:28
24078,27,2026-07-01 18:05:33
24101,2,2026-07-01 18:05:33
24102,7,2026-07-01 18:05:33
24105,5,2026-07-01 18:05:33
24110,1,2026-05-26 19:45:39
24116,1,2025-11-08 00:42:22
24117,1,2025-11-13 03:42:32
24143,1,2026-06-06 18:25:27
24163,1,2026-06-30 09:24:57
24164,1,2026-07-01 18:05:33
24165,1,2026-07-01 18:05:33
24166,2,2026-07-01 18:05:33
24167,1,2026-06-24 02:05:24
24168,1,2026-07-01 18:05:33
24169,3,2026-07-01 18:05:33
24170,3,2026-07-01 18:05:33
24171,1,2026-06-29 11:45:22
24186,1,2025-11-01 23:01:59
24189,7,2026-06-25 13:05:00
24192,1,2026-07-01 18:05:33
24193,1,2026-07-01 18:05:33
24194,1,2026-07-01 18:05:33
24195,1,2026-07-01 18:05:33
24196,2,2026-07-01 18:05:33
24197,1,2026-06-29 14:25:16
24198,1,2026-06-29 12:45:17
24199,1,2026-06-29 01:25:46
24200,3,2026-07-01 18:05:33
24201,1,2026-07-01 18:05:33
24202,1,2026-07-01 18:05:33
24203,1,2026-07-01 18:05:33
24204,1,2026-06-30 12:44:57
24205,3,2026-07-01 18:05:33
24206,1,2026-06-29 01:45:46
24209,1,2026-06-29 09:45:28
24215,1,2026-07-01 02:45:11
24216,1,2026-06-29 11:25:23
24217,2,2026-07-01 18:05:33
24218,1,2026-07-01 17:25:29
24219,3,2026-07-01 18:05:33
24220,1,2026-06-30 12:44:57
24222,1,2026-07-01 14:05:16
24243,78,2026-07-01 18:05:33
24252,1,2026-05-14 09:06:03
24253,1,2026-06-14 02:45:16
24254,1,2026-05-23 23:45:55
24255,1,2025-12-31 23:23:03
24257,1,2025-12-06 22:43:03
24258,1,2025-12-21 06:22:46
24268,68,2026-04-10 00:42:32
24270,2,2026-06-23 11:05:06
24271,19,2026-06-29 21:45:34
24272,9,2026-06-29 12:05:21
24273,1,2026-05-12 15:44:43
24274,1,2026-01-12 06:03:01
24276,1,2026-01-10 12:43:00
24297,1,2026-06-24 11:25:06
24298,1,2026-07-01 18:05:33
24299,1,2026-06-30 09:05:03
24300,1,2026-07-01 18:05:33
24301,1,2026-07-01 18:05:33
24302,1,2026-07-01 18:05:33
24303,1,2026-07-01 18:05:33
24304,3,2026-07-01 18:05:33
24305,1,2026-06-30 17:05:14
24306,2,2026-07-01 18:05:33
24307,1,2026-07-01 18:05:33
24316,1,2026-06-26 11:44:55
24338,16,2026-06-27 06:45:18
24476,15,2026-07-01 18:05:33
24477,128,2026-07-01 18:05:33
24478,5,2026-07-01 18:05:33
24479,6,2026-07-01 17:05:28
24507,17,2026-06-28 16:05:20
24508,21,2026-07-01 18:05:33
24510,4,2026-06-28 16:05:20
24511,1,2026-07-01 18:05:33
24575,1,2026-06-28 18:45:24
24578,1,2026-05-04 11:44:43
24580,1,2026-06-30 22:05:15
24582,1,2026-06-16 19:25:23
24583,1,2026-06-29 14:45:19
24584,1,2026-06-28 13:45:22
24585,3,2026-07-01 18:05:33
24586,1,2026-06-30 03:05:28
24587,1,2026-06-30 10:25:04
24588,1,2026-06-22 01:45:06
24589,1,2026-07-01 18:05:33
24590,1,2026-06-28 22:25:44
24591,1,2026-06-28 22:25:44
24592,1,2026-06-22 07:05:03
24593,1,2026-06-26 16:45:02
24594,1,2026-07-01 18:05:33
24595,1,2026-06-29 01:45:46
24597,1,2026-07-01 18:05:33
24598,1,2026-06-30 22:45:17
24604,1,2026-06-29 20:45:33
24605,1,2026-06-29 13:05:17
24606,1,2026-07-01 18:05:33
24607,3,2026-07-01 18:05:33
24608,1,2026-07-01 18:05:33
24609,1,2026-07-01 10:05:11
24610,1,2026-07-01 18:05:33
24611,1,2026-06-30 11:45:00
24612,1,2026-06-30 09:44:59
24613,1,2026-07-01 18:05:33
24614,1,2026-07-01 10:25:15
24615,1,2026-07-01 17:25:29
24616,1,2026-06-26 18:25:03
24617,1,2026-07-01 06:45:04
24618,1,2026-06-30 21:05:10
24619,1,2026-07-01 18:05:33
24620,1,2026-07-01 18:05:33
24621,1,2026-07-01 18:05:33
24622,1,2026-07-01 18:05:33
24623,2,2026-07-01 18:05:33
24624,1,2026-07-01 18:05:33
24625,1,2026-06-30 10:05:03
24626,1,2026-07-01 01:45:13
24627,1,2026-07-01 18:05:33
24628,1,2026-06-28 00:25:34
24629,1,2026-06-29 17:25:22
24630,1,2026-06-09 10:05:21
24631,1,2026-06-23 23:05:12
24632,1,2026-06-25 23:05:03
24633,1,2026-06-14 10:25:14
24634,1,2026-07-01 18:05:33
24635,1,2026-06-28 08:25:31
24636,1,2026-06-28 00:45:32
24637,1,2026-06-06 21:25:06
24638,1,2026-06-28 17:45:22
24639,1,2026-06-22 15:05:12
24640,1,2026-07-01 00:25:17
24641,1,2026-06-25 14:05:06
24642,1,2026-06-20 08:25:24
24643,1,2026-06-24 15:05:01
24644,1,2026-05-20 23:25:21
24645,1,2026-07-01 18:05:33
24646,1,2026-07-01 10:25:15
24648,1,2026-07-01 18:05:33
24653,1,2026-07-01 18:05:33
24654,1,2026-06-02 20:45:17
24655,1,2026-06-29 16:45:18
24656,1,2026-06-21 13:45:18
24657,1,2026-06-14 21:25:19
24658,1,2026-06-08 18:45:19
24659,1,2026-06-23 00:45:06
24660,1,2026-06-16 09:45:19
24661,1,2026-06-23 12:04:58
24662,1,2026-07-01 06:25:02
24663,1,2026-07-01 06:05:01
24664,1,2026-06-30 19:05:13
24665,1,2026-06-29 15:25:19
24666,1,2026-06-30 21:45:16
24667,1,2026-07-01 18:05:33
24668,1,2026-06-30 04:45:26
24669,1,2026-05-30 11:25:13
24670,1,2026-06-13 23:05:15
24671,1,2026-05-31 23:05:33
24672,1,2026-06-21 00:05:33
24673,1,2026-06-16 17:45:18
24674,1,2026-06-30 07:05:17
24675,1,2026-07-01 18:05:33
24676,1,2026-06-16 05:25:37
24677,1,2026-04-26 08:23:43
24678,1,2026-06-26 09:44:51
24679,1,2026-04-21 08:42:41
24680,1,2026-05-05 15:44:53
24681,1,2026-07-01 18:05:33
24682,1,2026-06-03 17:25:06
24683,1,2026-06-18 09:25:12
24684,1,2026-04-14 05:02:04
24685,1,2026-06-21 06:05:14
24686,1,2026-06-26 19:25:03
24687,1,2026-04-29 20:43:53
24688,1,2026-06-26 23:45:21
24689,1,2026-06-18 03:05:34
24691,1,2026-06-03 02:45:10
24692,1,2026-06-16 20:25:19
24693,1,2026-06-25 04:25:03
24694,1,2026-06-29 23:25:31
24695,1,2026-07-01 18:05:33
24696,1,2026-06-24 19:45:16
24697,1,2026-07-01 18:05:33
24698,1,2026-06-28 13:45:22
24699,1,2026-07-01 18:05:33
24700,1,2026-07-01 04:25:06
24701,1,2026-06-30 13:45:11
24702,1,2026-07-01 18:05:33
24703,1,2026-06-30 21:05:10
24704,1,2026-06-29 20:45:33
24705,1,2026-07-01 18:05:33
24706,1,2026-07-01 17:25:29
24713,1,2026-06-30 21:45:16
24714,1,2026-07-01 12:45:09
24715,2,2026-07-01 18:05:33
24716,1,2026-07-01 18:05:33
24717,1,2026-07-01 18:05:33
24718,1,2026-06-27 04:45:19
24719,1,2026-07-01 18:05:33
24720,1,2026-07-01 18:05:33
24721,1,2026-06-28 01:05:39
24722,2,2026-07-01 00:05:18
24723,1,2026-07-01 18:05:33
24724,1,2026-07-01 18:05:33
24725,1,2026-06-30 21:05:10
24726,1,2026-06-29 09:05:34
24727,1,2026-06-27 09:05:17
24728,1,2026-06-25 20:24:56
24729,1,2026-07-01 08:25:12
24730,1,2026-06-29 20:45:33
24731,1,2026-07-01 18:05:33
24732,1,2026-07-01 17:25:29
24733,1,2026-07-01 10:25:15
24734,1,2026-06-27 02:45:22
24735,1,2026-06-26 14:45:03
24736,1,2026-07-01 00:25:17
24737,1,2026-06-26 01:24:59
24738,1,2026-06-24 02:05:24
24739,1,2026-06-27 06:25:19
24740,1,2026-07-01 18:05:33
24741,1,2026-06-30 05:25:23
24742,1,2026-06-28 00:25:34
24743,1,2026-06-30 18:45:13
24747,1,2026-06-26 03:24:54
24748,1,2026-07-01 18:05:33
24752,1,2026-06-18 07:25:18
24753,1,2026-07-01 07:05:06
24754,1,2026-06-27 16:05:10
24755,1,2026-06-19 23:25:31
24756,1,2026-06-30 10:05:03
24757,1,2026-06-26 19:25:03
24758,2,2026-05-30 02:45:16
24759,1,2026-06-29 21:05:36
24760,1,2026-07-01 18:05:33
24761,1,2026-06-17 23:05:29
24762,1,2026-06-24 15:05:01
24763,1,2026-07-01 18:05:33
24764,1,2026-06-23 02:45:04
24765,1,2026-07-01 06:25:02
24766,1,2026-06-28 22:45:45
24767,1,2026-07-01 18:05:33
24768,1,2026-07-01 16:45:27
24769,1,2026-07-01 18:05:33
24770,1,2026-06-28 19:45:30
24771,1,2026-06-19 09:45:28
24772,1,2026-06-26 19:25:03
24773,1,2026-06-19 17:05:26
24774,1,2026-06-30 22:05:15
24775,1,2026-06-28 19:45:30
24776,1,2026-06-09 18:25:23
24777,1,2026-06-18 09:25:12
24778,1,2026-06-30 19:25:16
24779,1,2026-06-16 23:05:21
24780,1,2026-06-23 09:44:59
24781,1,2026-06-23 18:45:08
24782,1,2026-04-18 20:42:37
24783,1,2026-06-12 09:44:58
24784,1,2026-07-01 18:05:33
24785,1,2026-06-22 23:05:03
24786,1,2026-06-19 15:25:27
24787,1,2026-07-01 18:05:33
24788,1,2026-06-29 03:05:42
24789,1,2026-06-17 04:25:19
24790,1,2026-05-05 15:44:53
24791,1,2026-06-13 18:45:17
24792,1,2025-11-09 11:22:16
24793,1,2026-06-06 04:25:03
24794,1,2026-06-03 16:45:06
24795,1,2026-05-29 03:05:24
24796,1,2026-06-23 12:04:58
24797,1,2026-06-12 09:44:58
24801,1,2026-06-13 23:05:15
24806,1,2026-06-26 12:24:48
24807,1,2026-07-01 18:05:33
24808,1,2026-06-26 20:05:06
24809,1,2026-06-30 18:45:13
24810,1,2026-07-01 18:05:33
24811,1,2026-06-24 13:45:02
24812,1,2026-06-29 21:25:40
24813,1,2026-07-01 14:05:16
24814,1,2026-06-30 10:25:04
24815,1,2026-06-30 16:25:13
24816,1,2026-06-23 06:04:56
24817,2,2026-06-30 16:25:13
24818,1,2026-06-30 22:45:17
24819,1,2026-07-01 18:05:33
24820,1,2026-07-01 13:45:14
24821,2,2026-07-01 18:05:33
24822,1,2026-06-28 22:25:44
24823,1,2026-06-29 06:25:39
24824,1,2026-06-29 13:45:17
24825,2,2026-06-29 20:45:33
24826,2,2026-07-01 18:05:33
24827,1,2026-06-24 13:45:02
24828,1,2026-07-01 00:25:17
24829,1,2026-06-28 22:05:43
24830,1,2026-06-30 21:05:10
24831,1,2026-07-01 06:45:04
24832,1,2026-07-01 18:05:33
24833,1,2026-06-30 01:05:32
24834,1,2026-06-27 19:45:33
24835,1,2026-07-01 18:05:33
24836,1,2026-06-30 21:05:10
24837,1,2026-06-30 21:05:10
24838,1,2026-06-26 18:04:59
24839,1,2026-06-25 16:45:02
24840,1,2026-06-29 21:25:40
24841,1,2026-07-01 05:24:59
24842,1,2026-06-30 03:45:28
24843,1,2026-06-30 17:25:11
24844,1,2026-07-01 18:05:33
24845,1,2026-06-29 21:05:36
24846,1,2026-06-20 20:45:24
24847,1,2026-06-26 04:04:58
24848,1,2026-07-01 01:45:13
24849,1,2026-06-30 14:25:12
24850,1,2026-06-28 15:45:23
24851,1,2026-06-24 14:05:02
24852,1,2026-06-30 22:45:17
24853,1,2026-06-28 14:25:12
24854,1,2026-06-27 02:45:22
24855,1,2026-06-16 20:25:19
24856,1,2026-06-28 22:45:45
24858,1,2026-06-24 19:45:16
24859,1,2026-06-27 19:45:33
24865,1,2026-05-25 23:46:10
24866,1,2026-07-01 18:05:33
24867,1,2026-07-01 18:05:33
24868,1,2026-06-11 23:24:51
24869,1,2026-06-27 22:45:25
24870,1,2026-06-13 14:25:12
24871,1,2026-06-27 18:05:18
24872,1,2026-06-20 10:05:22
24873,1,2026-06-27 22:45:25
24874,1,2026-07-01 15:25:22
24875,1,2026-06-29 03:25:42
24876,1,2026-06-13 14:25:12
24877,1,2026-06-24 07:25:18
24878,1,2026-06-23 21:45:07
24879,1,2026-06-14 21:25:19
24880,1,2026-06-25 13:25:00
24881,1,2026-06-06 21:25:06
24882,1,2026-05-29 15:05:03
24883,1,2026-06-30 11:25:00
24884,1,2026-06-13 14:25:12
24885,1,2026-06-27 18:05:18
24886,1,2026-06-14 21:25:19
24887,1,2026-06-30 01:25:27
24888,1,2026-06-07 18:45:12
24889,1,2026-06-19 22:25:34
24891,1,2026-06-12 23:25:04
24892,1,2026-06-12 09:44:58
24898,1,2026-06-23 08:45:29
24899,1,2026-06-29 21:25:40
24900,1,2026-06-29 09:05:34
24901,1,2026-05-25 09:06:01
24902,1,2026-05-24 19:05:49
24903,1,2026-03-01 17:22:53
24904,1,2026-06-06 10:24:48
24905,1,2026-07-01 18:05:33
24906,1,2026-06-14 17:25:35
24907,1,2026-06-26 19:25:03
24908,1,2026-06-30 21:05:10
24909,1,2026-05-09 17:44:48
24911,1,2026-07-01 07:05:06
24913,1,2026-02-03 00:22:55
24914,1,2026-05-12 21:24:57
24915,1,2026-06-25 21:04:56
24916,1,2026-06-24 15:05:01
24917,1,2026-01-21 07:02:36
24918,1,2026-06-12 16:24:55
24919,1,2026-07-01 18:05:33
24920,1,2026-06-17 15:45:21
24921,1,2026-06-30 03:05:28
24922,1,2026-06-25 04:25:03
24923,1,2026-06-28 12:05:25
24924,1,2026-06-24 11:05:06
24925,1,2026-06-25 16:04:58
24926,1,2026-06-30 10:45:03
24927,1,2026-07-01 18:05:33
24928,1,2026-06-29 20:45:33
24929,1,2026-06-24 15:45:02
24930,1,2026-06-28 04:25:26
24931,1,2026-06-29 21:45:34
24932,1,2026-06-28 03:45:26
24933,1,2026-06-30 08:05:15
24934,1,2026-06-27 08:05:14
24935,1,2026-06-30 04:25:28
24936,1,2026-07-01 18:05:33
24937,1,2026-06-30 20:25:11
24938,1,2026-07-01 08:25:12
24939,1,2026-07-01 18:05:33
24940,1,2026-07-01 17:25:29
24941,2,2026-07-01 18:05:33
24942,1,2026-07-01 12:05:10
24943,1,2026-07-01 18:05:33
24944,1,2026-07-01 02:45:11
24945,1,2026-06-30 08:05:15
24946,1,2026-07-01 14:05:16
24947,1,2026-07-01 12:05:10
24954,1,2026-06-26 15:25:02
24955,1,2026-06-27 19:25:31
24956,1,2026-06-30 17:45:10
24957,1,2026-06-30 22:05:15
24958,1,2026-07-01 18:05:33
24959,1,2026-06-29 21:05:36
24960,1,2026-06-30 14:25:12
24961,1,2026-06-30 10:05:03
24962,1,2026-06-30 04:05:31
24963,1,2026-06-30 14:25:12
24964,1,2026-06-30 08:05:15
24965,1,2026-06-29 02:25:43
24966,1,2026-06-17 18:25:26
24967,2,2026-06-28 01:05:39
24968,1,2026-06-14 18:05:30
24969,1,2026-07-01 15:25:22
24970,1,2026-06-29 20:05:26
24971,1,2026-06-25 10:44:55
24972,1,2026-06-21 13:25:14
24973,1,2026-06-28 09:45:29
24974,1,2026-06-27 10:45:06
24975,1,2026-06-24 15:05:01
24976,1,2026-07-01 00:25:17
24977,1,2026-07-01 18:05:33
24978,1,2026-06-27 16:45:15
24979,1,2026-07-01 00:25:17
24980,1,2026-06-25 23:25:05
24981,1,2026-06-19 14:45:27
24982,1,2026-06-26 19:25:03
24983,1,2026-06-25 09:25:04
24984,1,2026-06-30 21:05:10
24985,1,2026-06-28 18:05:24
24986,1,2026-05-20 19:45:10
24987,1,2026-06-22 18:25:12
24988,1,2026-06-18 09:25:12
24989,1,2026-06-18 18:45:24
24990,1,2026-06-30 15:45:07
24991,1,2026-07-01 18:05:33
24992,1,2026-07-01 18:05:33
24993,1,2026-06-17 14:05:23
24994,1,2026-06-22 20:25:11
24995,1,2026-06-22 21:44:58
24996,1,2026-06-24 02:05:24
24997,1,2026-06-18 05:25:27
24998,1,2026-06-26 21:05:06
24999,1,2026-06-15 17:05:12
25000,1,2026-07-01 18:05:33
25001,1,2026-06-25 16:45:02
25002,1,2026-06-26 12:24:48
25004,1,2026-06-22 22:44:59
25010,1,2026-07-01 18:05:33
25011,1,2026-07-01 18:05:33
25012,1,2026-07-01 18:05:33
25013,1,2026-06-18 09:25:12
25014,1,2026-05-13 19:05:12
25015,1,2026-06-29 01:45:46
25016,1,2026-07-01 18:05:33
25017,1,2026-05-02 23:44:32
25018,1,2026-05-01 18:04:32
25019,1,2026-05-03 23:24:51
25021,1,2026-06-26 18:45:02
25022,1,2026-06-27 00:45:26
25023,1,2026-03-23 08:22:23
25024,1,2026-06-27 07:05:18
25025,1,2025-11-01 10:01:52
25026,1,2025-11-12 12:02:20
25027,1,2025-12-31 14:03:01
25028,1,2026-06-03 13:25:07
25029,1,2026-06-26 18:45:02
25030,1,2026-06-25 07:04:56
25031,1,2026-07-01 15:45:20
25032,1,2026-07-01 18:05:33
25033,1,2026-07-01 18:05:33
25034,1,2026-06-29 14:45:19
25035,1,2026-06-28 17:05:29
25036,1,2026-06-01 23:05:47
25037,1,2026-06-27 22:45:25
25038,1,2026-06-25 07:04:56
25039,1,2026-06-18 05:25:27
25040,1,2026-06-28 19:25:29
25041,1,2026-06-24 08:25:15
25042,1,2026-05-25 18:05:53
25049,1,2026-06-26 21:45:07
25050,1,2026-07-01 11:05:12
25051,1,2026-06-15 15:45:13
25052,1,2026-06-07 15:25:04
25053,1,2026-06-28 19:45:30
25054,1,2026-06-29 13:45:17
25055,1,2026-07-01 15:05:19
25056,1,2026-05-22 03:25:24
25057,1,2026-05-05 13:44:51
25058,1,2026-07-01 05:05:03
25059,1,2026-06-25 20:24:56
25060,1,2026-06-19 11:45:26
25061,1,2026-07-01 18:05:33
25062,1,2026-07-01 18:05:33
25063,1,2026-06-30 08:45:37
25064,1,2026-07-01 18:05:33
25065,1,2026-06-20 08:25:24
25066,1,2026-07-01 10:25:15
25067,1,2026-06-24 02:05:24
25068,1,2026-06-18 23:05:40
25069,1,2026-06-29 12:25:18
25070,1,2026-05-04 16:44:54
25071,1,2026-01-19 11:42:32
25072,1,2026-06-29 23:45:35
25073,1,2026-06-25 23:05:03
25074,1,2026-06-28 05:05:26
25075,1,2026-07-01 18:05:33
25076,1,2026-06-30 13:25:06
25077,1,2026-06-28 23:05:46
25078,1,2026-06-22 02:45:09
25079,1,2026-07-01 18:05:33
25080,1,2026-06-25 21:04:56
25081,1,2026-06-30 10:05:03
25082,1,2026-06-14 22:05:21
25083,1,2026-07-01 18:05:33
25084,1,2026-06-30 05:25:23
25085,1,2025-12-28 15:43:03
25086,1,2026-06-30 02:45:28
25087,1,2026-06-29 06:05:36
25088,1,2026-06-24 17:25:12
25089,1,2026-06-29 21:05:36
25090,1,2026-06-28 21:25:37
25091,1,2026-06-27 20:25:34
25092,1,2026-06-28 12:05:25
25093,1,2026-06-26 02:04:58
25094,2,2026-06-21 10:45:06
25095,1,2026-06-14 22:05:21
25096,1,2026-06-30 04:25:28
25097,1,2026-05-08 20:45:12
25098,1,2026-06-18 09:25:12
25105,1,2026-06-28 13:45:22
25106,1,2026-06-20 23:45:34
25107,1,2026-06-13 17:25:20
25108,1,2026-06-27 03:25:23
25109,1,2026-07-01 18:05:33
25110,1,2026-06-30 13:45:11
25111,1,2026-06-30 15:25:07
25112,1,2026-06-27 12:25:05
25113,1,2026-06-24 19:05:13
25114,1,2026-06-28 07:05:13
25115,1,2026-06-30 06:25:19
25116,1,2026-06-30 13:45:11
25117,2,2026-07-01 18:05:33
25118,1,2026-06-30 13:45:11
25119,1,2026-06-29 06:45:39
25120,1,2026-06-23 22:05:06
25121,1,2026-06-13 19:25:19
25122,1,2026-07-01 18:05:33
25123,1,2026-06-29 09:05:34
25124,1,2026-06-23 12:04:58
25125,1,2026-06-29 09:05:34
25126,1,2026-06-29 13:45:17
25127,1,2026-04-22 01:43:08
25128,1,2026-06-21 17:45:23
25129,1,2026-06-29 08:46:03
25130,1,2026-06-29 21:05:36
25131,1,2026-07-01 06:45:04
25132,1,2026-07-01 05:24:59
25133,1,2026-06-27 03:05:22
25134,1,2026-06-30 07:25:12
25135,1,2026-06-25 06:24:54
25136,1,2026-06-15 00:25:16
25137,1,2026-07-01 18:05:33
25138,1,2026-07-01 18:05:33
25139,1,2026-06-29 10:05:24
25140,1,2026-06-24 15:05:01
25141,1,2026-06-27 15:45:14
25142,1,2026-06-26 21:05:06
25143,1,2026-06-22 01:25:06
25144,1,2026-07-01 18:05:33
25146,1,2026-07-01 18:05:33
25147,1,2026-07-01 18:05:33
25148,1,2026-06-22 00:05:15
25149,1,2026-06-18 12:25:37
25156,1,2026-07-01 06:45:04
25157,1,2026-07-01 01:05:16
25158,1,2026-06-26 03:24:54
25160,1,2026-06-30 06:45:16
25161,1,2026-07-01 15:05:19
25162,1,2026-06-30 04:25:28
25163,1,2026-06-29 20:45:33
25164,1,2026-07-01 01:45:13
25165,1,2026-06-23 13:45:01
25166,1,2026-06-29 21:05:36
25167,1,2026-07-01 18:05:33
25168,1,2026-06-12 20:25:02
25169,1,2026-06-28 12:25:18
25170,1,2026-07-01 06:25:02
25171,1,2026-07-01 18:05:33
25172,1,2026-06-27 19:25:31
25174,1,2026-06-25 20:24:56
25175,1,2026-07-01 18:05:33
25176,1,2026-06-29 22:05:33
25177,1,2026-06-30 21:05:10
25178,1,2026-06-29 13:45:17
25179,1,2026-07-01 18:05:33
25180,1,2026-06-30 13:25:06
25181,1,2026-06-07 20:45:19
25182,1,2026-04-20 08:02:36
25183,1,2026-03-13 15:22:37
25184,1,2026-07-01 04:25:06
25185,2,2026-07-01 03:05:07
25186,1,2026-06-27 17:45:17
25187,1,2026-07-01 18:05:33
25188,1,2026-07-01 18:05:33
25189,1,2026-06-19 19:45:22
25190,1,2026-06-24 14:25:03
25191,1,2026-06-06 21:25:06
25192,1,2026-07-01 18:05:33
25199,1,2026-06-26 21:05:06
25200,1,2026-06-30 06:25:19
25201,1,2026-06-23 06:04:56
25202,1,2026-07-01 18:05:33
25203,1,2026-06-29 00:05:47
25204,1,2026-07-01 18:05:33
25205,1,2026-07-01 18:05:33
25206,1,2026-07-01 18:05:33
25207,1,2026-06-29 19:25:25
25208,1,2026-06-28 19:05:28
25209,1,2026-06-29 00:45:41
25210,2,2026-04-29 19:43:48
25211,1,2026-06-21 15:05:23
25212,1,2026-07-01 03:45:06
25213,1,2026-07-01 04:25:06
25214,1,2026-07-01 11:05:12
25215,1,2026-07-01 18:05:33
25216,2,2026-07-01 18:05:33
25217,1,2026-06-14 18:05:30
25218,1,2026-06-25 06:44:57
25219,1,2026-06-18 17:45:24
25220,1,2026-07-01 18:05:33
25221,1,2026-07-01 11:05:12
25222,1,2026-06-29 07:45:39
25223,1,2026-06-01 10:25:27
25224,1,2026-05-11 22:24:57
25226,1,2026-07-01 18:05:33
25227,2,2026-06-30 07:25:12
25228,1,2026-06-29 13:05:17
25229,1,2026-06-29 08:25:37
25230,1,2026-07-01 00:25:17
25231,1,2026-07-01 12:45:09
25232,1,2026-06-24 02:05:24
25233,1,2026-06-17 00:05:24
25234,1,2026-06-27 14:25:05
25235,1,2026-06-30 19:05:13
25236,1,2026-07-01 18:05:33
25237,1,2026-06-13 07:25:01
25238,1,2026-06-19 12:25:28
25239,1,2026-06-26 16:24:57
25240,1,2026-07-01 18:05:33
25241,1,2026-06-28 01:05:39
25242,1,2026-06-29 20:45:33
25243,1,2026-07-01 18:05:33
25244,1,2026-06-30 10:05:03
25245,1,2026-06-22 15:05:12
25246,1,2026-06-29 00:45:41
25247,1,2026-06-15 08:25:21
25248,1,2026-07-01 16:45:27
25249,1,2026-06-21 19:45:27
25250,1,2026-06-28 22:45:45
25251,1,2026-06-25 23:05:03
25252,1,2026-06-15 20:05:33
25253,1,2026-04-07 16:22:24
25255,1,2026-06-29 06:45:39
25261,1,2026-06-17 09:25:21
25262,1,2026-07-01 11:05:12
25263,1,2026-06-16 20:25:19
25264,1,2026-06-22 23:05:03
25265,1,2026-05-22 01:25:32
25266,1,2026-06-26 18:45:02
25267,1,2026-03-23 14:22:32
25268,1,2026-06-29 06:25:39
25269,1,2026-07-01 18:05:33
25270,1,2026-06-30 13:05:02
25271,1,2026-07-01 13:05:13
25272,1,2026-07-01 18:05:33
25273,1,2026-06-30 20:05:11
25274,1,2026-07-01 18:05:33
25275,1,2026-07-01 15:25:22
25276,1,2026-06-03 17:25:06
25277,1,2026-06-28 00:25:34
25278,1,2026-06-26 19:25:03
25279,1,2026-06-29 13:45:17
25280,1,2026-05-29 23:05:21
25281,1,2026-07-01 18:05:33
25282,1,2026-06-28 19:45:30
25283,1,2026-06-30 05:25:23
25284,1,2026-07-01 18:05:33
25286,1,2026-06-30 05:25:23
25287,1,2026-07-01 18:05:33
25288,2,2026-07-01 18:05:33
25289,1,2026-06-10 01:45:07
25291,1,2026-07-01 18:05:33
25292,1,2026-06-26 09:24:51
25293,1,2026-05-27 09:45:24
25294,1,2026-06-13 23:45:16
25299,1,2026-07-01 04:25:06
25300,1,2026-07-01 18:05:33
25301,1,2026-07-01 18:05:33
25302,3,2026-07-01 18:05:33
25303,2,2026-06-29 21:25:40
25304,1,2026-06-29 06:45:39
25305,1,2026-06-23 12:04:58
25306,2,2026-07-01 18:05:33
25307,1,2026-07-01 18:05:33
25308,1,2026-05-13 12:44:45
25309,1,2026-06-27 10:45:06
25310,1,2026-06-22 20:05:11
25311,1,2026-06-30 15:25:07
25312,1,2026-06-27 07:05:18
25313,1,2026-06-30 06:45:16
25314,1,2026-07-01 18:05:33
25315,1,2026-06-29 14:45:19
25316,1,2026-06-27 07:25:18
25317,1,2026-06-26 02:44:56
25318,1,2026-06-30 19:05:13
25319,1,2026-07-01 18:05:33
25320,1,2026-07-01 18:05:33
25321,1,2026-07-01 18:05:33
25322,1,2026-06-20 19:25:22
25323,1,2025-11-12 12:02:20
25324,1,2026-06-30 05:25:23
25325,2,2026-07-01 18:05:33
25326,1,2026-07-01 18:05:33
25327,1,2026-06-29 09:25:32
25328,1,2026-06-25 06:44:57
25329,1,2026-07-01 18:05:33
25330,1,2026-06-27 07:05:18
25331,1,2026-07-01 18:05:33
25332,1,2026-06-23 14:05:05
25333,2,2026-07-01 15:25:22
25334,1,2026-06-26 19:25:03
25335,1,2026-06-30 19:05:13
25336,1,2026-05-19 18:05:25
25337,1,2025-11-12 05:02:24
25340,1,2026-06-24 19:05:13
25345,1,2026-06-25 16:45:02
25354,1,2026-05-11 14:04:44
25355,1,2026-06-25 22:45:05
25356,1,2026-06-25 22:25:03
25363,1,2026-05-05 00:45:13
25365,1,2026-06-25 22:25:03
25366,1,2026-06-08 22:25:27
25367,1,2026-06-21 04:25:18
25368,1,2026-06-25 22:45:05
25369,1,2026-05-25 14:26:02
25371,1,2026-06-18 19:05:24
25372,1,2026-06-18 05:45:23
25373,1,2025-11-05 20:22:17
25375,1,2026-07-01 18:05:33
25383,1,2026-06-18 19:05:24
25384,1,2026-06-12 19:04:57
25385,1,2026-05-05 23:45:01
25386,1,2026-06-26 13:24:51
25387,1,2026-07-01 08:45:52
25388,1,2026-06-26 05:44:59
25390,2,2026-06-25 16:45:02
25391,1,2026-06-17 17:45:26
25392,1,2026-06-13 20:45:22
25397,1,2026-06-03 19:05:06
25398,1,2026-06-23 06:24:56
25400,1,2026-06-23 06:24:56
25402,1,2026-06-26 22:45:15
25403,1,2026-06-03 19:05:06
25404,1,2026-07-01 14:45:20
25425,12,2026-06-29 20:05:26
25426,8,2026-05-21 17:25:12
25428,1,2025-11-15 05:02:27
25434,6,2026-05-25 16:25:54
25436,2,2026-05-25 16:25:54
25438,19,2026-07-01 18:05:33
25439,31,2026-07-01 18:05:33
25450,9,2026-06-22 22:04:57
25451,8,2026-01-30 13:22:30
25452,4,2026-01-31 00:02:37
25453,3,2026-01-31 00:02:37
25454,2,2026-05-09 21:44:47
25456,5,2026-07-01 18:05:33
25649,494,2026-07-01 18:05:33
25650,5,2026-07-01 18:05:33
25651,1,2025-12-24 05:02:33
25653,9,2026-07-01 17:25:29
25654,1,2026-06-07 05:45:15
25655,1,2026-06-04 23:05:14
25656,1,2026-01-24 13:02:35
25657,7,2026-06-26 14:45:03
25659,5,2026-07-01 03:45:06
25660,4,2026-06-27 22:25:28
25661,1,2026-06-21 12:05:11
25662,1,2026-06-16 16:05:14
25668,3,2026-07-01 18:05:33
25669,3,2026-06-07 05:45:15
25670,1,2026-06-28 01:05:39
25671,1,2026-07-01 03:25:06
25673,1,2026-05-20 19:05:07
25674,3,2026-06-13 07:25:01
25676,3,2026-07-01 03:45:06
25681,1,2025-12-13 23:22:53
25683,1,2026-02-28 20:42:37
25687,1,2026-01-26 23:02:42
25689,1,2025-11-18 04:02:57
25690,2,2025-11-07 05:02:05
25691,1,2026-03-20 10:22:32
25694,1,2026-01-28 21:42:33
25696,1,2026-01-03 06:43:12
25697,1,2025-12-03 15:03:01
25699,12,2026-07-01 18:05:33
25700,15,2026-07-01 18:05:33
25703,1,2026-07-01 01:05:16
25725,1,2026-07-01 18:05:33
25726,1,2026-07-01 18:05:33
25813,6,2026-01-30 17:22:30
25843,5,2026-07-01 18:05:33
25844,4,2026-07-01 18:05:33
25845,4,2026-07-01 18:05:33
25846,1,2026-07-01 18:05:33
25847,2,2026-07-01 18:05:33
25848,5,2026-07-01 18:05:33
25849,5,2026-07-01 18:05:33
25867,3,2026-06-29 14:05:17
25868,1,2026-07-01 18:05:33
25872,1,2026-01-10 21:43:04
25875,1,2026-04-21 12:42:45
25886,20,2026-07-01 18:05:33
25887,2,2026-07-01 18:05:33
25890,1,2025-12-16 17:02:39
25893,1,2026-06-21 16:05:19
25894,1,2026-01-08 23:03:01
25895,1,2026-05-03 01:04:41
25896,1,2025-11-26 18:02:42
25897,1,2026-01-13 19:22:58
25898,2,2026-04-29 12:24:06
25899,3,2026-07-01 14:25:16
25901,1,2026-05-24 03:05:55
25905,1,2026-07-01 17:25:29
25906,1,2026-07-01 15:05:19
25907,1,2026-07-01 18:05:33
25909,1,2026-07-01 18:05:33
27422,445,2026-07-01 18:05:33
27425,117,2026-07-01 18:05:33
27429,100,2026-07-01 18:05:33
27435,3,2026-07-01 18:05:33
27437,31,2026-07-01 18:05:33
27438,200,2026-07-01 18:05:33
27439,153,2026-07-01 18:05:33
27441,124,2026-04-19 17:02:48
27442,1,2026-07-01 15:25:22
27443,5,2026-03-22 16:42:36
27498,14,2026-07-01 18:05:33
27499,6,2026-07-01 18:05:33
27500,6,2026-07-01 13:45:14
27501,15,2026-07-01 18:05:33
27502,2,2026-07-01 18:05:33
27503,5,2026-07-01 18:05:33
27532,6,2026-07-01 18:05:33
27635,9,2026-04-29 15:43:54
27636,40,2026-06-11 09:04:32
27651,4,2026-07-01 18:05:33
27655,46,2026-07-01 10:25:15
27656,6,2026-06-28 01:25:36
27657,20,2026-06-27 15:25:12
27658,45,2026-07-01 17:25:29
27659,5,2026-07-01 14:25:16
27660,7,2026-07-01 07:45:09
27661,48,2026-07-01 10:25:15
27662,15,2026-06-30 02:25:27
27663,18,2026-07-01 18:05:33
27664,16,2026-07-01 18:05:33
27665,9,2026-06-28 02:45:36
27666,50,2026-06-28 22:05:43
27667,14,2026-07-01 15:25:22
27668,76,2026-07-01 18:05:33
27669,3,2026-07-01 16:25:26
27671,306,2026-07-01 18:05:33
27674,63,2026-07-01 18:05:33
27685,3,2026-07-01 18:05:33
27686,3,2026-07-01 18:05:33
27687,2,2026-07-01 18:05:33
27688,5,2026-07-01 18:05:33
27689,4,2026-07-01 18:05:33
27690,2,2026-07-01 18:05:33
27691,5,2026-07-01 18:05:33
27692,3,2026-07-01 18:05:33
27693,5,2026-07-01 18:05:33
27694,7,2026-07-01 18:05:33
27695,7,2026-07-01 18:05:33
27696,6,2026-07-01 18:05:33
27697,4,2026-07-01 18:05:33
27698,4,2026-07-01 18:05:33
27699,5,2026-07-01 18:05:33
27700,5,2026-07-01 18:05:33
27736,5,2026-07-01 18:05:33
27854,13,2026-07-01 18:05:33
28053,2877,2026-05-06 18:44:35
28060,1000,2026-06-01 07:05:21
28061,6909,2025-11-06 01:42:17
28100,10,2026-07-01 18:05:33
28101,1,2026-06-30 17:05:14
28118,1,2026-03-26 23:02:41
28119,1,2026-03-18 08:02:50
28120,2,2026-03-23 00:02:41
28123,1,2026-02-26 16:42:36
28270,4,2026-07-01 18:05:33
28279,2,2026-07-01 18:05:33
28280,1,2026-07-01 18:05:33
28282,1,2026-07-01 18:05:33
28290,1,2026-07-01 18:05:33
28362,1,2026-03-16 13:42:51
28363,1,2026-03-21 09:02:26
28461,1,2026-06-12 17:04:51
28466,1,2026-07-01 18:05:33
28468,1,2026-03-17 03:02:43
28486,6,2026-05-03 13:04:45
28491,1,2026-06-25 19:05:02
28492,1,2026-06-09 00:25:39
28493,1,2026-05-23 17:45:53
28494,1,2026-05-31 04:05:24
28495,4,2026-07-01 18:05:33
28496,1,2026-07-01 18:05:33
28497,2,2026-07-01 18:05:33
28498,2,2026-07-01 18:05:33
28501,24,2026-07-01 18:05:33
28531,1,2026-06-29 05:05:41
28532,1,2026-07-01 18:05:33
28533,1,2026-07-01 18:05:33
28534,1,2026-07-01 18:05:33
28535,1,2026-07-01 12:05:10
28536,1,2026-06-26 21:45:07
28537,1,2026-07-01 18:05:33
28538,1,2026-06-13 07:25:01
28539,1,2026-06-24 22:05:16
28540,1,2026-06-19 19:25:21
28541,1,2026-07-01 18:05:33
28542,1,2026-06-29 02:45:43
28543,1,2026-06-27 11:25:02
28544,1,2026-07-01 02:45:11
28595,1,2026-07-01 18:05:33
28979,1,2026-06-28 15:45:23
29007,1,2026-06-21 20:25:17
29009,1,2026-05-04 20:45:06
29112,4,2026-07-01 18:05:33
29157,13,2026-07-01 18:05:33
29158,11,2026-07-01 18:05:33
29159,1,2026-07-01 18:05:33
29160,3,2026-07-01 18:05:33
29201,1,2026-07-01 18:05:33
29202,1,2026-07-01 18:05:33
29203,1,2026-06-17 11:05:12
29292,6,2026-07-01 18:05:33
29363,1,2026-06-22 22:04:57
29364,1,2026-06-28 21:05:35
29371,1,2026-05-23 17:25:52
29372,1,2026-03-24 00:42:36
29377,1,2026-03-09 18:42:35
29380,1,2026-06-10 14:44:37
29451,18,2026-07-01 18:05:33
29453,2,2026-06-28 15:45:23
29487,3,2026-06-14 00:25:14
29518,1,2026-06-21 19:45:27
29528,1,2026-06-09 15:45:25
29529,3,2026-06-27 02:25:23
29532,1,2026-06-23 13:25:01
29533,1,2025-12-23 21:42:34
29534,1,2026-06-21 02:05:26
29535,1,2026-07-01 18:05:33
29536,1,2026-07-01 18:05:33
29539,9,2026-07-01 18:05:33
29540,1,2026-03-19 10:42:33
29547,2,2026-07-01 18:05:33
29548,5,2026-07-01 07:45:09
29549,1,2026-07-01 18:05:33
29550,2,2026-07-01 18:05:33
29553,13,2025-12-09 05:42:51
29555,1,2026-06-25 16:45:02
29567,4,2026-06-25 16:45:02
29568,1,2026-06-25 16:45:02
29570,5,2025-12-15 03:42:48
29571,2,2025-12-25 17:02:33
29576,2,2025-12-15 03:42:48
29578,2,2026-06-29 09:45:28
29579,22,2026-06-25 13:05:00
29581,1,2026-05-30 10:25:12
29583,1,2026-07-01 18:05:33
29584,2,2026-07-01 18:05:33
29714,3,2026-07-01 18:05:33
29718,1,2026-06-20 18:05:17
29723,1,2026-06-27 08:25:16
29724,2,2026-07-01 18:05:33
29725,2,2026-07-01 18:05:33
29730,3,2026-07-01 18:05:33
29731,1,2026-06-30 05:25:23
29732,2,2026-07-01 18:05:33
29733,2,2026-07-01 18:05:33
29734,1,2026-06-30 15:05:07
29956,1,2026-07-01 18:05:33
29957,1,2026-07-01 18:05:33
29958,2,2026-07-01 18:05:33
29960,1,2026-07-01 18:05:33
30032,1,2025-11-04 06:42:11
30034,1,2026-01-10 22:03:01
30038,1,2025-11-02 00:22:02
30044,1,2025-12-07 19:23:02
30155,20,2026-07-01 18:05:33
30156,3,2026-07-01 18:05:33
30183,20,2026-07-01 18:05:33
30282,1,2025-11-02 13:42:02
30283,1,2026-06-19 21:05:40
30305,1,2026-07-01 18:05:33
30306,1,2026-07-01 18:05:33
30307,1,2026-06-06 16:45:04
30308,1,2026-07-01 18:05:33
30419,1,2026-07-01 07:45:09
30420,37,2026-07-01 18:05:33
30421,13,2026-07-01 18:05:33
30422,8,2026-07-01 18:05:33
30437,1,2026-06-08 15:25:18
30458,15,2025-11-23 04:42:47
30483,1,2026-06-26 11:44:55
30513,4,2026-05-29 18:25:18
30542,1,2025-12-17 00:22:43
30722,1,2026-07-01 12:45:09
30727,1,2025-12-26 19:23:00
30729,1,2026-01-10 15:03:02
30730,1,2025-11-07 22:22:18
30732,1,2025-10-26 18:21:56
30733,1,2025-10-28 22:42:05
30734,1,2025-12-07 14:03:01
30735,1,2025-11-08 06:02:19
30744,2,2026-06-01 12:45:25
30745,1,2026-07-01 14:25:16
30746,1,2026-07-01 18:05:33
30747,1,2026-07-01 18:05:33
30748,1,2026-07-01 18:05:33
30753,1,2026-05-04 15:24:49
30755,1,2026-05-21 21:05:27
30804,1,2026-06-11 17:24:47
30812,1,2026-04-19 04:22:32
30816,40,2026-06-28 17:45:22
30817,40,2026-07-01 14:05:16
30838,1,2026-01-02 18:43:13
31079,6,2026-07-01 18:05:33
31080,4,2026-07-01 18:05:33
31125,3,2026-07-01 18:05:33
31126,3,2026-07-01 18:05:33
31127,3,2026-07-01 18:05:33
31131,1,2026-07-01 17:25:29
31133,2,2026-07-01 18:05:33
31134,4,2026-07-01 18:05:33
31136,2,2026-07-01 18:05:33
31137,1,2026-07-01 18:05:33
31138,4,2026-07-01 18:05:33
31139,1,2026-07-01 18:05:33
31140,1,2026-07-01 18:05:33
31142,4,2026-07-01 18:05:33
31143,3,2026-07-01 18:05:33
31145,1,2026-07-01 18:05:33
31147,1,2026-07-01 18:05:33
31148,1,2026-07-01 18:05:33
31149,2,2026-07-01 18:05:33
31150,1,2026-07-01 18:05:33
31151,1,2026-07-01 07:05:06
31152,2,2026-07-01 18:05:33
31159,1,2026-06-23 01:25:09
31160,1,2026-06-30 15:05:07
31161,1,2026-06-22 18:45:12
31162,1,2026-06-26 12:24:48
31163,1,2026-06-19 20:45:43
31164,1,2026-06-18 21:05:35
31165,1,2026-07-01 18:05:33
31166,1,2026-06-05 15:25:05
31168,1,2026-06-26 18:25:03
31170,1,2026-07-01 13:45:14
31172,2,2026-07-01 18:05:33
31173,5,2026-07-01 18:05:33
31174,1,2026-06-30 20:05:11
31175,5,2026-07-01 18:05:33
31176,3,2026-07-01 18:05:33
31177,1,2026-07-01 18:05:33
31178,2,2026-07-01 18:05:33
31179,1,2026-07-01 17:25:29
31180,1,2026-07-01 18:05:33
31181,4,2026-07-01 18:05:33
31182,1,2026-07-01 07:05:06
31183,1,2026-06-29 13:05:17
31184,1,2026-06-17 18:05:28
31185,1,2026-06-21 05:25:14
31186,3,2026-07-01 18:05:33
31187,1,2026-07-01 18:05:33
31188,1,2026-06-29 10:45:22
31189,1,2026-06-28 18:25:24
31190,2,2026-07-01 18:05:33
31191,1,2026-07-01 18:05:33
31192,1,2026-06-29 22:05:33
31193,1,2026-06-30 20:25:11
31194,1,2026-07-01 12:45:09
31195,1,2026-05-22 01:05:27
31202,2,2026-07-01 18:05:33
31203,1,2026-06-23 12:04:58
31204,1,2026-07-01 03:05:07
31209,1,2026-06-26 12:24:48
31210,1,2026-06-26 12:24:48
31211,1,2026-05-21 10:45:15
31212,1,2026-07-01 18:05:33
31213,1,2026-06-26 12:24:48
31214,1,2026-06-05 11:05:07
31215,1,2026-06-19 21:45:36
31216,1,2026-06-26 15:25:02
31217,1,2026-07-01 00:05:18
31218,1,2026-06-11 23:44:53
31219,1,2026-06-22 07:25:06
31220,1,2026-07-01 18:05:33
31221,1,2026-06-19 18:25:25
31222,1,2026-07-01 18:05:33
31223,1,2026-06-25 21:04:56
31224,1,2026-06-19 02:45:40
31225,1,2026-07-01 18:05:33
31226,1,2026-07-01 18:05:33
31227,1,2026-06-20 10:25:24
31228,1,2026-06-22 16:05:12
31229,1,2026-06-28 22:05:43
31230,2,2026-07-01 18:05:33
31231,1,2026-06-22 20:05:11
31232,1,2026-05-21 21:25:25
31233,1,2026-06-29 18:45:21
31234,1,2026-06-30 23:05:18
31235,1,2026-06-28 21:25:37
31236,1,2026-05-20 20:05:06
31237,2,2026-07-01 18:05:33
31238,1,2026-06-26 20:05:06
31240,1,2026-06-28 18:25:24
31242,1,2026-06-07 06:05:20
31243,1,2026-06-15 18:45:23
31244,1,2026-06-30 06:45:16
31246,1,2026-07-01 18:05:33
31247,1,2026-06-30 16:05:06
31248,1,2026-06-29 08:05:36
31250,2,2026-07-01 18:05:33
31258,1,2026-06-30 18:45:13
31263,1,2026-06-29 07:05:40
31264,1,2026-06-30 01:25:27
31268,1,2026-06-25 01:25:16
31269,1,2026-06-23 05:25:00
31270,1,2026-07-01 04:05:11
31272,2,2026-07-01 18:05:33
31275,1,2026-06-25 08:24:58
31276,1,2026-06-22 17:05:06
31277,1,2026-06-30 18:45:13
31280,1,2026-06-29 15:05:21
31281,1,2026-07-01 18:05:33
31282,1,2026-07-01 18:05:33
31283,1,2026-06-29 16:45:18
31284,1,2026-06-26 13:24:51
31285,1,2026-07-01 02:25:10
31286,1,2026-07-01 18:05:33
31287,1,2026-07-01 07:45:09
31288,1,2026-07-01 18:05:33
31289,1,2026-06-29 16:45:18
31290,1,2026-06-30 19:25:16
31291,2,2026-07-01 18:05:33
31292,2,2026-07-01 18:05:33
31293,1,2026-07-01 12:05:10
31294,1,2026-06-29 19:25:25
31295,1,2026-06-28 16:25:20
31297,3,2026-07-01 18:05:33
31298,2,2026-07-01 18:05:33
31299,5,2026-07-01 18:05:33
31303,1,2026-07-01 18:05:33
31304,1,2026-07-01 18:05:33
31305,1,2026-07-01 18:05:33
31306,1,2026-07-01 18:05:33
31308,1,2026-06-30 13:45:11
31318,2,2026-07-01 18:05:33
31319,1,2026-06-27 16:45:15
31320,1,2026-06-30 20:45:13
31321,1,2026-07-01 18:05:33
31322,1,2026-07-01 05:44:59
31326,1,2026-06-26 03:04:56
31328,1,2026-06-29 15:05:21
31334,1,2026-07-01 10:25:15
31335,1,2026-06-29 18:05:25
31336,1,2026-07-01 18:05:33
31338,3,2026-07-01 18:05:33
31339,1,2026-07-01 18:05:33
31340,1,2026-07-01 18:05:33
31342,1,2026-07-01 12:25:09
31343,1,2026-07-01 18:05:33
31501,1,2026-07-01 18:05:33
31570,1,2025-12-31 05:42:55
31578,1,2026-06-16 05:25:37
31580,1,2026-06-30 22:25:19
31670,10,2026-07-01 18:05:33
31671,49,2026-07-01 18:05:33
31672,20,2026-07-01 01:05:16
31673,20,2026-07-01 18:05:33
31677,16,2025-11-03 14:22:06
31679,15,2026-06-05 02:25:05
31837,2,2026-07-01 18:05:33
31856,1,2026-06-29 20:25:29
31857,2,2026-07-01 18:05:33
31858,2,2026-07-01 18:05:33
31859,1,2026-06-28 13:05:18
31865,3,2026-05-14 09:06:03
31867,2,2026-06-26 01:04:59
31868,4,2026-06-29 20:05:26
31873,1,2026-06-27 08:25:16
31875,1,2026-06-27 10:45:06
31876,1,2026-07-01 18:05:33
31877,1,2026-06-26 04:04:58
31878,1,2026-07-01 18:05:33
31879,1,2026-07-01 18:05:33
31940,1,2026-07-01 13:45:14
31942,1,2026-06-23 06:44:55
31944,4,2026-07-01 18:05:33
31945,2,2026-05-09 21:44:47
32062,18,2026-06-28 21:05:35
32063,4,2026-06-23 15:44:58
32067,21,2026-07-01 18:05:33
32068,2,2026-06-08 20:05:32
32193,2,2026-03-11 18:42:44
32194,1,2026-06-05 08:45:40
32195,1,2026-02-02 06:02:41
32196,5,2026-07-01 15:05:19
32197,1,2026-05-09 03:45:10
32198,2,2025-11-26 14:02:37
32199,1,2025-11-29 23:22:52
32200,2,2026-04-04 06:02:26
32201,1,2026-06-05 08:45:40
32202,2,2025-12-23 02:42:48
32203,10,2026-01-09 14:43:03
32204,1,2026-05-13 10:24:44
32205,2,2025-12-22 12:22:42
32206,1,2026-01-08 13:43:03
32207,1,2025-12-06 13:42:49
32208,1,2025-12-22 14:22:43
32215,1,2026-01-17 00:02:45
32216,1,2026-01-04 05:43:19
32217,1,2026-05-31 16:45:36
32218,3,2026-06-05 08:45:40
32219,2,2026-06-05 08:45:40
32220,3,2025-12-22 02:22:53
32221,3,2025-12-30 14:03:06
32222,1,2025-12-09 19:02:46
32223,2,2026-06-05 08:45:40
32224,1,2026-01-09 22:43:00
32225,1,2026-01-07 15:02:45
32226,1,2026-01-11 15:23:04
32227,4,2026-07-01 18:05:33
32228,3,2026-07-01 18:05:33
32229,6,2026-07-01 18:05:33
32230,2,2026-07-01 18:05:33
32231,5,2026-07-01 18:05:33
32249,3,2026-07-01 18:05:33
32381,3,2026-07-01 18:05:33
32409,1,2026-05-23 17:05:52
32410,1,2025-12-18 23:22:41
32411,1,2026-06-28 07:25:13
32420,1,2026-05-10 16:04:47
32508,1,2026-06-23 10:45:07
32535,1,2026-04-06 00:02:23
32540,1,2026-06-03 16:25:07
32541,1,2026-06-30 14:05:10
32568,1,2025-10-30 00:22:05
32576,1,2026-06-30 20:45:13
32584,1,2025-11-25 23:42:48
32598,1,2026-03-27 03:22:33
32599,1,2025-12-18 14:02:36
32600,1,2025-11-28 16:02:44
32655,1,2025-11-20 03:02:55
32656,1,2025-11-20 03:02:55
32658,1,2025-11-25 19:02:50
32661,1,2026-02-23 13:02:37
32662,1,2026-05-18 22:05:28
32663,1,2026-01-06 17:23:02
32675,1,2026-04-16 00:02:31
32676,1,2026-02-19 20:22:36
32679,1,2025-11-09 21:42:26
32727,1,2026-07-01 18:05:33
32737,1,2026-01-30 10:02:24
32739,1,2025-11-23 15:03:03
32745,2,2026-07-01 18:05:33
32747,1,2026-05-23 00:25:41
32749,1,2026-06-24 21:05:18
32751,1,2026-06-24 21:05:18
32755,1,2026-06-03 20:24:55
32772,1,2026-06-27 16:45:15
32774,1,2026-04-02 18:22:42
32776,1,2025-12-17 22:22:50
32836,4,2026-06-29 08:05:36
32852,5,2026-01-04 14:03:05
32897,14,2026-07-01 18:05:33
32902,67,2026-07-01 18:05:33
32905,19,2026-07-01 18:05:33
33048,117,2026-07-01 15:25:22
33052,12,2026-06-28 17:45:22
33053,2,2026-06-27 06:45:18
33093,12,2026-06-18 17:45:24
33122,1,2026-04-21 15:42:54
33185,1,2026-06-29 21:45:34
33186,1,2026-07-01 18:05:33
33208,2,2026-07-01 18:05:33
33358,1,2025-11-18 05:03:01
33359,1,2026-06-29 03:25:42
33360,1,2025-11-18 05:03:01
33363,1,2025-11-11 06:42:24
33364,1,2026-04-18 17:02:23
33365,1,2026-06-17 20:25:32
33369,2,2026-05-29 15:25:05
33371,1,2026-07-01 08:25:12
33372,1,2026-06-29 03:25:42
33373,1,2025-11-21 07:22:36
33374,1,2026-07-01 18:05:33
33375,1,2025-11-16 21:02:58
33378,1,2025-11-16 21:02:58
33381,1,2026-07-01 18:05:33
33391,1,2026-05-04 15:24:49
33392,1,2026-07-01 18:05:33
33393,1,2026-01-18 00:22:44
33407,1,2026-06-09 18:45:24
33409,1,2026-04-18 14:02:21
33410,1,2026-06-01 20:25:32
33413,1,2026-06-22 18:05:13
33422,1,2026-06-30 23:05:18
33423,2,2026-07-01 18:05:33
33424,1,2026-07-01 15:25:22
33425,1,2026-07-01 18:05:33
33426,1,2025-11-18 05:03:01
33427,1,2026-07-01 18:05:33
33428,1,2026-07-01 18:05:33
33429,1,2026-06-28 17:25:27
33430,2,2026-07-01 18:05:33
33431,1,2026-06-18 19:05:24
33434,1,2026-07-01 18:05:33
33435,1,2026-05-11 18:44:49
33436,1,2026-07-01 18:05:33
33437,1,2026-05-27 16:25:25
33438,1,2026-06-30 01:25:27
33439,1,2025-11-18 05:03:01
33440,1,2025-11-18 01:22:58
33443,1,2026-07-01 18:05:33
33444,8,2026-07-01 18:05:33
33445,3,2026-07-01 08:05:07
33447,130,2026-07-01 18:05:33
33448,96,2026-07-01 18:05:33
33449,5,2026-05-21 01:45:12
33451,12,2026-07-01 17:25:29
33452,36,2026-07-01 18:05:33
33454,2,2026-07-01 18:05:33
33457,17,2026-07-01 18:05:33
33458,2,2026-07-01 18:05:33
33459,2,2026-07-01 18:05:33
33460,3,2026-07-01 18:05:33
33461,16,2026-07-01 18:05:33
33462,21,2026-07-01 18:05:33
33470,750,2026-07-01 18:05:33
33549,20,2026-04-19 09:42:29
33561,5,2026-04-18 22:22:35
33567,205,2026-07-01 18:05:33
33568,1477,2026-07-01 18:05:33
33569,2,2025-11-18 05:03:01
33571,1,2026-05-07 12:44:39
33630,2,2026-05-07 18:44:53
33782,1,2026-03-24 12:02:32
33791,1,2026-06-02 16:25:36
33803,1000,2026-06-29 23:05:27
33823,18,2026-07-01 10:45:14
33824,13,2026-07-01 18:25:33
33866,10,2026-07-01 18:25:33
33867,1,2026-07-01 10:45:14
33872,15,2026-07-01 18:25:33
33874,16,2026-06-29 14:45:19
33924,1,2026-07-01 18:25:33
33954,2,2026-07-01 18:25:33
34052,193,2026-07-01 18:25:33
34053,37,2026-07-01 18:25:33
34056,20,2026-07-01 18:25:33
34068,2,2026-07-01 18:25:33
34085,2,2026-07-01 18:25:33
34086,1,2026-07-01 18:25:33
34087,1,2026-07-01 18:25:33
34100,1,2026-05-21 01:05:12
34105,1,2026-02-12 03:02:45
34113,35,2026-07-01 18:25:33
34125,106,2026-07-01 18:25:33
34220,1,2026-03-16 21:02:54
34330,2,2026-06-19 20:45:43
34361,1,2025-11-04 10:02:03
34362,1,2026-01-11 01:43:07
34411,60,2026-05-04 00:24:58
34440,27,2026-07-01 18:25:33
34482,2,2026-06-15 22:05:46
34504,4,2026-06-29 10:45:22
34535,1,2026-06-13 12:45:09
34537,1,2026-07-01 18:25:33
34538,5,2026-07-01 18:25:33
34539,1,2026-04-02 13:22:28
34599,148,2026-07-01 18:25:33
34622,1,2026-07-01 18:25:33
34664,15,2026-07-01 16:45:27
34721,242,2026-07-01 18:25:33
34722,98,2026-07-01 18:25:33
34747,36,2026-07-01 18:25:33
34748,20,2026-07-01 04:25:06
34749,53,2026-07-01 18:25:33
34750,27,2026-07-01 18:25:33
34751,44,2026-07-01 18:25:33
34752,70,2026-07-01 18:25:33
34753,28,2026-07-01 18:25:33
34754,1,2026-07-01 18:25:33
34755,69,2026-07-01 18:25:33
34756,12,2026-07-01 18:25:33
34757,1,2026-07-01 18:25:33
34758,1,2026-06-28 16:25:20
34759,138,2026-07-01 15:25:22
34760,1,2026-06-23 17:05:02
34761,60,2026-07-01 18:25:33
34762,35,2026-07-01 18:25:33
34763,63,2026-07-01 18:25:33
34764,42,2026-07-01 18:25:33
34765,91,2026-07-01 18:25:33
34766,20,2026-07-01 18:25:33
34767,145,2026-07-01 18:25:33
34768,23,2026-07-01 18:25:33
34769,42,2026-07-01 18:25:33
34826,1,2026-06-27 16:45:15
34827,1,2026-06-25 03:05:11
34828,1,2026-07-01 12:25:09
34829,1,2026-06-01 04:25:30
34831,1,2026-06-27 17:45:17
34832,37,2026-07-01 18:25:33
34837,1,2026-05-26 15:45:35
34850,5,2026-01-17 03:22:48
34859,1,2026-07-01 18:25:33
34861,4,2026-06-28 12:05:25
35128,4,2026-07-01 18:25:33
35186,1,2026-06-17 20:05:29
35187,1,2026-03-27 03:22:33
35189,1,2026-04-13 01:02:28
35190,1,2026-03-08 22:42:36
35191,1,2026-06-14 23:05:15
35192,1,2026-04-11 05:22:27
35193,1,2026-05-01 18:44:32
35194,1,2026-06-21 09:25:07
35195,1,2026-02-09 04:22:33
35197,1,2026-02-20 16:02:33
35202,1,2026-06-30 13:25:06
35203,1,2026-06-01 10:05:24
35216,1,2026-06-30 05:25:23
35217,1,2026-05-27 15:25:29
35218,1,2026-05-03 13:44:44
35219,1,2026-06-30 05:25:23
35285,1,2025-12-27 16:03:13
35315,1,2025-11-08 16:22:23
35316,1,2026-03-04 00:02:47
35318,1,2026-01-06 12:03:02
35501,1,2025-12-25 07:02:26
35503,1,2025-12-31 19:43:12
35557,14,2026-07-01 18:25:33
35563,90,2026-07-01 18:25:33
35564,10,2026-07-01 18:25:33
35579,8,2026-07-01 18:25:33
35594,1,2026-07-01 18:25:33
35615,5,2026-07-01 18:25:33
35616,1,2026-07-01 18:25:33
35622,67,2026-07-01 18:25:33
35623,39,2026-07-01 18:25:33
35624,92,2026-07-01 18:25:33
35625,403,2026-07-01 18:25:33
35627,128,2026-07-01 18:25:33
35639,3,2026-07-01 18:25:33
35640,3,2026-07-01 18:25:33
35641,7,2026-07-01 18:25:33
35652,7,2026-07-01 18:25:33
35653,4,2026-07-01 18:25:33
35654,1,2026-07-01 18:25:33
35664,1,2026-07-01 18:25:33
35665,2,2026-07-01 18:25:33
35666,1,2026-07-01 08:25:12
35681,1,2026-07-01 18:25:33
35682,2,2026-07-01 18:25:33
35683,1,2026-07-01 17:25:29
35707,1,2026-02-10 10:02:33
35758,1,2026-01-23 08:02:24
35759,1,2026-01-05 23:23:14
35760,1,2026-02-26 16:42:36
35761,1,2026-06-05 08:45:40
35788,1,2026-05-28 17:05:23
35790,1,2026-06-25 16:45:02
35791,1,2026-04-19 04:22:32
35794,1,2025-11-18 22:42:58
35947,2,2026-06-30 03:45:28
35948,3,2026-05-31 20:25:27
35949,4,2026-05-20 03:05:30
35951,6,2026-05-20 23:05:21
35953,5,2026-05-24 17:06:03
35954,20,2026-01-07 01:23:06
35955,1,2026-07-01 14:05:16
35956,1,2026-06-26 20:25:07
35957,1,2026-07-01 18:25:33
35958,3,2026-07-01 18:25:33
35959,2,2026-07-01 18:25:33
35963,1,2026-07-01 14:25:16
35967,1,2026-07-01 18:25:33
35968,2,2026-07-01 18:25:33
35969,1,2026-06-30 16:45:14
35970,1,2026-07-01 16:05:27
35971,1,2026-07-01 16:25:26
35972,1,2026-07-01 15:25:22
35973,2,2026-07-01 18:25:33
35974,1,2026-06-30 03:45:28
35975,1,2026-07-01 18:25:33
35976,1,2026-06-28 01:05:39
35977,2,2026-07-01 18:25:33
35978,1,2026-06-30 03:05:28
35979,1,2026-06-30 05:45:19
35980,1,2026-07-01 04:05:11
35981,1,2026-06-30 09:44:59
35982,1,2026-06-30 09:44:59
35983,1,2026-07-01 15:25:22
35984,1,2026-07-01 18:25:33
35985,1,2026-07-01 18:25:33
35986,1,2026-07-01 18:25:33
35987,1,2026-07-01 18:25:33
35988,1,2026-07-01 18:25:33
35989,2,2026-07-01 18:25:33
35990,1,2026-07-01 01:05:16
35991,1,2026-07-01 18:25:33
35992,1,2026-07-01 01:05:16
35993,1,2026-07-01 18:25:33
35994,1,2026-07-01 18:25:33
35995,1,2026-07-01 07:05:06
35996,1,2026-06-30 20:45:13
35997,1,2026-06-22 03:25:09
35998,1,2026-06-29 02:45:43
35999,2,2026-07-01 18:25:33
36000,1,2026-06-05 16:05:09
36001,2,2026-07-01 18:25:33
36002,1,2026-06-30 01:45:28
36003,1,2026-07-01 18:25:33
36004,1,2026-06-27 14:45:06
36005,1,2026-06-29 13:25:17
36006,2,2026-07-01 18:25:33
36007,1,2026-07-01 18:25:33
36008,1,2026-06-30 16:45:14
36009,1,2026-07-01 01:05:16
36010,1,2026-07-01 18:25:33
36017,1,2026-07-01 18:25:33
36018,1,2026-07-01 18:25:33
36019,1,2026-06-23 18:45:08
36020,1,2026-06-30 22:05:15
36021,1,2026-07-01 01:45:13
36022,1,2026-06-30 21:25:18
36023,1,2026-07-01 18:25:33
36024,1,2026-06-27 16:45:15
36025,1,2026-07-01 18:25:33
36026,1,2026-06-30 22:25:19
36027,1,2026-07-01 18:25:33
36028,1,2026-06-24 20:05:15
36029,2,2026-07-01 18:25:33
36030,1,2026-07-01 01:45:13
36031,1,2026-06-30 22:25:19
36032,1,2026-07-01 18:25:33
36033,1,2026-06-12 18:24:53
36034,1,2026-06-29 09:05:34
36035,3,2026-07-01 18:25:33
36036,1,2026-07-01 11:05:12
36037,2,2026-07-01 18:25:33
36038,1,2026-07-01 15:45:20
36039,1,2026-07-01 18:25:33
36040,1,2026-07-01 15:25:22
36041,1,2026-07-01 17:25:29
36042,1,2026-07-01 03:45:06
36043,3,2026-07-01 18:25:33
36044,1,2026-06-30 09:44:59
36045,1,2026-06-30 01:05:32
36046,1,2026-07-01 18:25:33
36047,1,2026-06-30 22:45:17
36048,2,2026-07-01 18:25:33
36050,1,2026-07-01 18:25:33
36056,1,2026-07-01 15:05:19
36057,3,2026-07-01 18:25:33
36058,2,2026-07-01 18:25:33
36059,1,2026-06-30 19:45:14
36060,1,2026-06-27 15:45:14
36061,1,2026-06-27 09:45:13
36062,1,2026-07-01 18:25:33
36063,1,2026-07-01 18:25:33
36064,1,2026-07-01 11:05:12
36065,1,2026-06-26 02:24:57
36066,1,2026-06-16 19:45:19
36067,1,2026-06-30 22:05:15
36068,1,2026-06-30 18:45:13
36069,1,2026-07-01 18:25:33
36070,1,2026-07-01 18:25:33
36071,2,2026-07-01 18:25:33
36072,1,2026-07-01 18:25:33
36073,1,2026-07-01 18:25:33
36074,2,2026-07-01 18:25:33
36075,1,2026-07-01 18:25:33
36076,2,2026-07-01 18:25:33
36077,3,2026-07-01 18:25:33
36078,1,2026-07-01 18:25:33
36079,1,2026-07-01 00:25:17
36080,2,2026-07-01 18:25:33
36081,1,2026-07-01 18:25:33
36082,5,2026-07-01 18:25:33
36083,1,2026-06-30 06:45:16
36084,1,2026-06-29 23:45:35
36085,2,2026-07-01 18:25:33
36086,1,2026-07-01 15:05:19
36087,1,2026-06-30 02:45:28
36088,1,2026-07-01 18:25:33
36089,1,2026-07-01 18:25:33
36090,1,2026-07-01 08:05:07
36091,1,2026-07-01 13:25:15
36092,3,2026-07-01 18:25:33
36093,1,2026-07-01 18:25:33
36094,1,2026-06-26 18:45:02
36095,2,2026-07-01 18:25:33
36096,3,2026-07-01 18:25:33
36097,1,2026-07-01 18:25:33
36098,1,2026-06-24 18:45:12
36099,2,2026-07-01 18:25:33
36100,3,2026-07-01 18:25:33
36101,1,2026-06-30 22:05:15
36102,1,2026-07-01 18:25:33
36103,1,2026-07-01 18:25:33
36104,1,2026-07-01 18:25:33
36105,2,2026-07-01 18:25:33
36106,1,2026-07-01 15:05:19
36107,1,2026-07-01 18:25:33
36108,1,2026-07-01 18:25:33
36109,1,2026-07-01 16:25:26
36110,1,2026-07-01 18:25:33
36117,1,2026-06-27 13:44:59
36118,1,2026-07-01 18:25:33
36119,1,2026-06-24 22:45:18
36120,1,2026-07-01 18:25:33
36121,1,2026-06-25 18:45:06
36122,2,2026-07-01 18:25:33
36123,1,2026-06-28 22:45:45
36124,1,2026-06-22 04:25:05
36125,1,2026-07-01 18:25:33
36126,1,2026-06-29 23:25:31
36127,1,2026-06-30 09:24:57
36128,1,2026-07-01 18:25:33
36129,1,2026-06-25 19:44:58
36130,1,2026-06-24 03:25:27
36131,1,2026-06-30 21:25:18
36132,1,2026-06-29 17:25:22
36133,1,2026-07-01 18:25:33
36134,1,2026-06-24 22:45:18
36135,1,2026-06-20 13:45:06
36136,1,2026-07-01 18:25:33
36137,1,2026-07-01 18:25:33
36138,1,2026-07-01 18:25:33
36139,1,2026-06-07 23:25:21
36140,2,2026-07-01 18:25:33
36141,1,2026-06-30 13:45:11
36142,1,2026-06-21 01:05:27
36143,1,2026-06-28 14:25:12
36144,1,2026-06-30 13:05:02
36145,1,2026-06-20 02:45:31
36146,1,2026-07-01 18:25:33
36147,1,2026-07-01 18:25:33
36148,1,2026-07-01 18:25:33
36149,2,2026-07-01 18:25:33
36150,1,2026-07-01 18:25:33
36151,1,2026-07-01 18:25:33
36152,1,2026-07-01 11:05:12
36153,1,2026-06-29 01:45:46
36160,4,2026-07-01 18:25:33
36161,1,2026-07-01 18:25:33
36162,3,2026-07-01 18:25:33
36163,1,2026-06-30 10:25:04
36164,1,2026-06-26 17:04:56
36165,1,2026-07-01 01:45:13
36166,1,2026-07-01 18:25:33
36167,1,2026-07-01 18:25:33
36168,1,2026-07-01 15:25:22
36169,1,2026-07-01 18:25:33
36170,1,2026-06-30 00:45:33
36171,1,2026-06-30 00:25:34
36172,1,2026-06-29 15:25:19
36173,1,2026-07-01 18:25:33
36174,1,2026-06-21 01:05:27
36175,1,2026-07-01 03:45:06
36176,1,2026-07-01 18:25:33
36177,1,2026-06-26 02:44:56
36178,1,2026-06-29 18:25:26
36179,3,2026-07-01 18:25:33
36180,1,2026-07-01 05:24:59
36181,1,2026-07-01 18:25:33
36182,1,2026-07-01 15:05:19
36183,1,2026-07-01 18:25:33
36184,1,2026-07-01 18:25:33
36185,2,2026-07-01 18:25:33
36186,1,2026-06-30 18:45:13
36187,3,2026-07-01 18:25:33
36188,1,2026-07-01 15:05:19
36189,3,2026-07-01 18:25:33
36190,1,2026-06-30 17:25:11
36191,1,2026-07-01 18:25:33
36192,1,2026-07-01 18:25:33
36194,1,2026-07-01 15:05:19
36195,1,2026-06-28 03:25:32
36196,4,2026-07-01 18:25:33
36197,2,2026-07-01 18:25:33
36198,1,2026-07-01 18:25:33
36200,1,2026-07-01 18:25:33
36205,1,2026-06-30 16:25:13
36206,1,2026-06-30 22:25:19
36207,1,2026-07-01 18:25:33
36208,1,2026-07-01 18:25:33
36209,1,2026-06-30 06:25:19
36210,1,2026-07-01 04:05:11
36211,1,2026-07-01 01:05:16
36212,1,2026-06-29 23:05:27
36213,1,2026-07-01 18:25:33
36214,1,2026-07-01 18:25:33
36215,1,2026-07-01 18:25:33
36216,1,2026-07-01 18:25:33
36217,1,2026-07-01 18:25:33
36218,1,2026-06-29 05:45:40
36219,1,2026-06-27 17:05:12
36220,2,2026-07-01 18:25:33
36221,1,2026-07-01 18:25:33
36222,1,2026-07-01 18:25:33
36223,1,2026-06-28 01:25:36
36224,1,2026-07-01 16:05:27
36225,1,2026-06-30 05:05:23
36226,1,2026-06-30 11:45:00
36227,1,2026-07-01 05:05:03
36228,1,2026-07-01 18:25:33
36229,1,2026-07-01 18:25:33
36230,2,2026-07-01 18:25:33
36231,1,2026-07-01 18:25:33
36232,1,2026-07-01 18:25:33
36233,1,2026-07-01 06:45:04
36234,1,2026-06-29 00:25:44
36235,1,2026-06-26 18:04:59
36236,1,2026-07-01 18:25:33
36237,1,2026-06-28 23:25:47
36238,1,2026-06-29 17:25:22
36239,1,2026-06-30 13:25:06
36240,1,2026-07-01 13:25:15
36241,1,2026-07-01 18:25:33
36242,1,2026-07-01 18:25:33
36243,1,2026-06-30 13:25:06
36244,1,2026-06-20 17:45:17
36245,1,2026-06-29 17:25:22
36246,1,2026-06-21 23:45:17
36247,1,2026-07-01 18:25:33
36248,1,2026-06-17 19:45:27
36249,1,2026-06-29 19:05:23
36250,1,2026-06-26 15:44:58
36251,1,2026-07-01 18:25:33
36252,1,2026-07-01 18:25:33
36253,1,2026-06-26 14:45:03
36254,1,2026-06-21 08:45:30
36255,1,2026-06-30 00:05:36
36256,1,2026-07-01 18:25:33
36257,3,2026-07-01 18:25:33
36258,1,2026-07-01 18:25:33
36265,2,2026-07-01 18:25:33
36266,1,2026-07-01 18:25:33
36267,2,2026-07-01 18:25:33
36268,1,2026-06-30 19:05:13
36269,1,2026-06-30 02:45:28
36270,3,2026-07-01 18:25:33
36271,2,2026-07-01 18:25:33
36272,1,2026-07-01 04:05:11
36273,4,2026-07-01 18:25:33
36274,2,2026-07-01 18:25:33
36275,3,2026-07-01 18:25:33
36276,1,2026-06-29 03:25:42
36277,1,2026-07-01 18:25:33
36278,1,2026-07-01 18:25:33
36279,1,2026-07-01 18:25:33
36280,4,2026-07-01 18:25:33
36281,1,2026-07-01 18:25:33
36282,1,2026-07-01 18:25:33
36283,1,2026-06-28 08:05:15
36284,1,2026-06-25 20:24:56
36285,1,2026-06-27 11:45:05
36286,1,2026-06-29 15:25:19
36287,1,2026-06-24 08:05:19
36288,1,2026-06-22 22:44:59
36289,1,2026-07-01 18:25:33
36290,1,2026-06-30 17:25:11
36291,1,2026-07-01 07:25:03
36292,2,2026-07-01 18:25:33
36293,2,2026-07-01 18:25:33
36294,1,2026-07-01 18:25:33
36295,1,2026-06-30 17:45:10
36296,1,2026-07-01 09:25:09
36297,1,2026-07-01 18:25:33
36298,1,2026-06-27 12:25:05
36299,1,2026-07-01 18:25:33
36300,3,2026-07-01 18:25:33
36301,2,2026-07-01 18:25:33
36303,1,2026-06-29 02:45:43
36304,1,2026-07-01 11:45:10
36310,1,2026-07-01 18:25:33
36311,1,2026-07-01 12:25:09
36312,2,2026-07-01 18:25:33
36313,1,2026-07-01 18:25:33
36314,3,2026-07-01 18:25:33
36315,1,2026-07-01 18:25:33
36316,1,2026-07-01 03:45:06
36317,1,2026-07-01 18:25:33
36318,1,2026-06-27 07:45:21
36319,1,2026-07-01 18:25:33
36320,1,2026-07-01 18:25:33
36321,1,2026-07-01 18:25:33
36322,1,2026-07-01 18:25:33
36323,1,2026-07-01 18:25:33
36324,1,2026-07-01 17:25:29
36325,1,2026-07-01 06:25:02
36326,1,2026-06-30 14:05:10
36327,1,2026-06-30 19:05:13
36328,1,2026-07-01 18:25:33
36329,1,2026-07-01 18:25:33
36330,1,2026-07-01 18:25:33
36331,1,2026-07-01 05:24:59
36332,1,2026-07-01 03:45:06
36333,1,2026-06-29 16:45:18
36334,1,2026-07-01 18:25:33
36335,2,2026-07-01 18:25:33
36336,1,2026-06-28 13:25:19
36337,1,2026-06-25 08:24:58
36338,1,2026-06-28 23:45:49
36339,1,2026-06-23 19:25:06
36340,1,2026-06-24 11:05:06
36341,1,2026-07-01 18:25:33
36342,1,2026-07-01 05:05:03
36343,1,2026-07-01 18:25:33
36344,1,2026-07-01 18:25:33
36345,1,2026-06-30 21:45:16
36346,1,2026-06-30 21:25:18
36347,1,2026-06-30 13:25:06
36348,1,2026-06-29 21:25:40
36349,2,2026-07-01 18:25:33
36350,1,2026-06-06 23:25:22
36351,3,2026-07-01 18:25:33
36353,1,2026-07-01 18:25:33
36354,1,2026-07-01 18:25:33
36360,1,2026-06-28 22:45:45
36361,1,2026-07-01 18:25:33
36362,1,2026-07-01 18:25:33
36363,2,2026-07-01 18:25:33
36364,1,2026-06-28 05:05:26
36365,1,2026-06-30 21:25:18
36366,1,2026-07-01 18:25:33
36367,1,2026-06-20 12:25:07
36368,2,2026-07-01 18:25:33
36369,1,2026-06-29 21:05:36
36370,1,2026-07-01 18:25:33
36371,1,2026-07-01 18:25:33
36372,1,2026-07-01 18:25:33
36373,1,2026-06-30 21:45:16
36374,1,2026-07-01 18:25:33
36375,4,2026-07-01 18:25:33
36376,3,2026-07-01 18:25:33
36377,1,2026-07-01 02:25:10
36378,1,2026-06-28 00:05:31
36379,1,2026-07-01 18:25:33
36380,3,2026-07-01 18:25:33
36381,2,2026-07-01 18:25:33
36382,3,2026-06-30 00:45:33
36383,1,2026-07-01 18:25:33
36384,1,2026-07-01 18:25:33
36385,1,2026-07-01 18:25:33
36386,1,2026-07-01 18:25:33
36387,1,2026-07-01 17:25:29
36388,1,2026-06-28 23:05:46
36389,2,2026-07-01 18:25:33
36390,1,2026-07-01 18:25:33
36391,1,2026-07-01 18:25:33
36392,1,2026-07-01 18:25:33
36393,1,2026-07-01 15:25:22
36394,3,2026-07-01 18:25:33
36395,1,2026-06-28 00:25:34
36396,1,2026-07-01 18:25:33
36397,1,2026-06-28 16:25:20
36398,1,2026-06-26 02:24:57
36399,1,2026-06-29 12:45:17
36400,1,2026-06-29 00:05:47
36401,1,2026-07-01 17:25:29
36402,1,2026-07-01 18:25:33
36403,1,2026-06-28 20:25:34
36404,1,2026-07-01 04:05:11
36405,2,2026-07-01 18:25:33
36406,1,2026-06-30 09:24:57
36407,1,2026-07-01 05:44:59
36408,1,2026-07-01 16:05:27
36409,2,2026-07-01 18:25:33
36410,1,2026-07-01 18:25:33
36411,1,2026-07-01 18:25:33
36413,1,2026-07-01 03:45:06
36419,1,2026-06-30 23:25:21
36420,1,2026-06-30 22:05:15
36421,1,2026-07-01 16:05:27
36422,1,2026-07-01 14:45:20
36423,1,2026-07-01 18:25:33
36424,2,2026-06-28 14:25:12
36425,4,2026-07-01 01:05:16
36426,1,2026-06-26 05:04:58
36427,2,2026-07-01 18:25:33
36428,2,2026-07-01 18:25:33
36429,1,2026-06-30 04:45:26
36430,1,2026-06-30 21:45:16
36431,1,2026-07-01 18:25:33
36432,1,2026-07-01 01:05:16
36433,1,2026-07-01 18:25:33
36434,2,2026-07-01 18:25:33
36435,1,2026-07-01 18:25:33
36436,1,2026-07-01 18:25:33
36437,1,2026-06-21 13:45:18
36438,1,2026-07-01 18:25:33
36439,1,2026-07-01 18:25:33
36440,1,2026-06-25 14:25:04
36441,1,2026-07-01 03:45:06
36442,1,2026-07-01 18:25:33
36443,1,2026-07-01 18:25:33
36444,1,2026-07-01 18:25:33
36445,1,2026-06-30 22:25:19
36446,1,2026-07-01 02:05:11
36447,1,2026-06-30 17:45:10
36455,1,2026-06-29 13:25:17
36456,1,2026-06-30 09:24:57
36457,1,2026-07-01 18:25:33
36458,1,2026-06-26 22:05:10
36459,1,2026-06-29 15:05:21
36460,1,2026-06-30 10:45:03
36461,1,2026-06-30 04:25:28
36462,1,2026-06-30 17:25:11
36463,1,2026-07-01 18:25:33
36464,1,2026-06-23 00:05:04
36465,4,2026-07-01 18:25:33
36466,1,2026-07-01 18:25:33
36467,1,2026-07-01 18:25:33
36468,1,2026-06-30 11:25:00
36469,1,2026-06-30 11:25:00
36470,2,2026-07-01 18:25:33
36471,3,2026-07-01 18:25:33
36472,1,2026-07-01 18:25:33
36473,1,2026-07-01 18:25:33
36474,3,2026-07-01 18:25:33
36475,2,2026-07-01 18:25:33
36476,1,2026-06-30 23:05:18
36478,1,2026-06-28 15:25:23
36479,2,2026-07-01 18:25:33
36480,2,2026-07-01 18:25:33
36481,1,2026-07-01 05:44:59
36482,1,2026-07-01 18:25:33
36483,5,2026-07-01 18:25:33
36484,2,2026-07-01 18:25:33
36485,4,2026-07-01 18:25:33
36486,3,2026-07-01 18:25:33
36487,1,2026-07-01 09:25:09
36488,2,2026-07-01 18:25:33
36489,1,2026-07-01 18:25:33
36490,1,2026-06-29 14:25:16
36492,1,2026-06-23 16:25:00
36493,1,2026-06-30 05:25:23
36494,1,2026-06-27 21:05:33
36495,1,2026-06-22 00:05:15
36496,1,2026-07-01 18:25:33
36497,2,2026-07-01 18:25:33
36498,1,2026-07-01 18:25:33
36499,1,2026-06-29 04:05:43
36500,2,2026-07-01 08:25:12
36507,2,2026-07-01 18:25:33
36508,1,2026-07-01 18:25:33
36509,1,2026-06-29 01:45:46
36510,1,2026-07-01 18:25:33
36511,1,2026-06-30 15:25:07
36512,1,2026-07-01 18:25:33
36513,2,2026-07-01 18:25:33
36514,1,2026-06-14 02:05:18
36515,1,2026-06-30 05:05:23
36516,1,2026-06-30 17:45:10
36517,1,2026-07-01 18:25:33
36518,1,2026-07-01 18:25:33
36520,1,2026-07-01 12:45:09
36521,1,2026-07-01 18:25:33
36522,1,2026-07-01 18:25:33
36523,2,2026-07-01 18:25:33
36524,1,2026-07-01 14:05:16
36525,4,2026-07-01 18:25:33
36526,1,2026-07-01 18:25:33
36527,2,2026-07-01 18:25:33
36528,1,2026-06-26 02:24:57
36529,1,2026-07-01 12:45:09
36530,1,2026-07-01 03:45:06
36531,1,2026-07-01 18:25:33
36532,1,2026-07-01 18:25:33
36534,1,2026-06-30 09:24:57
36535,1,2026-06-20 12:05:07
36536,1,2026-06-28 20:25:34
36537,1,2026-06-29 14:05:17
36538,1,2026-06-13 22:25:20
36539,1,2026-07-01 18:25:33
36540,2,2026-07-01 18:25:33
36541,1,2026-06-30 13:05:02
36542,1,2026-06-30 19:05:13
36543,1,2026-07-01 18:25:33
36544,4,2026-07-01 18:25:33
36545,1,2026-07-01 18:25:33
36546,1,2026-07-01 12:45:09
36548,1,2026-07-01 11:45:10
36549,1,2026-06-28 22:45:45
36550,1,2026-07-01 18:25:33
36551,1,2026-06-30 13:05:02
36552,2,2026-07-01 18:25:33
36553,5,2026-07-01 18:25:33
36554,3,2026-07-01 18:25:33
36555,2,2026-07-01 18:25:33
36556,2,2026-07-01 18:25:33
36559,2,2026-07-01 18:25:33
36565,1,2026-07-01 18:25:33
36566,1,2026-06-29 02:25:43
36567,1,2026-07-01 18:25:33
36568,2,2026-07-01 18:25:33
36569,1,2026-06-27 15:45:14
36570,1,2026-07-01 18:25:33
36571,1,2026-07-01 06:25:02
36572,2,2026-07-01 18:25:33
36573,1,2026-07-01 04:25:06
36574,1,2026-06-20 07:25:24
36575,1,2026-02-23 08:22:36
36576,1,2026-07-01 05:05:03
36577,1,2026-07-01 01:05:16
36578,1,2026-07-01 18:25:33
36579,1,2026-06-30 23:25:21
36580,2,2026-07-01 18:25:33
36581,1,2026-07-01 01:05:16
36582,2,2026-07-01 18:25:33
36583,1,2026-07-01 18:25:33
36584,1,2026-06-30 17:25:11
36585,1,2026-07-01 18:25:33
36586,1,2026-07-01 18:25:33
36587,6,2026-07-01 18:25:33
36588,1,2026-07-01 18:25:33
36590,1,2026-07-01 05:05:03
36591,1,2026-06-22 17:05:06
36598,1,2026-06-23 17:05:02
36599,3,2026-07-01 18:25:33
36600,2,2026-07-01 18:25:33
36601,1,2026-07-01 18:25:33
36602,1,2026-06-30 22:05:15
36604,1,2026-07-01 12:45:09
36605,2,2026-07-01 18:25:33
36606,2,2026-07-01 18:25:33
36607,1,2026-07-01 07:05:06
36608,1,2026-06-24 16:05:05
36609,1,2026-07-01 18:25:33
36610,3,2026-07-01 18:25:33
36611,1,2026-07-01 17:25:29
36612,1,2026-07-01 18:25:33
36613,2,2026-07-01 18:25:33
36614,2,2026-07-01 18:25:33
36615,1,2026-07-01 18:25:33
36616,1,2026-06-29 01:05:40
36618,1,2026-06-22 19:45:15
36619,1,2026-07-01 03:25:06
36620,1,2026-06-18 02:05:32
36621,1,2026-07-01 06:05:01
36622,1,2026-07-01 06:45:04
36623,2,2026-07-01 18:25:33
36624,3,2026-07-01 18:25:33
36625,1,2026-07-01 08:25:12
36626,1,2026-07-01 18:25:33
36627,4,2026-07-01 18:25:33
36628,2,2026-07-01 18:25:33
36629,3,2026-07-01 18:25:33
36630,2,2026-07-01 18:25:33
36631,1,2026-03-08 16:42:42
36632,1,2026-07-01 18:25:33
36633,1,2026-06-30 19:25:16
36634,1,2026-06-29 07:05:40
36635,1,2026-06-25 22:45:05
36636,1,2026-07-01 18:25:33
36637,5,2026-07-01 18:25:33
36638,3,2026-07-01 18:25:33
36639,1,2026-07-01 18:25:33
36640,1,2026-06-30 12:05:00
36641,5,2026-07-01 18:25:33
36642,2,2026-07-01 18:25:33
36643,1,2026-07-01 18:25:33
36644,2,2026-07-01 18:25:33
36646,1,2026-06-29 01:05:40
36647,2,2026-07-01 18:25:33
36648,1,2026-07-01 18:25:33
36649,1,2026-06-30 12:05:00
36650,1,2026-07-01 18:25:33
36651,2,2026-07-01 18:25:33
36652,3,2026-07-01 18:25:33
36660,2,2026-07-01 18:25:33
36661,2,2026-07-01 18:25:33
36662,1,2026-07-01 18:25:33
36663,1,2026-06-21 03:45:23
36664,1,2026-06-30 12:05:00
36665,2,2026-07-01 18:25:33
36666,5,2026-07-01 18:25:33
36667,2,2026-07-01 18:25:33
36668,1,2026-07-01 15:25:22
36669,1,2026-07-01 01:45:13
36670,1,2026-07-01 18:25:33
36671,1,2026-07-01 18:25:33
36672,1,2026-06-29 19:25:25
36674,1,2026-07-01 18:25:33
36675,1,2026-06-30 15:05:07
36676,1,2026-07-01 18:25:33
36677,1,2026-06-30 05:25:23
36678,4,2026-07-01 18:25:33
36679,3,2026-07-01 18:25:33
36680,2,2026-07-01 18:25:33
36681,1,2026-07-01 15:25:22
36682,1,2026-06-26 00:25:02
36683,1,2026-07-01 18:25:33
36684,1,2026-07-01 18:25:33
36685,1,2026-07-01 18:25:33
36686,1,2026-07-01 18:25:33
36688,1,2026-07-01 01:05:16
36689,1,2026-07-01 18:25:33
36690,1,2026-06-30 16:45:14
36691,1,2026-07-01 18:25:33
36692,1,2026-07-01 18:25:33
36693,2,2026-07-01 18:25:33
36694,1,2026-07-01 15:25:22
36695,1,2026-07-01 18:25:33
36697,4,2026-07-01 18:25:33
36698,2,2026-07-01 18:25:33
36699,3,2026-07-01 18:25:33
36705,1,2026-07-01 05:24:59
36706,4,2026-07-01 18:25:33
36707,4,2026-07-01 18:25:33
36708,3,2026-07-01 18:25:33
36709,1,2026-07-01 11:25:09
36710,1,2026-07-01 18:25:33
36711,1,2026-07-01 11:05:12
36712,1,2026-06-27 07:25:18
36713,1,2026-07-01 16:45:27
36714,1,2026-07-01 13:45:14
36716,2,2026-07-01 18:25:33
36717,2,2026-07-01 18:25:33
36718,1,2026-07-01 18:25:33
36719,1,2026-07-01 18:25:33
36720,1,2026-06-24 21:25:12
36721,2,2026-07-01 18:25:33
36722,1,2026-06-28 11:05:26
36723,1,2026-07-01 11:45:10
36724,1,2026-06-30 14:45:07
36781,3,2026-07-01 18:25:33
36782,619,2026-07-01 18:25:33
36783,69,2026-07-01 18:25:33
36784,19,2026-07-01 18:25:33
36809,2,2026-06-29 03:25:42
36821,7,2026-06-24 14:05:02
36822,3,2026-06-23 20:45:16
36823,5,2025-11-18 05:03:01
36824,1,2025-11-18 05:03:01
36860,101,2026-07-01 18:25:33
36862,9,2026-07-01 18:25:33
36863,1,2026-07-01 18:25:33
36877,1,2025-10-27 13:41:45
36901,300,2026-07-01 18:25:33
36903,1080,2026-07-01 18:25:33
36904,1351,2026-07-01 18:25:33
36905,868,2026-07-01 18:25:33
36906,1875,2026-07-01 18:25:33
36907,331,2026-07-01 18:25:33
36908,253,2026-07-01 18:25:33
36909,517,2026-07-01 18:25:33
36910,591,2026-07-01 18:25:33
36912,2661,2026-07-01 18:25:33
36913,1081,2026-07-01 18:25:33
36916,683,2026-07-01 18:25:33
36917,183,2026-07-01 18:25:33
36918,34,2026-07-01 18:25:33
36920,410,2026-07-01 18:25:33
36921,26,2026-07-01 18:25:33
36922,2,2025-11-14 05:42:27
36923,401,2026-07-01 18:25:33
36929,158,2026-07-01 18:25:33
36930,30,2026-07-01 18:25:33
36931,1,2025-11-15 08:42:26
36932,82,2026-07-01 18:25:33
36933,57,2026-07-01 18:25:33
36934,1,2025-11-15 08:42:26
36976,1,2026-07-01 09:05:05
36977,1,2026-07-01 18:25:33
36978,1,2026-06-24 16:45:06
36997,1,2026-06-30 20:05:11
36999,1,2026-07-01 17:25:29
37000,8,2026-07-01 18:25:33
37068,1,2026-07-01 04:25:06
37069,1,2026-07-01 18:25:33
37070,4,2026-07-01 18:25:33
37091,30,2026-07-01 18:25:33
37092,33,2026-07-01 18:25:33
37093,11,2026-07-01 18:25:33
37094,36,2026-07-01 18:25:33
37097,24,2026-07-01 18:25:33
37098,49,2026-07-01 18:25:33
37101,173,2026-07-01 18:25:33
37145,56,2026-07-01 18:25:33
37147,28,2026-07-01 18:25:33
37159,54,2026-07-01 18:25:33
37160,31,2026-07-01 18:25:33
37163,3,2026-07-01 18:25:33
37164,1,2026-07-01 18:25:33
37196,6,2026-07-01 18:25:33
37197,1,2026-07-01 18:25:33
37201,1,2026-07-01 18:25:33
37243,1,2026-07-01 00:45:16
37252,1,2026-07-01 18:25:33
37290,2,2026-07-01 18:25:33
37331,1,2026-06-12 17:44:52
37332,1,2026-05-12 11:04:52
37364,1,2026-07-01 18:25:33
37410,12,2026-07-01 18:25:33
37452,3,2026-06-01 19:45:30
37467,1,2026-07-01 18:25:33
37503,1,2026-03-06 00:42:39
37567,7,2026-07-01 09:05:05
37587,2,2026-07-01 18:25:33
37590,13,2026-07-01 18:25:33
37602,4,2026-07-01 18:25:33
37603,1,2026-06-06 07:04:55
37624,12,2026-07-01 18:25:33
37625,12,2026-07-01 18:25:33
37646,5,2026-07-01 18:25:33
37647,1,2026-07-01 11:05:12
37648,4,2026-07-01 18:25:33
37663,75,2026-07-01 18:25:33
37671,9,2026-07-01 18:25:33
37672,7,2026-07-01 18:25:33
37700,59,2026-07-01 18:25:33
37701,14,2026-07-01 18:25:33
37702,160,2026-07-01 18:25:33
37703,164,2026-07-01 18:25:33
37704,280,2026-07-01 18:25:33
37705,132,2026-07-01 18:25:33
37743,2,2026-07-01 18:25:33
37744,1,2026-06-29 21:05:36
37745,1,2026-07-01 13:05:13
37746,1,2026-07-01 18:25:33
37747,1,2026-07-01 18:25:33
37748,1,2026-07-01 18:25:33
37749,1,2026-07-01 18:25:33
37751,1,2026-07-01 18:25:33
37752,2,2026-07-01 18:25:33
37753,3,2026-07-01 18:25:33
37754,1,2026-06-30 17:05:14
37755,1,2026-06-30 21:25:18
37756,1,2026-07-01 18:25:33
37757,2,2026-07-01 18:25:33
37758,1,2026-07-01 18:25:33
37759,3,2026-07-01 18:25:33
37760,5,2026-07-01 18:25:33
37761,3,2026-07-01 18:25:33
37762,1,2026-07-01 07:25:03
37763,1,2026-07-01 18:25:33
37764,1,2026-07-01 04:05:11
37765,1,2026-07-01 18:25:33
37766,1,2026-07-01 14:45:20
37767,1,2026-06-30 01:45:28
37768,6,2026-07-01 18:25:33
37769,7,2026-07-01 18:25:33
37770,1,2026-07-01 18:25:33
37771,6,2026-07-01 18:25:33
37772,3,2026-07-01 18:25:33
37773,1,2026-07-01 18:25:33
37774,1,2026-07-01 02:05:11
37775,3,2026-07-01 18:25:33
37776,2,2026-07-01 18:25:33
37777,1,2026-06-30 23:45:20
37779,2,2026-07-01 18:25:33
37781,4,2026-07-01 18:25:33
37787,1,2026-06-30 14:45:07
37789,1,2026-06-29 19:05:23
37790,3,2026-07-01 18:25:33
37792,6,2026-07-01 18:25:33
37793,6,2026-07-01 18:25:33
37794,2,2026-07-01 18:25:33
37795,1,2026-06-30 05:25:23
37796,1,2026-07-01 04:25:06
37797,1,2026-07-01 18:25:33
37799,10,2026-07-01 18:25:33
37800,8,2026-07-01 18:25:33
37801,9,2026-07-01 18:25:33
37802,2,2026-07-01 18:25:33
37803,1,2026-07-01 18:25:33
37804,1,2026-07-01 15:45:20
37805,1,2026-07-01 13:45:14
37806,2,2026-07-01 18:25:33
37807,2,2026-07-01 18:25:33
37808,2,2026-07-01 18:25:33
37809,5,2026-07-01 18:25:33
37810,1,2026-07-01 13:45:14
37811,2,2026-07-01 16:45:27
37812,1,2026-07-01 12:45:09
37813,2,2026-06-27 16:25:14
37817,2,2026-07-01 18:25:33
37819,2,2026-07-01 18:25:33
37820,1,2026-07-01 17:25:29
37821,1,2026-07-01 08:25:12
37822,2,2026-07-01 18:25:33
37823,6,2026-07-01 18:25:33
37824,3,2026-07-01 18:25:33
37835,3,2026-07-01 18:25:33
37856,6,2026-07-01 18:25:33
37857,9,2026-07-01 18:25:33
37858,3,2026-07-01 18:25:33
37889,5,2026-07-01 18:25:33
37890,3,2026-07-01 18:25:33
37891,2,2026-07-01 18:25:33
37915,1,2026-07-01 18:25:33
37921,1507,2026-07-01 18:25:33
38225,3,2026-07-01 18:25:33
38318,1,2026-07-01 18:25:33
38322,2,2026-07-01 18:25:33
38327,1,2026-07-01 18:25:33
38328,1,2026-07-01 18:25:33
38347,1,2026-07-01 18:25:33
38350,6,2026-05-25 09:06:01
38371,2,2026-07-01 02:45:11
38372,9,2026-07-01 18:25:33
38373,18,2026-07-01 18:25:33
38374,40,2026-07-01 18:25:33
38375,7,2026-07-01 18:25:33
38376,16,2026-07-01 18:25:33
38399,2,2026-07-01 18:25:33
38400,2,2026-07-01 18:25:33
38401,1,2026-07-01 18:25:33
38402,1,2026-07-01 18:25:33
38403,1,2026-07-01 05:44:59
38404,1,2026-07-01 18:25:33
38405,1,2026-07-01 18:25:33
38406,1,2026-05-05 14:44:50
38409,1,2026-07-01 18:25:33
38410,2,2026-07-01 18:25:33
38415,1,2026-06-27 15:45:14
38416,1,2026-06-27 10:45:06
38417,1,2026-06-29 15:45:18
38418,1,2026-06-20 23:25:32
38419,1,2026-06-29 15:45:18
38421,1,2025-11-09 20:02:27
38422,1,2026-06-20 12:05:07
38424,1,2026-06-27 10:45:06
38425,436,2026-07-01 18:25:33
38426,2,2026-07-01 18:25:33
38433,1,2026-07-01 18:25:33
38434,4,2026-07-01 18:25:33
38435,1,2026-06-22 05:45:03
38436,3,2026-07-01 18:25:33
38437,1,2026-07-01 17:25:29
38438,2,2026-07-01 18:25:33
38439,1,2026-06-22 22:04:57
38440,3,2026-07-01 18:25:33
38441,1,2026-06-22 03:25:09
38466,10,2026-06-30 23:25:21
38513,1,2026-06-30 03:45:28
38516,1,2026-06-22 18:25:12
38517,1,2026-06-22 18:25:12
38557,254,2026-07-01 18:25:33
38558,137,2026-07-01 18:25:33
38561,94,2026-07-01 18:25:33
38585,1,2026-03-16 05:42:35
38590,1,2026-06-30 13:05:02
38591,2,2026-07-01 18:25:33
38592,3,2026-07-01 18:25:33
38679,4,2026-06-27 14:05:03
38682,350,2026-07-01 18:25:33
38698,4,2026-06-28 23:25:47
38706,18,2026-06-29 20:05:26
38766,5,2026-06-27 17:05:12
38767,1,2026-05-14 07:44:47
38768,1,2026-06-26 14:04:54
38769,3,2026-06-28 15:05:18
38770,1,2026-05-03 13:44:44
38771,6,2026-06-30 21:45:16
38772,5,2026-07-01 18:25:33
38773,6,2026-06-30 21:45:16
38775,1,2026-06-22 00:25:13
38776,3,2025-12-07 00:43:06
38777,1,2026-06-27 18:45:25
38778,5,2026-07-01 18:25:33
38779,1,2026-02-23 21:02:42
38780,2,2026-03-13 14:02:38
38781,3,2026-07-01 18:25:33
38782,1,2026-06-29 19:25:25
38783,1,2026-06-23 04:25:03
38784,9,2026-06-19 07:45:40
38785,1,2026-06-27 22:45:25
38786,2,2026-05-14 09:06:03
38787,2,2026-06-30 21:45:16
38789,2,2026-07-01 18:25:33
38796,1,2026-07-01 14:45:20
38797,4,2026-06-30 03:45:28
38798,1,2026-06-27 22:45:25
38799,8,2026-06-30 21:45:16
38800,1,2026-07-01 18:25:33
38801,1,2026-04-30 08:04:04
38802,1,2026-06-22 05:25:04
38803,1,2026-06-28 11:25:22
38804,1,2026-06-29 03:45:43
38805,3,2026-06-11 17:04:49
38806,9,2026-05-19 12:45:13
38807,1,2026-06-14 13:05:18
38808,1,2026-06-18 04:05:33
38809,6,2026-07-01 18:25:33
38810,2,2026-06-30 03:45:28
38812,1,2026-06-30 13:45:11
38813,2,2026-05-28 22:25:21
38815,2,2025-12-04 18:22:56
38816,1,2026-05-26 22:45:41
38817,59,2026-07-01 18:25:33
38818,1,2026-06-27 15:45:14
38819,1,2026-06-19 23:45:31
38820,7,2026-06-05 05:04:59
38821,1,2026-06-29 21:25:40
38822,1,2026-06-26 13:04:50
38823,2,2026-04-23 18:02:56
38824,4,2026-07-01 18:25:33
38825,11,2026-07-01 18:25:33
38826,5,2026-07-01 18:25:33
38827,9,2026-07-01 18:25:33
38828,1,2026-06-27 16:45:15
38829,4,2026-07-01 18:25:33
38830,11,2026-07-01 18:25:33
38831,14,2026-07-01 18:25:33
38834,10,2026-07-01 18:25:33
38836,1,2026-06-29 01:05:40
38841,1,2026-06-26 23:45:21
38842,1,2026-06-19 04:05:34
38844,1,2026-07-01 18:25:33
38845,1,2026-07-01 14:05:16
38846,24,2026-07-01 18:25:33
38847,1,2026-07-01 15:05:19
38848,1,2026-06-30 13:05:02
38849,46,2026-07-01 18:25:33
38850,1,2026-07-01 18:25:33
38851,3,2026-07-01 18:25:33
38852,18,2026-07-01 18:25:33
38853,1,2026-07-01 17:25:29
38854,2,2026-07-01 18:25:33
38855,2,2026-06-29 04:05:43
38856,1,2026-07-01 13:45:14
38857,14,2026-07-01 18:25:33
38858,1,2026-06-28 13:05:18
38859,1,2026-06-30 07:25:12
38860,16,2026-07-01 18:25:33
38861,10,2026-07-01 18:25:33
38862,19,2026-07-01 18:25:33
38863,17,2026-07-01 18:25:33
38864,2,2026-07-01 18:25:33
38865,23,2026-07-01 18:25:33
38866,32,2026-07-01 18:25:33
38867,1,2026-06-26 05:44:59
38868,2,2026-02-11 18:02:40
38869,1,2026-07-01 18:25:33
38870,1,2026-02-11 04:42:41
38871,1,2026-06-11 20:24:49
38872,1,2026-06-12 19:04:57
38873,13,2026-07-01 18:25:33
38874,1,2026-06-07 11:04:57
38875,1,2026-05-30 02:25:22
38876,1,2026-05-30 00:05:26
38877,1,2026-01-05 20:23:17
38878,1,2026-06-24 19:45:16
38879,1,2026-06-29 13:45:17
38880,15,2026-07-01 18:25:33
38882,4,2026-07-01 18:25:33
38883,3,2026-07-01 18:25:33
38884,1,2026-07-01 18:25:33
38889,1,2026-04-18 07:02:14
38896,5,2026-07-01 18:25:33
38897,35,2026-07-01 18:25:33
38898,1,2026-07-01 18:25:33
38899,3,2026-06-08 16:05:25
38900,1,2026-07-01 18:25:33
38901,2,2026-06-16 22:45:22
38902,1,2026-03-13 18:02:42
38905,1,2026-06-21 19:05:21
38906,1,2026-07-01 18:25:33
38907,2,2026-07-01 18:25:33
38908,1,2026-06-17 05:25:20
38909,1,2026-07-01 18:25:33
38910,1,2026-06-14 17:05:31
38911,13,2026-07-01 18:25:33
38912,10,2026-07-01 18:25:33
38913,1,2026-06-12 21:45:03
38914,1,2026-07-01 14:45:20
38917,2,2026-02-06 03:22:44
38918,3,2026-07-01 18:25:33
38919,1,2026-06-24 02:05:24
38920,2,2026-07-01 18:25:33
38921,1,2026-05-23 01:05:39
38922,1,2026-04-14 14:22:12
38924,1,2026-05-22 21:25:33
38925,10,2026-07-01 18:25:33
38926,1,2026-05-07 09:44:49
38927,1,2025-12-30 07:03:06
38928,30,2026-07-01 18:25:33
38929,14,2026-07-01 18:25:33
38930,3,2026-07-01 18:25:33
38931,3,2026-07-01 10:25:15
38932,1,2026-04-16 16:02:21
38933,6,2026-07-01 18:25:33
38934,13,2026-07-01 18:25:33
38935,1,2026-05-01 13:24:30
38936,2,2025-11-29 00:02:55
38937,7,2026-07-01 18:25:33
38938,5,2026-07-01 18:25:33
38939,1,2026-02-13 02:02:57
38940,1,2026-06-13 12:45:09
38942,2,2026-05-03 03:24:41
38943,1,2026-06-08 22:25:27
38944,1,2026-02-08 16:02:47
38945,3,2026-07-01 18:25:33
38946,1,2026-04-04 08:42:23
38947,1,2025-11-01 05:41:52
38949,34,2026-07-01 18:25:33
38955,30,2026-07-01 18:25:33
38959,32,2026-07-01 18:25:33
38960,6,2026-07-01 18:25:33
38961,19,2026-07-01 18:25:33
38962,21,2026-07-01 18:25:33
38963,2,2026-07-01 18:25:33
38964,42,2026-07-01 18:25:33
38965,4,2026-07-01 18:25:33
38966,3,2026-07-01 18:25:33
38967,12,2026-07-01 18:25:33
38968,8,2026-07-01 18:25:33
38971,4,2026-07-01 18:25:33
38972,2,2026-07-01 18:25:33
38973,4,2026-07-01 18:25:33
38974,10,2026-07-01 18:25:33
38975,21,2026-07-01 18:25:33
38976,6,2026-07-01 18:25:33
38978,6,2026-07-01 18:25:33
38979,13,2026-07-01 18:25:33
38980,1,2026-07-01 18:25:33
38981,2,2026-07-01 18:25:33
38984,1,2026-07-01 18:25:33
38986,13,2026-07-01 18:25:33
38987,2,2026-07-01 18:25:33
38988,1,2026-06-14 14:05:24
38989,40,2026-07-01 18:25:33
38997,19,2026-07-01 18:25:33
38998,1,2026-03-27 01:02:36
38999,1,2026-01-19 18:42:36
39000,1,2025-11-17 09:42:45
39001,17,2026-07-01 18:25:33
39002,1,2026-07-01 18:25:33
39003,17,2026-07-01 18:25:33
39004,3,2026-07-01 18:25:33
39005,10,2026-07-01 18:25:33
39006,17,2026-07-01 18:25:33
39083,2,2026-07-01 18:25:33
39084,1,2026-07-01 18:05:33
39085,1,2026-07-01 18:05:33
39086,8,2026-07-01 18:25:33
39087,1,2026-07-01 18:25:33
39088,15,2026-07-01 18:25:33
39151,57,2026-07-01 18:25:33
39194,2,2026-07-01 18:25:33
39202,1,2026-04-22 06:22:59
39205,1,2025-11-17 04:42:53
39207,3,2026-04-22 06:22:59
39220,50,2026-05-20 11:25:24
39223,1,2026-05-06 22:24:44
39235,2,2026-07-01 18:25:33
39283,5,2026-07-01 18:25:33
39310,3,2026-07-01 18:25:33
39317,2,2026-07-01 18:25:33
39334,4,2026-07-01 18:25:33
39338,40,2026-06-30 08:25:01
39339,1,2026-07-01 18:25:33
39340,1,2026-07-01 18:25:33
39341,21,2026-07-01 18:25:33
39342,100,2026-07-01 18:25:33
39343,120,2026-07-01 18:25:33
39350,45,2026-07-01 18:25:33
39351,2,2026-05-09 22:04:42
39353,2,2026-05-09 22:04:42
39354,22,2026-07-01 18:25:33
39355,1,2026-06-28 12:05:25
39357,2,2026-05-09 22:04:42
39358,1,2026-05-09 20:44:47
39469,42,2026-07-01 18:25:33
39472,2,2026-07-01 18:25:33
39489,3,2026-06-29 14:25:16
39501,14,2026-06-15 01:05:13
39502,20,2026-06-06 10:44:48
39505,1,2026-05-11 12:24:46
39507,1,2026-06-28 15:05:18
39509,1,2026-06-28 22:25:44
39512,6,2026-07-01 18:25:33
39513,6,2026-07-01 18:25:33
39516,14,2026-06-27 15:25:12
39520,20,2026-07-01 18:25:33
39532,2,2026-04-19 13:42:41
39567,5,2026-06-03 04:45:08
39666,13,2026-07-01 18:25:33
39671,5,2026-07-01 18:25:33
39685,5,2026-07-01 18:25:33
39686,4,2026-07-01 18:25:33
39690,7,2026-07-01 18:25:33
39691,30,2026-07-01 18:25:33
39717,1,2026-07-01 16:45:27
39733,4,2026-07-01 18:25:33
39762,1,2026-07-01 18:25:33
39774,24,2026-07-01 18:25:33
39894,3,2026-07-01 18:25:33
39895,3,2026-07-01 18:25:33
39896,2,2026-07-01 18:25:33
39897,4,2026-07-01 18:25:33
39898,6,2026-07-01 18:25:33
39899,1,2026-07-01 18:25:33
39900,36,2026-07-01 18:25:33
39905,27,2026-07-01 18:25:33
39906,50,2026-07-01 18:25:33
39907,11,2026-07-01 18:25:33
39908,5,2026-07-01 18:25:33
39909,4,2026-07-01 18:25:33
39910,10,2026-07-01 18:25:33
39911,56,2026-07-01 18:25:33
39912,12,2026-07-01 18:25:33
39927,6,2026-07-01 18:25:33
39933,4,2026-07-01 18:25:33
39934,2,2026-07-01 18:25:33
39935,5,2026-07-01 18:25:33
39936,7,2026-07-01 18:25:33
39937,7,2026-07-01 18:25:33
39938,57,2026-07-01 18:25:33
39939,1,2026-07-01 05:24:59
39940,6,2026-07-01 18:25:33
39941,18,2026-07-01 18:25:33
39942,5,2026-07-01 18:25:33
39943,62,2026-07-01 18:25:33
39944,18,2026-07-01 18:25:33
39946,3,2026-07-01 18:25:33
39947,4,2026-07-01 18:25:33
39948,6,2026-07-01 18:25:33
39949,15,2026-07-01 18:25:33
39951,24,2026-07-01 18:25:33
39952,24,2026-07-01 18:25:33
39953,29,2026-07-01 18:25:33
39955,4,2026-07-01 18:25:33
39956,4,2026-07-01 18:25:33
39957,25,2026-07-01 18:25:33
39959,3,2026-07-01 18:25:33
39960,7,2026-07-01 18:25:33
39965,44,2026-07-01 18:25:33
39969,59,2026-07-01 18:25:33
39970,14,2026-07-01 18:25:33
39974,14,2026-07-01 18:25:33
39975,3,2026-07-01 18:25:33
39976,9,2026-07-01 18:25:33
39978,3,2026-07-01 18:25:33
39979,6,2026-07-01 05:24:59
39980,13,2026-07-01 18:25:33
39981,2,2026-07-01 18:25:33
39983,4,2026-07-01 18:25:33
39984,8,2026-07-01 18:25:33
39985,12,2026-07-01 18:25:33
39986,5,2026-07-01 18:25:33
39989,58,2026-07-01 18:25:33
39990,21,2026-07-01 18:25:33
39996,37,2026-07-01 18:25:33
39997,22,2026-07-01 18:25:33
39998,49,2026-07-01 18:25:33
39999,13,2026-07-01 18:25:33
40001,1,2026-07-01 18:25:33
40002,8,2026-07-01 18:25:33
40003,21,2026-07-01 18:25:33
40008,72,2026-07-01 18:25:33
40009,44,2026-07-01 18:25:33
40010,17,2026-07-01 18:25:33
40011,11,2026-07-01 18:25:33
40012,12,2026-07-01 18:25:33
40013,23,2026-07-01 18:25:33
40014,60,2026-07-01 18:25:33
40015,24,2026-07-01 18:25:33
40016,11,2026-07-01 18:25:33
40017,26,2026-07-01 18:25:33
40022,22,2026-07-01 18:25:33
40023,12,2026-07-01 18:25:33
40024,8,2026-07-01 18:25:33
40025,5,2026-07-01 18:25:33
40028,17,2026-07-01 18:25:33
40033,13,2026-07-01 18:25:33
40034,32,2026-07-01 18:25:33
40037,40,2026-07-01 18:25:33
40038,21,2026-07-01 18:25:33
40039,24,2026-07-01 18:25:33
40040,8,2026-07-01 18:25:33
40041,10,2026-07-01 18:25:33
40042,10,2026-07-01 18:25:33
40043,6,2026-07-01 18:25:33
40044,13,2026-07-01 18:25:33
40045,11,2026-07-01 18:25:33
40046,15,2026-07-01 18:25:33
40047,10,2026-07-01 18:25:33
40048,5,2026-07-01 18:25:33
40049,16,2026-07-01 18:25:33
40050,9,2026-07-01 18:25:33
40051,48,2026-07-01 18:25:33
40052,12,2026-07-01 18:25:33
40053,27,2026-07-01 18:25:33
40054,15,2026-07-01 18:25:33
40055,21,2026-07-01 18:25:33
40056,13,2026-07-01 18:25:33
40057,11,2026-07-01 18:25:33
40058,15,2026-07-01 18:25:33
40059,13,2026-07-01 18:25:33
40067,11,2026-07-01 18:25:33
40068,70,2026-07-01 18:25:33
40070,45,2026-07-01 18:25:33
40072,6,2026-07-01 18:25:33
40073,53,2026-07-01 18:25:33
40076,90,2026-07-01 18:25:33
40085,7,2026-07-01 18:25:33
40086,1,2026-06-30 21:05:10
40087,1,2026-07-01 18:25:33
40088,18,2026-07-01 18:25:33
40089,46,2026-07-01 18:25:33
40090,33,2026-07-01 18:25:33
40091,1,2026-06-24 16:05:05
40092,22,2026-07-01 18:25:33
40093,705,2026-07-01 18:25:33
40094,29,2026-07-01 18:25:33
40095,26,2026-07-01 18:25:33
40096,10,2026-07-01 18:25:33
40097,21,2026-07-01 18:25:33
40098,4,2026-07-01 18:25:33
40099,33,2026-07-01 18:25:33
40100,2,2026-06-29 17:05:22
40101,2,2026-07-01 18:25:33
40102,6,2026-07-01 18:25:33
40103,27,2026-07-01 18:25:33
40104,17,2026-07-01 18:25:33
40105,24,2026-07-01 18:25:33
40106,1,2026-07-01 18:25:33
40109,6,2026-07-01 18:25:33
40110,1,2026-06-30 05:05:23
40187,4,2026-07-01 18:25:33
40195,448,2026-07-01 18:25:33
40199,792,2026-07-01 18:25:33
40202,7,2026-03-09 20:22:35
40206,2,2026-07-01 18:25:33
40211,529,2026-07-01 18:25:33
40212,205,2026-07-01 18:25:33
40213,2,2026-06-14 06:45:10
40214,45,2026-06-25 00:05:13
40215,5,2026-06-12 20:45:07
40246,3,2026-07-01 18:25:33
40270,5,2026-07-01 18:25:33
40282,2,2026-07-01 18:25:33
40302,3,2026-07-01 18:25:33
40305,2,2026-07-01 18:25:33
40338,1,2026-07-01 18:25:33
40347,4,2026-07-01 18:25:33
40362,1,2026-07-01 17:25:29
40411,3,2026-07-01 18:25:33
40426,1,2026-07-01 18:25:33
40439,1,2026-07-01 18:25:33
40474,1,2026-07-01 18:25:33
40533,1,2026-05-06 10:44:36
40536,60,2026-07-01 18:25:33
40558,1,2026-06-27 18:45:25
40668,22,2026-07-01 18:25:33
40669,2,2026-07-01 18:25:33
40670,2,2026-07-01 18:25:33
40671,1,2026-07-01 16:05:27
40672,1,2026-07-01 18:25:33
40674,1,2026-07-01 18:25:33
40675,1,2026-07-01 18:25:33
40734,4,2026-07-01 18:25:33
40736,1,2026-07-01 06:05:01
40737,2,2026-05-10 20:24:58
40738,1,2026-06-27 22:45:25
40739,1,2026-07-01 15:25:22
40740,1,2026-07-01 18:25:33
40741,1,2026-06-25 23:05:03
40767,5,2026-07-01 18:25:33
40768,2,2026-07-01 18:25:33
40769,10,2026-07-01 18:25:33
40771,36,2026-06-30 03:25:31
40772,18,2026-07-01 18:25:33
40892,2,2026-06-29 10:05:24
40893,1,2026-06-12 02:25:01
40895,1,2026-07-01 14:45:20
40896,19,2026-07-01 18:25:33
40897,18,2026-07-01 18:25:33
40899,15,2026-07-01 18:25:33
40900,11,2026-07-01 18:25:33
40901,25,2026-07-01 18:25:33
40902,18,2026-07-01 18:25:33
40903,23,2026-07-01 18:25:33
40906,15,2026-07-01 18:25:33
40908,14,2026-07-01 18:25:33
40909,46,2026-07-01 18:25:33
40912,23,2026-07-01 18:25:33
40913,54,2026-07-01 18:25:33
40914,41,2026-07-01 18:25:33
40915,18,2026-07-01 18:25:33
40916,30,2026-07-01 18:25:33
40919,14,2026-07-01 18:25:33
40920,18,2026-07-01 18:25:33
40921,16,2026-07-01 18:25:33
40922,20,2026-07-01 18:25:33
40923,47,2026-07-01 18:25:33
40924,31,2026-07-01 18:25:33
40942,1,2026-07-01 18:25:33
40943,1,2026-07-01 18:25:33
40949,8,2026-07-01 18:25:33
40950,9,2026-07-01 18:25:33
40951,1,2026-07-01 18:25:33
40952,1,2026-07-01 18:25:33
40953,2,2026-07-01 18:25:33
40954,1,2026-07-01 18:25:33
40955,15,2026-07-01 18:25:33
40959,1,2026-06-14 15:25:23
41092,18,2026-07-01 18:25:33
41094,14,2026-07-01 18:25:33
41095,33,2026-07-01 18:25:33
41096,14,2026-07-01 18:25:33
41097,27,2026-07-01 18:25:33
41098,20,2026-07-01 18:25:33
41099,37,2026-07-01 18:25:33
41100,23,2026-07-01 18:25:33
41101,15,2026-07-01 18:25:33
41102,15,2026-07-01 18:25:33
41103,23,2026-07-01 18:25:33
41104,27,2026-07-01 18:25:33
41105,21,2026-07-01 18:25:33
41106,35,2026-07-01 18:25:33
41107,11,2026-07-01 18:25:33
41108,39,2026-07-01 18:25:33
41109,13,2026-07-01 18:25:33
41110,18,2026-07-01 18:25:33
41112,5,2026-06-27 09:25:15
41113,1,2026-07-01 18:25:33
41114,2,2026-07-01 18:25:33
41116,1,2026-07-01 18:25:33
41117,1,2026-07-01 18:25:33
41119,386,2026-07-01 18:25:33
41126,1,2026-07-01 18:25:33
41127,3,2026-07-01 18:25:33
41163,184,2026-07-01 18:25:33
41164,102000,2026-07-01 18:25:33
41165,36000,2026-07-01 18:25:33
41166,4,2026-07-01 18:25:33
41167,11,2026-07-01 18:25:33
41168,3,2026-07-01 18:25:33
41181,2,2026-06-30 06:45:16
41182,1,2026-06-30 07:05:17
41183,1,2026-06-12 23:05:07
41184,1,2026-06-30 06:45:16
41185,1,2026-06-30 06:45:16
41238,4,2026-07-01 18:25:33
41239,1,2026-06-29 23:05:27
41240,1,2026-06-30 06:45:16
41248,1,2026-07-01 18:25:33
41249,1,2026-07-01 18:25:33
41250,1,2026-06-24 04:45:23
41251,1,2026-07-01 18:25:33
41252,1,2026-07-01 18:25:33
41253,1,2026-07-01 18:25:33
41254,2,2026-07-01 18:25:33
41255,1,2026-07-01 18:25:33
41257,3,2026-07-01 18:25:33
41266,47,2026-07-01 18:25:33
41285,48,2026-07-01 18:25:33
41307,10,2026-07-01 18:25:33
41333,29,2026-07-01 18:25:33
41334,43,2026-07-01 18:25:33
41335,4,2026-07-01 18:25:33
41337,1,2026-03-16 22:02:57
41338,1,2026-03-16 22:02:57
41339,18,2026-07-01 18:25:33
41344,1,2026-07-01 15:25:22
41345,3,2026-07-01 18:25:33
41346,1,2026-07-01 02:45:11
41347,2,2026-07-01 18:25:33
41348,1,2026-07-01 18:25:33
41349,1,2026-07-01 18:25:33
41350,7,2026-07-01 18:25:33
41351,1,2026-07-01 18:25:33
41353,5,2026-07-01 18:25:33
41354,1,2026-07-01 18:25:33
41355,2,2026-07-01 18:25:33
41356,1,2026-07-01 18:25:33
41357,2,2026-07-01 18:25:33
41375,17,2026-07-01 18:25:33
41376,2,2026-07-01 18:25:33
41377,1,2026-04-23 06:22:57
41378,4,2026-07-01 18:25:33
41379,4,2026-07-01 18:25:33
41380,16,2026-07-01 18:25:33
41381,54,2026-07-01 18:25:33
41382,1,2026-03-16 18:02:45
41383,2,2026-07-01 18:25:33
41384,3,2026-07-01 18:25:33
41385,1,2026-07-01 07:05:06
41386,1,2026-07-01 18:25:33
41387,2,2026-07-01 18:25:33
41388,1,2026-07-01 18:25:33
41389,15,2026-07-01 18:25:33
41391,2,2026-07-01 18:25:33
41392,1,2026-07-01 18:25:33
41394,2,2026-07-01 18:25:33
41395,8,2026-07-01 18:25:33
41396,9,2026-07-01 18:25:33
41397,10,2026-07-01 18:25:33
41398,32,2026-07-01 18:25:33
41400,3,2026-07-01 18:25:33
41401,30,2026-07-01 18:25:33
41427,5,2026-07-01 18:25:33
41429,1,2026-06-30 04:45:26
41432,13,2026-07-01 18:25:33
41433,4,2026-07-01 18:25:33
41434,10,2026-07-01 18:25:33
41435,3,2026-07-01 18:25:33
41436,2,2026-07-01 18:25:33
41437,2,2026-06-30 03:25:31
41438,70,2026-07-01 18:25:33
41439,3,2026-07-01 18:25:33
41440,2,2026-07-01 18:25:33
41441,70,2026-07-01 18:25:33
41442,5,2026-07-01 18:25:33
41444,8,2026-07-01 18:25:33
41446,8,2026-07-01 18:25:33
41447,10,2026-07-01 18:25:33
41448,6,2026-07-01 18:25:33
41449,3,2026-07-01 18:25:33
41450,2,2026-07-01 18:25:33
41451,1,2026-07-01 18:25:33
41452,17,2026-07-01 18:25:33
41453,2,2026-07-01 04:45:04
41454,9,2026-07-01 18:25:33
41456,3,2026-07-01 18:25:33
41457,21,2026-07-01 18:25:33
41458,11,2026-07-01 18:25:33
41459,2,2026-07-01 18:25:33
41460,1,2026-07-01 05:05:03
41461,25,2026-07-01 18:25:33
41462,2,2026-06-17 18:25:26
41463,9,2026-07-01 18:25:33
41464,1,2026-07-01 10:05:11
41465,10,2026-07-01 18:25:33
41466,3,2026-07-01 18:25:33
41467,21,2026-07-01 18:25:33
41468,7,2026-07-01 18:25:33
41469,1,2026-07-01 18:25:33
41470,6,2026-07-01 18:25:33
41477,10,2026-07-01 18:25:33
41479,3,2026-07-01 18:25:33
41481,1,2026-07-01 18:25:33
41482,4,2026-07-01 18:25:33
41483,3,2026-07-01 18:25:33
41484,5,2026-07-01 18:25:33
41485,2,2026-07-01 18:25:33
41488,1,2026-06-27 23:05:27
41489,2,2026-07-01 18:25:33
41490,9,2026-07-01 18:25:33
41491,2,2026-06-29 14:25:16
41492,1,2026-07-01 18:25:33
41494,10,2026-07-01 18:25:33
41495,6,2026-07-01 18:25:33
41496,4,2026-06-25 01:45:10
41497,1,2026-06-30 02:25:27
41498,1,2026-06-30 12:05:00
41500,1,2026-07-01 18:25:33
41501,5,2026-07-01 18:25:33
41502,69,2026-07-01 18:25:33
41508,1,2026-07-01 18:25:33
41509,10,2026-07-01 18:25:33
41510,91,2026-07-01 18:25:33
41511,44,2026-07-01 18:25:33
41512,1,2026-06-27 01:25:33
41513,1,2026-06-26 01:24:59
41515,1,2026-06-26 01:24:59
41516,2,2026-07-01 18:25:33
41517,12,2026-07-01 18:25:33
41518,14,2026-07-01 18:25:33
41519,4,2026-06-30 20:45:13
41520,4,2026-07-01 18:25:33
41521,16,2026-07-01 18:25:33
41522,6,2026-07-01 18:25:33
41523,2,2026-07-01 18:25:33
41524,25,2026-07-01 18:25:33
41525,1,2026-07-01 18:25:33
41526,12,2026-07-01 18:25:33
41527,17,2026-07-01 18:25:33
41528,9,2026-07-01 18:25:33
41529,14,2026-07-01 18:25:33
41530,31,2026-07-01 18:25:33
41532,35,2026-07-01 18:25:33
41534,18,2026-07-01 18:25:33
41536,41,2026-07-01 18:25:33
41537,23,2026-07-01 18:25:33
41538,25,2026-07-01 18:25:33
41542,20,2026-07-01 18:25:33
41543,6,2026-07-01 18:25:33
41544,5,2026-07-01 18:25:33
41545,5,2026-07-01 18:25:33
41546,1,2026-06-30 14:25:12
41547,24,2026-07-01 18:25:33
41548,1,2026-07-01 14:25:16
41549,1,2026-05-28 20:25:26
41550,1,2026-06-29 15:25:19
41551,9,2026-07-01 18:25:33
41552,22,2026-07-01 18:25:33
41553,1,2026-07-01 18:25:33
41554,2,2026-07-01 18:25:33
41555,1,2026-07-01 18:25:33
41584,10000,2026-03-04 18:22:50
41586,200,2026-06-23 02:05:05
41593,16,2026-07-01 18:25:33
41594,21,2026-07-01 18:25:33
41595,32,2026-07-01 18:25:33
41597,1,2026-07-01 18:25:33
41598,5,2026-07-01 18:25:33
41599,59,2026-07-01 18:25:33
41600,6,2026-07-01 18:25:33
41601,20,2026-07-01 18:25:33
41602,16,2026-07-01 18:25:33
41603,16,2026-07-01 18:25:33
41731,2,2026-05-26 00:46:06
41745,12,2026-07-01 18:25:33
41746,1,2026-06-10 09:04:43
41751,10,2026-05-31 00:25:37
41752,1,2026-02-20 22:42:39
41754,1,2026-02-20 12:02:29
41777,4,2026-07-01 18:25:33
41778,11,2026-07-01 18:25:33
41779,4,2026-07-01 18:25:33
41780,4,2026-07-01 18:25:33
41781,5,2026-07-01 18:25:33
41782,5,2026-07-01 18:25:33
41783,5,2026-07-01 18:25:33
41784,3,2026-07-01 18:25:33
41785,3,2026-07-01 18:25:33
41786,7,2026-07-01 18:25:33
41787,3,2026-07-01 18:25:33
41788,2,2026-07-01 18:25:33
41789,3,2026-07-01 18:25:33
41800,236,2026-07-01 18:25:33
41801,131,2026-07-01 18:25:33
41802,669,2026-07-01 18:25:33
41803,129,2026-07-01 18:25:33
41806,133,2026-07-01 18:25:33
41812,39,2026-07-01 18:25:33
41813,348,2026-07-01 18:25:33
41814,112,2026-07-01 18:25:33
41974,1,2026-07-01 18:25:33
41975,2,2026-07-01 18:25:33
41976,8,2026-07-01 18:25:33
41984,4,2026-07-01 18:25:33
41985,1,2026-06-21 12:25:12
41986,1,2026-07-01 18:25:33
42095,1,2026-06-14 16:05:28
42096,1,2026-07-01 18:25:33
42100,3,2026-07-01 18:25:33
42101,1,2026-07-01 18:25:33
42102,4,2026-07-01 18:25:33
42103,6,2026-07-01 18:25:33
42111,5,2026-07-01 18:25:33
42113,5,2026-07-01 18:25:33
42172,3,2026-07-01 18:25:33
42173,1,2026-07-01 18:25:33
42175,1,2026-06-30 13:45:11
42176,1,2026-06-29 17:05:22
42178,2,2026-07-01 18:25:33
42225,33,2026-07-01 18:25:33
42253,147,2026-07-01 18:25:33
42336,8,2026-07-01 18:25:33
42337,4,2026-07-01 18:25:33
42338,1,2026-06-30 12:44:57
42339,1,2026-07-01 05:05:03
42340,18,2026-07-01 18:25:33
42396,20,2026-07-01 18:25:33
42397,16,2026-07-01 18:25:33
42398,26,2026-07-01 18:25:33
42399,31,2026-07-01 18:25:33
42400,29,2026-07-01 18:25:33
42401,20,2026-07-01 18:25:33
42402,42,2026-07-01 18:25:33
42403,15,2026-07-01 18:25:33
42404,29,2026-07-01 18:25:33
42405,15,2026-07-01 18:25:33
42406,17,2026-07-01 18:25:33
42407,14,2026-07-01 18:25:33
42415,22,2026-07-01 18:25:33
42416,24,2026-07-01 18:25:33
42417,15,2026-07-01 18:25:33
42420,5,2026-07-01 18:25:33
42421,3,2026-07-01 18:25:33
42428,2,2026-05-05 05:24:59
42429,3,2026-07-01 15:05:19
42430,4,2026-06-10 11:44:22
42431,7,2026-05-06 00:05:01
42433,1,2026-06-28 22:25:44
42434,1,2026-06-28 22:25:44
42435,1,2026-07-01 18:25:33
42439,1,2026-03-30 01:22:48
42443,1,2026-06-30 16:45:14
42453,21,2026-07-01 18:25:33
42454,12,2026-07-01 18:25:33
42455,37,2026-07-01 18:25:33
42456,15,2026-07-01 18:25:33
42457,26,2026-07-01 18:25:33
42458,23,2026-07-01 18:25:33
42459,15,2026-07-01 18:25:33
42460,15,2026-07-01 18:25:33
42461,26,2026-07-01 18:25:33
42462,14,2026-07-01 18:25:33
42463,20,2026-07-01 18:25:33
42464,15,2026-07-01 18:25:33
42465,48,2026-07-01 18:25:33
42466,31,2026-07-01 18:25:33
42467,35,2026-07-01 18:25:33
42468,22,2026-07-01 18:25:33
42469,10,2026-07-01 18:25:33
42470,18,2026-07-01 18:25:33
42500,3,2026-07-01 18:25:33
42508,1,2026-07-01 18:25:33
42545,155,2026-07-01 18:25:33
42546,283,2026-07-01 18:25:33
42641,12,2026-07-01 13:25:15
42642,4,2026-07-01 18:25:33
42643,3,2026-07-01 18:25:33
42644,3,2026-07-01 18:25:33
42645,6,2026-07-01 18:25:33
42646,3,2026-07-01 18:25:33
42647,3,2026-07-01 18:25:33
42727,1,2026-07-01 18:25:33
42728,2,2026-07-01 18:25:33
42729,2,2026-07-01 18:25:33
42730,1,2026-07-01 18:25:33
42731,1,2026-07-01 12:25:09
42734,28,2026-07-01 18:25:33
42735,50,2026-07-01 18:25:33
42736,24,2026-07-01 18:25:33
42737,33,2026-07-01 18:25:33
42738,27,2026-07-01 18:25:33
42739,12,2026-07-01 18:25:33
42740,15,2026-07-01 18:25:33
42741,20,2026-07-01 18:25:33
42742,20,2026-07-01 18:25:33
42743,25,2026-07-01 18:25:33
42744,8,2026-07-01 18:25:33
42745,19,2026-07-01 18:25:33
42746,32,2026-07-01 18:25:33
42747,12,2026-07-01 18:25:33
42748,16,2026-07-01 18:25:33
42749,15,2026-07-01 18:25:33
42750,17,2026-07-01 18:25:33
42751,25,2026-07-01 18:25:33
42752,19,2026-07-01 18:25:33
42753,17,2026-07-01 18:25:33
42754,13,2026-07-01 18:25:33
42779,5,2026-06-28 21:05:35
42897,34,2026-07-01 18:25:33
42898,29,2026-07-01 18:25:33
42899,17,2026-07-01 18:25:33
42900,28,2026-07-01 18:25:33
42901,44,2026-07-01 18:25:33
42902,11,2026-07-01 18:25:33
42903,31,2026-07-01 18:25:33
42904,14,2026-07-01 18:25:33
42905,24,2026-07-01 18:25:33
42906,18,2026-07-01 18:25:33
42907,12,2026-07-01 18:25:33
42908,34,2026-07-01 18:25:33
42909,20,2026-07-01 18:25:33
42911,15,2026-07-01 18:25:33
42913,21,2026-07-01 18:25:33
42930,73,2026-03-04 19:22:54
42931,2,2026-03-04 18:22:50
42942,207,2026-07-01 18:25:33
42954,12,2026-07-01 18:25:33
42955,21,2026-07-01 18:25:33
42956,16,2026-07-01 18:25:33
42957,15,2026-07-01 18:25:33
42958,20,2026-07-01 18:25:33
42959,17,2026-07-01 18:25:33
42960,19,2026-07-01 18:25:33
42961,33,2026-07-01 18:25:33
42968,16,2026-07-01 18:25:33
42969,12,2026-07-01 18:25:33
42970,31,2026-07-01 18:25:33
42971,12,2026-07-01 18:25:33
42972,10,2026-07-01 18:25:33
42973,22,2026-07-01 18:25:33
42974,19,2026-07-01 18:25:33
42987,3,2026-07-01 18:25:33
42988,7,2026-07-01 18:25:33
42989,4,2026-07-01 18:25:33
42990,3,2026-07-01 18:25:33
42993,20,2026-07-01 18:25:33
42994,90,2026-07-01 18:25:33
42995,16,2026-06-29 20:45:33
42996,93,2026-07-01 18:25:33
42997,1,2026-07-01 18:25:33
42998,1,2026-07-01 18:25:33
42999,26,2026-07-01 18:25:33
43000,143,2026-07-01 18:25:33
43001,1,2026-07-01 18:25:33
43004,30,2026-07-01 18:25:33
43005,114,2026-07-01 18:25:33
43007,1545,2026-07-01 18:25:33
43009,46,2026-07-01 18:25:33
43010,165,2026-07-01 18:25:33
43011,33,2026-07-01 18:25:33
43012,47,2026-07-01 18:25:33
43013,392,2026-07-01 18:25:33
43015,88,2026-07-01 18:25:33
43102,77,2026-07-01 18:25:33
43103,12,2026-07-01 18:25:33
43104,2,2026-07-01 18:25:33
43105,34,2026-07-01 18:25:33
43106,9,2026-07-01 18:25:33
43107,93,2026-07-01 10:45:14
43108,62,2026-07-01 18:25:33
43109,1,2026-07-01 13:25:15
43115,23,2026-07-01 17:25:29
43116,38,2026-07-01 18:25:33
43117,280,2026-07-01 18:25:33
43118,8,2026-07-01 14:45:20
43119,129,2026-07-01 18:25:33
43120,15,2026-06-30 12:05:00
43121,5,2026-06-30 10:05:03
43122,7,2026-06-30 12:05:00
43123,134,2026-07-01 18:25:33
43124,17,2026-06-28 18:45:24
43125,65,2026-07-01 18:25:33
43126,988,2026-07-01 18:25:33
43127,163,2026-07-01 18:25:33
43129,3,2026-07-01 18:25:33
43130,2,2026-07-01 18:25:33
43131,1,2026-07-01 18:25:33
43132,1,2026-03-22 00:22:31
43133,1,2026-06-25 18:05:07
43145,7,2026-07-01 17:05:28
43146,80,2026-07-01 18:25:33
43235,1,2026-06-03 11:45:06
43236,14,2025-12-22 17:42:46
43237,1,2026-06-05 14:05:07
43244,2,2026-07-01 18:25:33
43245,6,2026-07-01 18:25:33
43248,48,2026-07-01 18:25:33
43249,8,2026-07-01 18:25:33
43250,3,2026-07-01 18:25:33
43251,2,2026-07-01 18:25:33
43253,3,2026-07-01 18:25:33
43255,1,2026-06-30 17:05:14
43256,1,2026-05-12 11:44:51
43257,1,2026-07-01 12:25:09
43258,1,2026-07-01 12:25:09
43261,1,2026-07-01 12:25:09
43262,1,2026-06-30 18:05:13
43271,1,2026-06-30 17:45:10
43273,1,2026-06-30 18:05:13
43316,31,2026-07-01 18:25:33
43327,1,2026-06-25 14:25:04
43331,18,2026-07-01 18:25:33
43332,14,2026-07-01 18:25:33
43334,14,2026-07-01 18:25:33
43335,9,2026-07-01 18:25:33
43338,14,2026-07-01 18:25:33
43339,10,2026-07-01 18:25:33
43340,7,2026-07-01 18:25:33
43342,11,2026-07-01 18:25:33
43343,15,2026-07-01 18:25:33
43344,15,2026-07-01 18:25:33
43350,23,2026-07-01 18:25:33
43351,14,2026-07-01 18:25:33
43354,18,2026-07-01 18:25:33
43355,27,2026-07-01 18:25:33
43356,18,2026-07-01 18:25:33
43357,14,2026-07-01 18:25:33
43359,9,2026-07-01 18:25:33
43360,28,2026-07-01 18:25:33
43361,15,2026-07-01 18:25:33
43364,14,2026-07-01 18:25:33
43365,20,2026-07-01 18:25:33
43366,17,2026-07-01 18:25:33
43367,10,2026-07-01 18:25:33
43369,18,2026-07-01 18:25:33
43370,12,2026-07-01 18:25:33
43377,21,2026-07-01 18:25:33
43378,12,2026-07-01 18:25:33
43379,11,2026-07-01 18:25:33
43380,14,2026-07-01 18:25:33
43381,10,2026-07-01 18:25:33
43385,14,2026-07-01 18:25:33
43386,25,2026-07-01 18:25:33
43388,16,2026-07-01 18:25:33
43389,29,2026-07-01 18:25:33
43390,34,2026-07-01 18:25:33
43391,30,2026-07-01 18:25:33
43392,15,2026-07-01 18:25:33
43393,13,2026-07-01 18:25:33
43394,14,2026-07-01 18:25:33
43395,12,2026-07-01 18:25:33
43396,22,2026-07-01 18:25:33
43397,14,2026-07-01 18:25:33
43398,15,2026-07-01 18:25:33
43399,10,2026-07-01 18:25:33
43400,15,2026-07-01 18:25:33
43412,15,2026-07-01 18:25:33
43413,24,2026-07-01 18:25:33
43414,20,2026-07-01 18:25:33
43415,8,2026-07-01 18:25:33
43416,17,2026-07-01 18:25:33
43417,26,2026-07-01 18:25:33
43418,16,2026-07-01 18:25:33
43419,14,2026-07-01 18:25:33
43420,23,2026-07-01 18:25:33
43421,10,2026-07-01 18:25:33
43422,35,2026-07-01 18:25:33
43423,19,2026-07-01 18:25:33
43424,48,2026-07-01 18:25:33
43425,8,2026-07-01 18:25:33
43426,17,2026-07-01 18:25:33
43427,27,2026-07-01 18:25:33
43428,21,2026-07-01 18:25:33
43429,19,2026-07-01 18:25:33
43430,12,2026-07-01 18:25:33
43431,14,2026-07-01 18:25:33
43432,14,2026-07-01 18:25:33
43433,1,2026-06-30 18:05:13
43434,1,2026-06-27 07:05:18
43435,1,2026-06-30 18:05:13
43436,1,2026-06-30 18:05:13
43437,1,2026-06-30 18:05:13
43438,1,2026-06-30 18:05:13
43439,1,2026-06-27 07:05:18
43444,1,2026-06-28 17:25:27
43445,1,2026-06-28 17:25:27
43450,1,2026-07-01 18:25:33
43451,1,2026-07-01 18:25:33
43452,1,2026-07-01 18:25:33
43453,1,2026-06-30 10:05:03
43454,1,2026-07-01 18:25:33
43455,1,2026-07-01 18:25:33
43456,1,2026-06-30 10:05:03
43457,1,2026-07-01 18:25:33
43458,2,2026-07-01 18:25:33
43459,2,2026-07-01 18:25:33
43461,2,2026-07-01 18:25:33
43463,58,2026-07-01 18:25:33
43464,2,2026-07-01 18:25:33
43465,13,2026-07-01 18:25:33
43466,71,2026-07-01 18:25:33
43467,14,2026-07-01 18:25:33
43469,12,2026-07-01 18:25:33
43478,3,2026-07-01 18:25:33
43480,5,2026-07-01 18:25:33
43481,2,2026-07-01 18:25:33
43484,4,2026-07-01 18:25:33
43488,5,2026-07-01 18:25:33
43490,6,2026-07-01 18:25:33
43502,1,2026-07-01 18:25:33
43515,2,2026-07-01 18:25:33
43530,5,2026-07-01 18:25:33
43531,4,2025-11-23 02:42:46
43533,22,2026-07-01 18:25:33
43534,25,2026-07-01 18:25:33
43535,13,2026-07-01 18:25:33
43536,25,2026-07-01 18:25:33
43537,15,2026-07-01 18:25:33
43538,19,2026-07-01 18:25:33
43539,19,2026-07-01 18:25:33
43541,19,2026-07-01 18:25:33
43542,9,2026-07-01 18:25:33
43543,18,2026-07-01 18:25:33
43544,16,2026-07-01 18:25:33
43545,16,2026-07-01 18:25:33
43546,14,2026-07-01 18:25:33
43547,11,2026-07-01 18:25:33
43548,16,2026-07-01 18:25:33
43549,17,2026-07-01 18:25:33
43550,13,2026-07-01 18:25:33
43551,22,2026-07-01 18:25:33
43552,14,2026-07-01 18:25:33
43553,15,2026-07-01 18:25:33
43554,15,2026-07-01 18:25:33
43565,9,2026-07-01 18:25:33
43571,40,2026-07-01 18:25:33
43572,15,2026-07-01 18:25:33
43582,1,2026-07-01 18:25:33
43583,1,2026-06-27 16:45:15
43584,1,2025-12-27 14:23:16
43585,1,2026-07-01 18:25:33
43586,1,2026-06-30 06:45:16
43587,1,2026-06-30 06:45:16
43588,1,2026-06-30 06:45:16
43590,1,2026-07-01 18:25:33
43591,1,2026-07-01 18:25:33
43592,1,2026-07-01 18:25:33
43593,1,2026-07-01 18:25:33
43594,2,2026-07-01 18:25:33
43595,2,2026-07-01 18:25:33
43600,1,2026-06-09 03:05:33
43601,1,2026-06-10 09:04:43
43611,1,2026-06-27 19:45:33
43612,4,2026-07-01 18:25:33
43613,1,2026-07-01 18:25:33
43643,3,2026-06-03 04:25:04
43644,2,2026-06-03 04:25:04
43645,3,2026-05-13 20:45:15
43646,15,2026-06-29 19:45:25
43647,47,2026-07-01 18:25:33
43652,15,2026-07-01 18:25:33
43653,1,2026-06-29 18:25:26
43654,5,2026-07-01 18:25:33
43655,1,2026-06-27 17:45:17
43656,1,2026-07-01 18:25:33
43657,1,2026-07-01 18:25:33
43659,1,2026-06-28 13:25:19
43660,1,2026-06-29 17:05:22
43661,2,2026-06-29 17:05:22
43663,1,2026-05-22 16:25:32
43674,17,2026-07-01 18:25:33
43675,3,2026-06-03 04:25:04
43676,1,2026-06-03 04:25:04
43677,5,2026-05-13 20:45:15
43678,1,2026-06-03 04:25:04
43679,3,2026-06-03 04:25:04
43680,3,2026-06-03 04:25:04
43681,4,2026-05-13 20:45:15
43682,3,2026-06-03 04:25:04
43683,3,2026-06-03 04:25:04
43684,2,2026-06-03 04:25:04
43685,1,2026-06-03 04:25:04
43686,1,2026-06-03 04:25:04
43687,1,2026-06-03 04:25:04
43694,1,2026-06-27 14:05:03
43696,1,2026-07-01 18:25:33
43701,1,2026-06-03 04:25:04
43702,2,2026-06-03 04:25:04
43703,2,2026-06-03 04:25:04
43704,1,2026-06-03 04:25:04
43705,1,2026-06-03 04:25:04
43706,1,2026-05-19 09:44:59
43707,1,2026-06-01 20:05:31
43708,1,2026-06-03 04:25:04
43709,2,2026-06-03 04:25:04
43710,2,2026-06-03 04:25:04
43712,1,2026-06-03 04:25:04
43713,3,2026-05-19 09:44:59
43719,1,2026-06-03 04:25:04
43720,1,2026-06-03 04:25:04
43721,4,2026-06-03 04:25:04
43722,1,2026-06-03 04:25:04
43723,2,2026-06-03 04:25:04
43725,22,2026-07-01 18:25:33
43825,17,2026-07-01 18:25:33
43826,27,2026-07-01 18:25:33
43827,12,2026-07-01 18:25:33
43850,2,2026-07-01 18:25:33
43851,40,2026-06-30 05:25:23
43852,2,2026-07-01 14:05:16
43853,60,2026-06-27 22:45:25
43854,20,2026-05-21 06:05:12
43860,9,2026-07-01 18:25:33
43864,1,2026-07-01 18:25:33
43865,1,2026-06-30 06:45:16
43867,17,2026-07-01 18:25:33
43868,12,2026-07-01 18:25:33
43869,9,2026-07-01 18:25:33
43870,1,2026-06-30 06:45:16
43871,1,2026-06-30 06:45:16
43969,1,2026-07-01 18:25:33
43970,1,2026-07-01 17:25:29
43971,4,2026-07-01 18:25:33
43972,2,2026-07-01 18:25:33
43973,3,2026-07-01 18:25:33
43974,1,2026-07-01 17:25:29
43975,2,2026-07-01 18:25:33
43987,5,2026-07-01 18:25:33
44066,7,2026-07-01 18:25:33
44076,1,2026-06-30 05:25:23
44078,1,2026-06-30 05:45:19
44081,1,2026-06-30 04:25:28
44082,1,2026-06-27 19:45:33
44084,1,2026-06-30 04:25:28
44148,1,2026-07-01 13:05:13
44158,1,2026-07-01 13:05:13
44208,1,2026-06-25 16:45:02
44210,7,2026-07-01 18:25:33
44211,1,2026-06-24 01:05:21
44213,1,2026-07-01 18:25:33
44215,1,2026-07-01 18:25:33
44217,1,2026-07-01 03:45:06
44218,3,2026-07-01 18:25:33
44219,1,2026-07-01 18:25:33
44253,2,2026-07-01 18:25:33
44255,1,2026-07-01 18:25:33
44308,1,2026-07-01 18:25:33
44309,1,2026-06-30 16:45:14
44310,1,2026-07-01 18:25:33
44311,1,2026-07-01 18:25:33
44312,1,2026-07-01 18:25:33
44313,6,2026-07-01 18:25:33
44314,8,2026-06-28 10:05:25
44315,15,2026-07-01 18:25:33
44325,23,2026-07-01 18:25:33
44327,18,2026-07-01 18:25:33
44328,41,2026-07-01 18:25:33
44329,3,2026-07-01 18:05:33
44330,49,2026-07-01 18:25:33
44331,78,2026-07-01 18:25:33
44332,22,2026-07-01 18:25:33
44438,1,2026-06-26 19:05:03
44440,4,2026-07-01 18:25:33
44441,1,2026-06-11 01:04:47
44442,1,2026-06-27 15:25:12
44443,1,2026-07-01 18:25:33
44444,1,2026-07-01 18:25:33
44445,1,2026-06-30 10:05:03
44446,13,2026-07-01 18:25:33
44447,1,2026-07-01 18:25:33
44448,1,2026-07-01 18:25:33
44449,30,2026-07-01 18:25:33
44453,4,2026-07-01 18:25:33
44455,8,2026-07-01 18:25:33
44456,8,2026-07-01 18:25:33
44457,9,2026-07-01 18:25:33
44458,5,2026-07-01 18:25:33
44463,4,2026-07-01 18:25:33
44464,1,2026-06-23 22:05:06
44465,16,2026-07-01 18:25:33
44466,7,2026-07-01 18:25:33
44467,9,2026-07-01 18:25:33
44468,1,2026-06-24 00:25:16
44469,12,2026-07-01 18:25:33
44470,8,2026-07-01 18:25:33
44493,14,2026-07-01 18:25:33
44497,3,2026-07-01 18:25:33
44500,1,2026-06-27 20:45:36
44504,2,2026-07-01 18:25:33
44505,1,2026-06-30 10:25:04
44571,20,2026-06-19 21:05:40
44573,20,2026-06-13 20:25:16
44574,20,2026-06-09 22:45:15
44575,20,2026-06-09 22:45:15
44605,8,2026-06-22 20:05:11
44614,1,2026-06-14 02:05:18
44615,1,2026-06-15 16:05:16
44647,1,2026-06-12 10:05:01
44649,1,2026-06-30 19:45:14
44668,1,2026-06-30 16:45:14
44669,3,2026-07-01 18:45:32
44670,1,2026-07-01 15:45:20
44671,1,2026-07-01 18:45:32
44672,2,2026-07-01 18:45:32
44673,1,2026-06-30 20:05:11
44674,1,2026-07-01 18:45:32
44675,2,2026-07-01 18:45:32
44676,1,2026-07-01 18:45:32
44677,1,2026-06-30 21:05:10
44681,1,2026-07-01 17:25:29
44682,1,2026-05-20 15:05:15
44683,2,2026-07-01 18:45:32
44684,16,2026-07-01 18:45:32
44685,2,2026-07-01 18:45:32
44686,1,2026-07-01 18:05:33
44687,14,2026-07-01 18:45:32
44688,32,2026-07-01 18:45:32
44691,1,2026-07-01 18:45:32
44692,1,2026-01-24 20:22:48
44693,1,2026-06-18 15:05:35
44694,1,2026-06-04 21:45:13
44695,1,2026-07-01 18:45:32
44696,1,2026-07-01 09:45:12
44697,20,2026-07-01 18:45:32
44698,1,2026-03-18 20:22:49
44703,4,2026-07-01 18:45:32
44708,1,2026-06-25 09:25:04
44732,1,2026-07-01 18:45:32
44737,1,2026-07-01 18:45:32
44739,36,2026-07-01 18:45:32
44740,4,2026-07-01 18:45:32
44741,1,2026-06-30 19:45:14
44742,1,2026-06-30 21:05:10
44749,8,2026-06-30 01:45:28
44750,2,2026-03-01 11:02:41
44757,6,2026-06-15 02:05:10
44772,60,2025-12-18 03:22:51
44774,100,2026-04-02 19:42:37
44776,28,2026-03-16 22:02:57
44782,4,2026-05-22 01:25:32
44920,14,2026-07-01 18:45:32
44922,16,2026-07-01 18:45:32
44923,14,2026-07-01 18:45:32
44928,11,2026-07-01 18:45:32
44931,2,2026-07-01 18:45:32
44936,4,2026-07-01 18:45:32
44939,14,2026-07-01 18:45:32
44953,2,2026-07-01 18:45:32
44955,31,2026-07-01 18:45:32
44958,30,2026-07-01 18:45:32
44963,5,2026-07-01 18:45:32
45052,1,2026-07-01 18:45:32
45056,4,2026-07-01 18:45:32
45060,6,2026-07-01 18:45:32
45085,5,2026-07-01 18:45:32
45190,3,2026-05-01 22:04:43
45194,38,2026-07-01 18:45:32
45196,53,2026-07-01 18:45:32
45198,51,2026-07-01 18:45:32
45199,1,2026-06-30 10:05:03
45200,205,2026-07-01 18:45:32
45201,2,2026-07-01 18:45:32
45202,2,2026-05-13 04:44:56
45601,8,2026-07-01 18:45:32
45602,7,2026-07-01 18:45:32
45603,11,2026-07-01 18:45:32
45604,7,2026-07-01 18:45:32
45621,24,2026-07-01 14:25:16
45622,34,2026-07-01 18:45:32
45623,9,2026-07-01 18:45:32
45625,8,2026-07-01 18:45:32
45626,2,2026-07-01 18:45:32
45627,1,2026-07-01 18:45:32
45628,7,2026-07-01 18:45:32
45631,1,2026-07-01 18:45:32
45731,10,2026-07-01 18:45:32
45732,9,2026-07-01 18:45:32
45733,8,2026-07-01 18:45:32
45734,21,2026-07-01 18:45:32
45735,10,2026-07-01 18:45:32
45736,9,2026-07-01 18:45:32
45737,7,2026-07-01 18:45:32
45738,9,2026-07-01 18:45:32
45739,15,2026-07-01 18:45:32
45740,7,2026-07-01 18:45:32
45741,8,2026-07-01 18:45:32
45742,8,2026-07-01 18:45:32
45743,11,2026-07-01 18:45:32
45744,8,2026-07-01 18:45:32
45745,23,2026-07-01 18:45:32
45746,9,2026-07-01 18:45:32
45747,10,2026-07-01 18:45:32
45753,5,2026-07-01 18:45:32
45755,10,2026-07-01 18:45:32
45756,9,2026-07-01 18:45:32
45764,11,2026-07-01 18:45:32
45766,10,2026-07-01 18:45:32
45767,7,2026-07-01 18:45:32
45768,18,2026-07-01 18:45:32
45769,12,2026-07-01 18:45:32
45770,12,2026-07-01 18:45:32
45771,8,2026-07-01 18:45:32
45772,10,2026-07-01 18:45:32
45773,4,2026-07-01 18:45:32
45775,18,2026-07-01 18:45:32
45776,11,2026-07-01 18:45:32
45777,12,2026-07-01 18:45:32
45778,11,2026-07-01 18:45:32
45779,17,2026-07-01 18:45:32
45780,8,2026-07-01 18:45:32
45781,11,2026-07-01 18:45:32
45782,12,2026-07-01 18:45:32
45783,7,2026-07-01 18:45:32
45785,11,2026-07-01 18:45:32
45789,15,2026-07-01 18:45:32
45790,10,2026-07-01 18:45:32
45792,8,2026-07-01 18:45:32
45793,10,2026-07-01 18:45:32
45794,9,2026-07-01 18:45:32
45795,9,2026-07-01 18:45:32
45797,11,2026-07-01 18:45:32
45799,17,2026-07-01 18:45:32
45800,10,2026-07-01 18:45:32
45803,11,2026-07-01 18:45:32
45804,23,2026-07-01 18:45:32
45805,7,2026-07-01 18:45:32
45806,13,2026-07-01 18:45:32
45808,5,2026-07-01 18:45:32
45809,3,2026-07-01 18:45:32
45810,1,2026-07-01 18:45:32
45811,1,2026-07-01 18:45:32
45812,7,2026-07-01 18:45:32
45854,1,2026-01-28 15:02:31
45859,1,2026-07-01 18:45:32
45861,10,2026-07-01 18:45:32
45862,1,2026-06-29 15:05:21
45879,7,2026-07-01 18:45:32
45880,4,2026-07-01 18:45:32
45881,3,2026-07-01 18:45:32
45882,2,2026-07-01 18:45:32
45883,1,2026-07-01 12:45:09
45909,1,2026-06-25 19:25:00
45912,6,2026-07-01 18:45:32
45932,8,2026-06-28 06:25:15
45977,1,2026-02-24 16:02:33
45978,2,2026-03-15 17:02:53
45979,1,2026-02-06 07:42:43
45980,1,2026-06-24 16:25:05
45981,1,2026-06-13 12:05:09
45984,5,2026-07-01 18:45:32
45987,1,2026-07-01 18:45:32
45994,1,2026-06-23 02:45:04
45995,1,2026-06-20 21:05:21
45999,1,2026-06-10 07:04:53
46023,1,2026-06-26 16:05:04
46324,2,2026-07-01 18:45:32
46359,2,2026-06-23 15:25:02
46360,1,2026-03-03 22:02:46
46372,10,2026-07-01 18:45:32
46376,239,2026-07-01 18:45:32
46377,255,2026-07-01 18:45:32
46378,56,2026-07-01 18:45:32
46379,63,2026-07-01 18:45:32
46398,1,2026-05-04 17:44:49
46849,60,2026-07-01 18:45:32
47828,10,2026-07-01 18:45:32
48112,1,2026-07-01 18:45:32
48114,2,2026-07-01 18:45:32
48116,1,2026-06-29 04:05:43
48118,4,2026-07-01 18:45:32
48120,1,2026-06-26 14:04:54
48720,25,2026-07-01 18:45:32
48933,3,2026-07-01 18:45:32
49084,15,2026-07-01 18:45:32
49110,13,2026-07-01 18:45:32
49209,51,2026-05-02 04:44:33
49227,1,2026-07-01 18:45:32
49632,5,2026-07-01 18:45:32
49633,9,2026-07-01 18:45:32
49634,4,2026-07-01 18:45:32
49778,1,2026-01-26 03:22:44
50045,15,2026-07-01 18:45:32
50055,1,2026-07-01 18:45:32
50077,9,2026-07-01 18:45:32
50125,13,2026-07-01 18:45:32
50166,1,2026-07-01 18:45:32
50167,1,2026-06-30 08:45:37
50168,1,2026-06-30 05:25:23
50816,4,2026-07-01 18:45:32
51809,1,2026-06-05 08:05:04
51958,1,2026-07-01 05:44:59
54469,1,2025-11-14 02:42:31
