item,reason
39,no-data
36,no-data
42,no-data
37,no-data
48,no-data
46,no-data
50,no-data
51,stale
54,no-data
41,no-data
52,no-data
57,no-data
77,no-data
86,no-data
58,no-data
87,no-data
88,no-data
85,no-data
89,no-data
91,no-data
92,no-data
94,no-data
102,no-data
101,no-data
99,no-data
105,no-data
104,no-data
113,no-data
114,no-data
103,no-data
125,no-data
126,no-data
131,no-data
132,no-data
128,no-data
130,no-data
133,no-data
123,no-data
134,no-data
135,no-data
129,no-data
138,no-data
137,no-data
136,no-data
139,no-data
140,no-data
146,no-data
143,no-data
141,no-data
124,no-data
151,no-data
147,no-data
149,no-data
152,no-data
156,no-data
157,no-data
150,no-data
194,no-data
184,no-data
195,no-data
193,no-data
201,stale
210,no-data
209,no-data
238,no-data
239,no-data
237,no-data
285,no-data
287,no-data
286,no-data
155,no-data
556,no-data
537,no-data
746,no-data
741,no-data
755,no-data
751,no-data
761,no-data
771,no-data
786,no-data
795,no-data
806,no-data
807,no-data
808,no-data
823,no-data
813,no-data
836,no-data
842,no-data
838,no-data
837,no-data
840,no-data
849,no-data
839,no-data
855,no-data
854,no-data
853,no-data
894,no-data
900,no-data
902,no-data
905,no-data
903,no-data
906,no-data
907,no-data
908,no-data
893,no-data
909,no-data
917,no-data
901,no-data
922,no-data
913,no-data
924,no-data
923,no-data
928,no-data
925,no-data
931,no-data
927,no-data
930,no-data
948,no-data
951,no-data
945,no-data
941,no-data
980,no-data
986,no-data
989,no-data
1016,no-data
976,no-data
1002,no-data
997,no-data
1020,no-data
1021,no-data
1018,no-data
1004,no-data
1025,no-data
1026,no-data
1022,no-data
1024,no-data
1023,no-data
1027,no-data
1031,no-data
1032,no-data
1029,no-data
1030,no-data
1035,no-data
1028,no-data
1037,no-data
1033,no-data
1034,no-data
1038,no-data
1036,no-data
1043,no-data
1044,no-data
1041,no-data
1042,no-data
1049,no-data
1046,no-data
1052,no-data
1053,no-data
1048,no-data
1061,no-data
1063,no-data
1057,no-data
1058,no-data
1047,no-data
1087,no-data
1090,no-data
1086,no-data
1091,no-data
1092,no-data
1093,no-data
1089,no-data
1095,no-data
1099,no-data
1088,no-data
1101,no-data
1111,no-data
1112,no-data
1102,no-data
1084,no-data
1114,no-data
1117,no-data
1113,no-data
1136,no-data
1119,no-data
1133,no-data
1128,no-data
1138,no-data
1139,no-data
1141,no-data
1151,no-data
1149,no-data
1150,no-data
1164,no-data
1163,no-data
1162,no-data
1157,no-data
1134,no-data
1165,no-data
1189,no-data
1190,no-data
1192,no-data
1200,stale
1193,no-data
1198,no-data
1216,no-data
1224,no-data
1228,no-data
1229,no-data
1222,no-data
1232,no-data
1238,no-data
1239,no-data
1243,no-data
1213,no-data
1244,no-data
1231,no-data
1245,no-data
1250,no-data
1258,no-data
1246,no-data
1266,no-data
1255,no-data
1268,no-data
1281,no-data
1311,no-data
1297,no-data
1328,no-data
1323,no-data
1335,no-data
1332,no-data
1341,no-data
1334,no-data
1354,no-data
1368,no-data
1370,no-data
1364,no-data
1372,no-data
1371,no-data
1379,no-data
1377,no-data
1339,no-data
1378,no-data
1384,no-data
1400,no-data
1398,no-data
1402,no-data
1403,no-data
1397,no-data
1416,no-data
1418,no-data
1424,no-data
1419,stale
1429,stale
1432,no-data
1435,no-data
1450,no-data
1487,no-data
1492,no-data
1500,no-data
1508,no-data
1536,no-data
1533,no-data
1545,no-data
1544,no-data
1559,no-data
1554,no-data
1534,no-data
1535,no-data
1567,no-data
1574,no-data
1588,no-data
1603,no-data
1597,no-data
1619,no-data
1638,no-data
1630,stale
1641,no-data
1622,no-data
1651,no-data
1623,no-data
1648,no-data
1654,no-data
1655,no-data
1649,no-data
1652,no-data
1676,no-data
1681,no-data
1657,no-data
1695,no-data
1690,no-data
1691,no-data
1694,no-data
1697,no-data
1704,no-data
1693,no-data
1689,no-data
1719,no-data
1724,no-data
1736,no-data
1731,no-data
1740,no-data
1747,stale
1749,no-data
1756,no-data
1759,no-data
1772,stale
1782,no-data
1776,no-data
1780,no-data
1788,no-data
1804,no-data
1835,no-data
1836,no-data
1839,no-data
1844,no-data
1851,no-data
1849,no-data
1850,no-data
1854,no-data
1877,no-data
1852,no-data
1880,no-data
1853,no-data
1882,no-data
1896,no-data
1878,no-data
1899,no-data
1901,no-data
1902,no-data
1910,no-data
1915,no-data
1911,no-data
1914,no-data
1912,no-data
1909,no-data
1926,stale
1950,no-data
1948,no-data
1961,no-data
1960,no-data
1969,no-data
1963,no-data
1957,no-data
1985,no-data
1983,no-data
1999,no-data
1995,no-data
2002,no-data
1984,no-data
2003,no-data
2016,no-data
2023,no-data
2024,no-data
2026,no-data
2028,no-data
2038,no-data
2050,no-data
2051,no-data
2052,no-data
2053,no-data
2056,no-data
2045,no-data
2030,no-data
2060,no-data
2081,no-data
2085,no-data
2088,stale
2101,stale
2106,no-data
2107,no-data
2104,no-data
2103,no-data
2109,no-data
2110,no-data
2114,no-data
2120,no-data
2124,no-data
2117,no-data
2136,no-data
2141,no-data
2142,no-data
2144,no-data
2147,no-data
2145,no-data
2146,no-data
2148,no-data
2150,no-data
2152,no-data
2133,no-data
2153,no-data
2149,no-data
2151,no-data
2176,no-data
2177,no-data
2178,no-data
2181,no-data
2180,no-data
2182,no-data
2183,no-data
2196,no-data
2197,no-data
2170,no-data
2184,no-data
2198,no-data
2199,no-data
2200,no-data
2202,no-data
2179,no-data
2212,no-data
2210,no-data
2232,stale
2214,stale
2234,no-data
2248,no-data
2255,no-data
2259,no-data
2275,no-data
2273,no-data
2301,no-data
2305,no-data
2306,no-data
2323,no-data
2322,no-data
2327,no-data
2362,no-data
2364,no-data
2369,no-data
2366,no-data
2384,no-data
2385,no-data
2387,no-data
2388,no-data
2389,no-data
2390,no-data
2398,no-data
2399,no-data
2404,no-data
2403,no-data
2400,no-data
2405,no-data
2402,no-data
2412,no-data
2413,no-data
2410,no-data
2418,stale
2419,stale
2415,no-data
2417,stale
2420,stale
2422,stale
2421,stale
2423,no-data
2424,no-data
2426,no-data
2427,no-data
2425,no-data
2431,no-data
2428,no-data
2434,no-data
2432,no-data
2435,no-data
2438,no-data
2441,no-data
2443,no-data
2440,no-data
2444,no-data
2429,no-data
2442,no-data
2437,no-data
2462,no-data
2461,no-data
2464,no-data
2463,no-data
2465,no-data
2460,no-data
2469,no-data
2468,no-data
2470,no-data
2467,no-data
2472,no-data
2478,no-data
2471,no-data
2474,no-data
2475,no-data
2482,no-data
2483,no-data
2484,no-data
2481,no-data
2473,no-data
2485,no-data
2486,no-data
2513,no-data
2514,no-data
2510,no-data
2504,no-data
2509,no-data
2517,no-data
2528,no-data
2530,no-data
2529,no-data
2518,no-data
2533,no-data
2531,no-data
2543,no-data
2532,no-data
2551,no-data
2535,no-data
2534,no-data
2550,no-data
2552,no-data
2554,no-data
2557,no-data
2558,no-data
2559,no-data
2556,no-data
2573,no-data
2574,no-data
2588,no-data
2590,no-data
2591,no-data
2599,no-data
2600,no-data
2602,no-data
2612,no-data
2614,no-data
2613,no-data
2608,no-data
2615,no-data
2617,no-data
2616,no-data
2651,no-data
2648,no-data
2653,no-data
2643,no-data
2647,no-data
2655,no-data
2664,no-data
2688,no-data
2686,no-data
2707,no-data
2704,no-data
2709,no-data
2710,no-data
2705,no-data
2716,no-data
2715,no-data
2717,no-data
2718,no-data
2708,no-data
2711,no-data
2754,no-data
2714,no-data
2804,no-data
2809,no-data
2813,no-data
2810,no-data
2827,no-data
2867,no-data
2884,no-data
2887,no-data
2890,no-data
2896,no-data
2893,no-data
2894,no-data
2895,no-data
2899,no-data
2918,no-data
2923,no-data
2892,no-data
2920,no-data
2919,no-data
2922,no-data
2928,stale
2930,stale
2927,no-data
2929,no-data
2932,no-data
2921,no-data
2952,no-data
2993,no-data
2994,no-data
3001,no-data
3002,no-data
2995,no-data
3006,no-data
3003,no-data
3004,no-data
3005,no-data
3029,no-data
3025,no-data
3028,no-data
3032,no-data
3031,no-data
3034,no-data
3051,no-data
3052,no-data
3059,no-data
3061,no-data
3060,no-data
3068,no-data
3089,no-data
3087,no-data
3088,no-data
3090,no-data
3077,no-data
3092,no-data
3096,no-data
3094,no-data
3091,no-data
3093,no-data
3099,no-data
3098,no-data
3097,no-data
3095,no-data
3102,no-data
3104,no-data
3100,no-data
3105,no-data
3106,no-data
3112,no-data
3113,no-data
3114,no-data
3101,no-data
3107,no-data
3118,no-data
3119,no-data
3111,no-data
3120,no-data
3115,no-data
3116,no-data
3121,no-data
3125,no-data
3126,no-data
3127,no-data
3123,no-data
3124,no-data
3132,no-data
3129,no-data
3133,no-data
3130,no-data
3134,no-data
3147,no-data
3159,no-data
3168,no-data
3169,no-data
3170,stale
3146,no-data
3148,no-data
3150,no-data
3171,no-data
3176,no-data
3149,no-data
3177,no-data
3179,no-data
3215,no-data
3232,no-data
3242,no-data
3226,no-data
3243,no-data
3244,no-data
3246,no-data
3245,no-data
3247,no-data
3249,no-data
3259,no-data
3263,no-data
3261,no-data
3271,no-data
3278,no-data
3294,no-data
3293,no-data
3296,no-data
3295,no-data
3320,no-data
3321,no-data
3323,no-data
3326,no-data
3329,no-data
3333,no-data
3332,no-data
3330,no-data
3350,no-data
3351,no-data
3346,no-data
3362,no-data
3361,no-data
3359,no-data
3381,no-data
3380,stale
3398,no-data
3500,no-data
3503,no-data
3507,no-data
3522,no-data
3501,no-data
3524,no-data
3526,no-data
3528,no-data
3527,no-data
3523,no-data
3539,no-data
3542,no-data
3541,no-data
3543,no-data
3545,no-data
3544,no-data
3546,no-data
3536,no-data
3548,no-data
3547,no-data
3549,no-data
3537,no-data
3538,no-data
3557,no-data
3540,no-data
3579,no-data
3588,no-data
3590,no-data
3589,no-data
3593,no-data
3594,no-data
3587,no-data
3595,no-data
3599,no-data
3600,no-data
3596,no-data
3646,no-data
3644,no-data
3606,no-data
3648,no-data
3675,no-data
3694,no-data
3696,no-data
3697,no-data
3698,no-data
3699,no-data
3695,no-data
3713,no-data
3705,no-data
3723,no-data
3724,no-data
3725,no-data
3746,no-data
3757,no-data
3773,no-data
3776,no-data
3788,no-data
3789,no-data
3774,no-data
3777,no-data
3790,no-data
3791,no-data
3810,no-data
3846,stale
3854,no-data
3855,no-data
3861,no-data
3865,no-data
3856,no-data
3882,no-data
3888,no-data
3884,no-data
3887,no-data
3885,no-data
3886,no-data
3893,no-data
3891,stale
3894,no-data
3883,no-data
3895,no-data
3896,no-data
3933,no-data
3934,no-data
3946,no-data
3948,no-data
3950,stale
3952,no-data
3949,no-data
3954,no-data
3953,no-data
3955,no-data
3951,no-data
3956,no-data
3957,no-data
3959,no-data
3958,no-data
3963,no-data
3964,no-data
3962,no-data
3974,no-data
3977,no-data
3969,no-data
3980,no-data
3981,no-data
3979,no-data
3978,no-data
3982,no-data
3983,no-data
3975,no-data
3984,no-data
3987,no-data
3988,no-data
3996,stale
4001,stale
4000,stale
3998,no-data
4004,stale
4003,no-data
4008,no-data
4012,no-data
4013,no-data
4009,no-data
4014,no-data
4010,no-data
4011,no-data
4015,no-data
4031,no-data
4033,no-data
4032,no-data
4030,no-data
4081,no-data
4097,no-data
4100,no-data
4141,no-data
4142,no-data
4101,no-data
4102,no-data
4145,no-data
4146,no-data
4143,no-data
4147,no-data
4095,no-data
4149,no-data
4148,no-data
4144,no-data
4153,no-data
4151,no-data
4150,no-data
4152,no-data
4155,no-data
4156,no-data
4160,no-data
4154,no-data
4159,no-data
4157,no-data
4163,no-data
4166,no-data
4162,no-data
4161,no-data
4164,no-data
4168,no-data
4173,no-data
4172,no-data
4174,no-data
4175,no-data
4183,no-data
4185,no-data
4182,no-data
4188,no-data
4189,no-data
4187,no-data
4184,no-data
4193,no-data
4191,no-data
4190,no-data
4186,no-data
4194,no-data
4195,no-data
4196,no-data
4198,no-data
4199,no-data
4203,no-data
4192,no-data
4200,no-data
4202,no-data
4205,no-data
4201,no-data
4204,no-data
4206,no-data
4210,no-data
4209,no-data
4211,no-data
4207,no-data
4208,no-data
4212,no-data
4214,no-data
4215,no-data
4225,no-data
4219,no-data
4226,no-data
4229,no-data
4224,no-data
4228,no-data
4230,no-data
4227,no-data
4222,no-data
4223,no-data
4267,no-data
4270,no-data
4269,no-data
4266,no-data
4279,no-data
4287,no-data
4280,no-data
4281,no-data
4277,no-data
4288,no-data
4295,no-data
4341,no-data
4376,no-data
4403,no-data
4418,no-data
4420,no-data
4423,no-data
4442,no-data
4451,no-data
4459,no-data
4460,no-data
4475,no-data
4471,no-data
4486,no-data
4501,no-data
4573,no-data
4574,no-data
4578,no-data
4579,no-data
4581,no-data
4587,no-data
4580,no-data
4588,no-data
4590,no-data
4591,no-data
4633,no-data
4634,no-data
4632,no-data
4636,no-data
4642,no-data
4637,no-data
4657,no-data
4638,no-data
4664,no-data
4667,no-data
4670,no-data
4673,no-data
4682,no-data
4685,no-data
4679,no-data
4756,no-data
4761,no-data
4768,no-data
4773,no-data
4774,no-data
4767,stale
4772,no-data
4780,stale
4779,no-data
4811,no-data
4812,no-data
4815,no-data
4842,no-data
4853,no-data
4874,no-data
4860,no-data
4865,no-data
4876,no-data
4877,no-data
4899,no-data
4879,no-data
4900,no-data
4880,no-data
4901,no-data
4875,no-data
4912,no-data
4955,no-data
4902,no-data
4934,no-data
4959,no-data
4985,no-data
4993,no-data
4994,no-data
4996,no-data
4997,no-data
4991,no-data
5000,no-data
5004,no-data
5024,no-data
5031,no-data
5033,no-data
5034,no-data
5036,no-data
5035,no-data
5032,no-data
5014,no-data
5013,no-data
5039,no-data
5037,no-data
5042,no-data
5041,no-data
5045,no-data
5047,no-data
5070,no-data
5091,no-data
5090,no-data
5108,no-data
5106,no-data
5105,no-data
5121,no-data
5125,no-data
5127,no-data
5126,no-data
5129,no-data
5130,no-data
5131,no-data
5132,no-data
5139,no-data
5141,no-data
5142,no-data
5146,no-data
5145,no-data
5147,no-data
5140,no-data
5148,no-data
5144,no-data
5151,no-data
5150,no-data
5153,no-data
5154,no-data
5149,no-data
5156,no-data
5155,no-data
5157,no-data
5152,no-data
5158,no-data
5160,no-data
5159,no-data
5162,no-data
5172,no-data
5161,no-data
5163,no-data
5224,no-data
5225,no-data
5227,no-data
5208,stale
5235,no-data
5236,no-data
5223,no-data
5229,no-data
5238,no-data
5239,no-data
5255,no-data
5228,no-data
5276,no-data
5277,no-data
5263,no-data
5268,no-data
5269,no-data
5278,no-data
5281,no-data
5282,no-data
5288,no-data
5292,no-data
5293,no-data
5300,no-data
5301,no-data
5304,no-data
5290,no-data
5303,no-data
5289,no-data
5307,no-data
5308,no-data
5291,no-data
5305,no-data
5347,stale
5349,no-data
5350,no-data
5358,no-data
5361,no-data
5364,no-data
5287,no-data
5362,no-data
5367,no-data
5370,no-data
5365,no-data
5368,no-data
5371,no-data
5369,no-data
5376,no-data
5375,no-data
5377,no-data
5378,no-data
5417,no-data
5406,no-data
5418,no-data
5407,no-data
5427,no-data
5431,stale
5430,no-data
5434,no-data
5432,stale
5468,stale
5452,no-data
5474,stale
5487,stale
5497,no-data
5495,no-data
5501,no-data
5502,no-data
5509,no-data
5511,no-data
5506,no-data
5512,no-data
5526,no-data
5532,no-data
5529,no-data
5545,no-data
5548,no-data
5549,no-data
5530,no-data
5546,no-data
5551,no-data
5552,no-data
5553,no-data
5555,no-data
5556,no-data
5558,no-data
5557,no-data
5554,no-data
5559,no-data
5550,no-data
5560,no-data
5562,no-data
5564,no-data
5567,no-data
5563,no-data
5561,no-data
5577,no-data
5597,no-data
5632,no-data
5625,no-data
5641,no-data
5607,no-data
5644,no-data
5647,no-data
5648,no-data
5650,no-data
5649,no-data
5658,no-data
5654,no-data
5660,no-data
5666,no-data
5657,no-data
5662,no-data
5661,no-data
5667,no-data
5677,no-data
5678,no-data
5672,no-data
5679,no-data
5680,no-data
5682,no-data
5685,no-data
5688,no-data
5696,no-data
5697,no-data
5701,no-data
5683,no-data
5684,no-data
5700,no-data
5698,no-data
5699,no-data
5703,no-data
5705,no-data
5707,no-data
5702,no-data
5719,no-data
5720,no-data
5714,no-data
5716,no-data
5722,no-data
5721,no-data
5724,no-data
5725,no-data
5726,no-data
5727,no-data
5712,no-data
5715,no-data
5713,no-data
5729,no-data
5728,no-data
5730,no-data
5723,no-data
5745,no-data
5746,no-data
5747,no-data
5748,no-data
5783,no-data
5856,no-data
5839,no-data
5870,no-data
5829,no-data
5823,no-data
5953,no-data
5874,no-data
5859,no-data
5871,no-data
5875,no-data
5878,no-data
5954,no-data
6036,no-data
6116,no-data
6120,no-data
6121,no-data
6124,no-data
6123,no-data
6122,no-data
6126,no-data
6128,no-data
6127,no-data
6130,no-data
6131,no-data
6129,no-data
6132,no-data
6135,no-data
6136,no-data
6134,no-data
6137,no-data
6133,no-data
6150,no-data
6183,no-data
6174,no-data
6182,no-data
6216,no-data
6221,no-data
6222,no-data
6224,no-data
6228,no-data
6230,no-data
6225,no-data
6213,no-data
6229,no-data
6231,no-data
6233,no-data
6227,no-data
6235,no-data
6236,no-data
6232,no-data
6234,no-data
6237,no-data
6244,no-data
6273,no-data
6297,no-data
6298,no-data
6304,no-data
6305,no-data
6301,no-data
6306,no-data
6307,no-data
6356,no-data
6355,no-data
6357,no-data
6353,no-data
6374,no-data
6354,no-data
6376,no-data
6434,no-data
6439,no-data
6438,no-data
6457,no-data
6523,no-data
6524,no-data
6525,no-data
6526,no-data
6589,no-data
6618,no-data
6644,no-data
6646,no-data
6645,no-data
6647,no-data
6643,no-data
6672,no-data
6674,no-data
6673,no-data
6651,no-data
6706,no-data
6710,no-data
6715,no-data
6730,no-data
6680,no-data
6736,no-data
6733,no-data
6734,no-data
6886,no-data
6946,no-data
6891,no-data
6947,no-data
6950,no-data
6896,no-data
6987,no-data
6951,no-data
7047,no-data
7027,no-data
7056,no-data
7064,no-data
7066,no-data
7063,no-data
7073,no-data
7074,no-data
7094,no-data
7093,no-data
7098,no-data
7100,no-data
7099,no-data
7101,no-data
7169,no-data
7187,no-data
7188,no-data
7248,no-data
7192,no-data
7190,no-data
7283,stale
7337,no-data
7339,no-data
7340,no-data
7341,no-data
7342,no-data
7299,no-data
7359,no-data
7426,no-data
7427,no-data
7428,no-data
7466,no-data
7497,no-data
7548,no-data
7550,no-data
7549,no-data
7551,no-data
7547,no-data
7612,no-data
7677,no-data
7706,no-data
7678,no-data
7806,no-data
7808,no-data
7809,no-data
7826,no-data
7807,no-data
7913,no-data
7914,no-data
7917,no-data
7925,no-data
7928,no-data
7929,no-data
7935,no-data
7927,stale
7932,no-data
7940,no-data
7938,no-data
7937,no-data
7959,no-data
7962,no-data
7955,no-data
7977,no-data
7978,no-data
7979,no-data
7980,no-data
7982,no-data
7981,no-data
7996,no-data
8091,no-data
8090,no-data
8092,no-data
8093,no-data
8094,no-data
8148,no-data
8164,no-data
8166,no-data
8168,no-data
8211,no-data
8214,no-data
8212,no-data
8215,no-data
8208,no-data
8243,no-data
8383,no-data
8388,no-data
8368,no-data
8426,no-data
8425,no-data
8444,no-data
8427,no-data
8493,no-data
8505,no-data
8506,no-data
8546,no-data
8547,no-data
8507,no-data
8589,no-data
8543,no-data
8590,no-data
8583,no-data
8627,no-data
8743,no-data
8630,no-data
8628,no-data
8633,no-data
8744,no-data
8745,no-data
8508,no-data
8755,stale
8757,no-data
8752,no-data
8759,no-data
8760,no-data
8756,no-data
8753,stale
8758,no-data
8761,no-data
8763,no-data
8764,no-data
8765,no-data
8774,no-data
8767,no-data
8762,no-data
8776,no-data
8777,no-data
8780,no-data
8775,no-data
8778,no-data
8779,no-data
8791,no-data
8793,no-data
8789,no-data
8794,no-data
8792,no-data
8795,no-data
8796,no-data
8798,no-data
8797,no-data
8787,no-data
8799,no-data
8800,no-data
8802,no-data
8804,no-data
8803,no-data
8805,no-data
8806,no-data
8807,no-data
8788,no-data
8808,no-data
8809,no-data
8790,no-data
8812,no-data
8810,no-data
8814,no-data
8811,no-data
8815,no-data
8818,no-data
8819,no-data
8801,no-data
8813,no-data
8816,no-data
8817,no-data
8820,no-data
8822,no-data
8823,no-data
8825,no-data
8826,no-data
8844,no-data
8837,no-data
8835,no-data
8843,no-data
8847,no-data
8848,no-data
8849,no-data
8851,no-data
8853,no-data
8850,no-data
8854,no-data
8855,no-data
8857,no-data
8859,no-data
8862,no-data
8858,no-data
8860,no-data
8856,no-data
8863,no-data
8861,no-data
8864,no-data
8865,no-data
8852,no-data
8867,no-data
8869,no-data
8866,no-data
8868,no-data
8873,no-data
8870,no-data
8872,no-data
8875,no-data
8877,no-data
8878,no-data
8871,no-data
8876,no-data
8879,no-data
8874,no-data
8882,no-data
8884,no-data
8885,no-data
8883,no-data
8893,no-data
8897,no-data
8898,no-data
8895,no-data
8896,no-data
8899,no-data
8901,no-data
8900,no-data
8903,no-data
8902,no-data
8904,no-data
8908,no-data
8909,no-data
8910,no-data
8911,no-data
8912,no-data
8913,no-data
8916,no-data
8914,no-data
8918,no-data
8915,no-data
8919,no-data
8920,no-data
8922,no-data
8921,no-data
8917,no-data
8894,no-data
8929,no-data
8928,no-data
8933,no-data
8927,no-data
8941,no-data
8939,no-data
8943,no-data
8946,no-data
8945,no-data
8947,no-data
8938,no-data
8940,no-data
8942,no-data
8944,no-data
8954,no-data
8958,no-data
8962,no-data
8961,no-data
8969,no-data
8970,no-data
8971,no-data
8966,no-data
8968,no-data
8977,no-data
8974,no-data
8975,no-data
8976,no-data
8964,no-data
8979,no-data
8972,no-data
8983,no-data
8980,no-data
8978,no-data
8981,no-data
8992,no-data
8994,no-data
8995,no-data
8989,no-data
8993,no-data
8997,no-data
8998,no-data
8999,no-data
8996,no-data
9000,no-data
9001,no-data
9004,no-data
9002,no-data
8991,no-data
9006,no-data
9003,no-data
8990,no-data
9011,no-data
9008,no-data
9012,no-data
9005,no-data
9010,no-data
9013,no-data
9014,no-data
9016,no-data
9017,no-data
9009,no-data
9015,no-data
9020,no-data
9007,no-data
9018,no-data
9021,no-data
9022,no-data
9019,no-data
9025,no-data
9026,no-data
9028,no-data
9023,no-data
9024,no-data
9027,no-data
9029,no-data
9039,no-data
9041,no-data
9038,no-data
9043,no-data
9044,no-data
9040,no-data
9051,no-data
9054,no-data
9055,no-data
9057,no-data
9058,no-data
9056,no-data
9059,no-data
9062,no-data
9050,no-data
9063,no-data
9052,no-data
9064,no-data
9067,no-data
9068,no-data
9053,no-data
9065,no-data
9069,no-data
9072,no-data
9073,no-data
9070,no-data
9071,no-data
9066,no-data
9075,no-data
9077,no-data
9079,no-data
9080,no-data
9081,no-data
9078,no-data
9082,no-data
9076,no-data
9084,no-data
9074,no-data
9087,no-data
9101,no-data
9103,no-data
9102,no-data
9094,no-data
9099,no-data
9104,no-data
9105,no-data
9123,no-data
9124,no-data
9095,no-data
9125,no-data
9127,no-data
9129,no-data
9097,no-data
9131,no-data
9128,no-data
9132,no-data
9126,no-data
9133,no-data
9134,no-data
9135,no-data
9130,no-data
9136,no-data
9138,no-data
9139,no-data
9137,no-data
9140,no-data
9142,no-data
9143,no-data
9147,no-data
9141,no-data
9150,no-data
9146,no-data
9148,no-data
9151,no-data
9145,no-data
9152,no-data
9159,no-data
9157,no-data
9160,no-data
9158,no-data
9156,no-data
9163,no-data
9164,no-data
9166,no-data
9165,no-data
9162,no-data
9171,no-data
9178,no-data
9181,no-data
9185,no-data
9186,no-data
9177,no-data
9191,no-data
9193,no-data
9188,no-data
9174,no-data
9190,no-data
9194,no-data
9195,no-data
9196,no-data
9198,no-data
9200,no-data
9201,no-data
9202,no-data
9203,no-data
9205,no-data
9192,no-data
9204,no-data
9207,no-data
9208,no-data
9199,no-data
9222,no-data
9220,no-data
9219,no-data
9223,no-data
9225,no-data
9227,no-data
9229,no-data
9217,no-data
9218,no-data
9228,no-data
9230,no-data
9221,no-data
9231,no-data
9226,no-data
9239,no-data
9232,no-data
9276,no-data
9332,no-data
9355,no-data
9335,no-data
9336,no-data
9356,no-data
9421,no-data
9529,no-data
9532,no-data
9539,no-data
9540,no-data
9541,no-data
9659,no-data
9681,no-data
9700,no-data
9702,no-data
9701,no-data
9888,no-data
10006,no-data
10010,no-data
10011,no-data
10020,no-data
10032,no-data
10037,no-data
10038,no-data
10039,no-data
10284,no-data
10290,no-data
10303,no-data
10304,no-data
10313,no-data
10319,no-data
10324,no-data
10419,no-data
10422,no-data
10451,no-data
10452,no-data
10453,no-data
10448,no-data
10555,no-data
10568,no-data
10579,no-data
10595,no-data
10612,no-data
10611,no-data
10591,no-data
10615,no-data
10616,no-data
10613,no-data
10617,no-data
10614,no-data
10619,no-data
10618,no-data
10841,no-data
10898,no-data
10918,no-data
10920,no-data
10921,no-data
10825,no-data
10839,no-data
11019,no-data
11021,no-data
11025,no-data
10840,no-data
11041,no-data
11042,no-data
11099,no-data
11087,no-data
11201,no-data
11183,no-data
11200,no-data
11264,no-data
11199,no-data
11314,no-data
11308,no-data
11321,no-data
11344,no-data
11369,no-data
11365,no-data
11343,no-data
11383,no-data
11384,no-data
11345,no-data
11388,no-data
11390,no-data
11389,no-data
11395,no-data
11403,no-data
11402,no-data
11408,no-data
11342,no-data
11410,no-data
11409,no-data
11414,no-data
11415,no-data
11416,no-data
11417,no-data
11418,no-data
11419,no-data
11443,no-data
11420,no-data
11505,no-data
11506,no-data
11424,no-data
11585,no-data
11587,no-data
11444,no-data
11606,no-data
11762,no-data
11938,no-data
11939,no-data
11941,no-data
11903,no-data
11937,no-data
11966,no-data
11940,no-data
11942,no-data
11943,no-data
12142,no-data
12182,no-data
12183,no-data
12187,no-data
12189,no-data
12188,no-data
12211,no-data
12215,no-data
12221,no-data
12222,no-data
12224,no-data
12245,no-data
12246,no-data
12253,no-data
12244,no-data
12255,no-data
12258,no-data
12285,no-data
12290,no-data
12297,no-data
12294,no-data
12298,no-data
12304,no-data
12328,no-data
12329,no-data
12331,no-data
12332,no-data
12333,no-data
12348,no-data
12362,no-data
12357,no-data
12338,no-data
12403,no-data
12385,no-data
12417,stale
12415,no-data
12421,no-data
12420,no-data
12413,no-data
12440,no-data
12443,no-data
12453,no-data
12454,no-data
12468,no-data
12452,no-data
12482,no-data
12523,no-data
12526,no-data
12502,no-data
12461,no-data
12613,no-data
12614,no-data
12615,no-data
12616,no-data
12611,no-data
12593,no-data
12618,no-data
12610,no-data
12617,no-data
12619,no-data
12625,no-data
12624,no-data
12612,no-data
12620,no-data
12629,no-data
12628,no-data
12632,no-data
12633,no-data
12639,no-data
12641,no-data
12640,no-data
12686,no-data
12636,no-data
12729,no-data
12744,no-data
12742,no-data
12743,no-data
12747,no-data
12746,no-data
12772,no-data
12776,no-data
12763,no-data
12777,no-data
12781,no-data
12769,no-data
12767,no-data
12786,no-data
12783,no-data
12784,no-data
12788,no-data
12789,no-data
12764,no-data
12787,no-data
12790,no-data
12796,no-data
12792,no-data
12826,no-data
12830,stale
12821,no-data
12817,no-data
12851,no-data
12852,no-data
12853,no-data
12855,no-data
12854,no-data
12857,no-data
12837,stale
12856,no-data
12858,no-data
12859,no-data
12860,no-data
12850,no-data
12861,no-data
12862,no-data
12863,no-data
12838,no-data
12866,no-data
12869,no-data
12867,no-data
12865,no-data
12868,no-data
12870,no-data
12864,no-data
12883,no-data
12890,no-data
12893,no-data
12892,no-data
12882,no-data
12901,no-data
12889,no-data
12902,no-data
12932,no-data
12937,no-data
12934,no-data
12931,no-data
12933,no-data
12941,no-data
12904,no-data
12949,no-data
12950,no-data
12944,no-data
12959,no-data
12951,no-data
12948,no-data
12943,no-data
12971,no-data
13050,no-data
13061,no-data
13069,no-data
13104,no-data
13147,no-data
13160,no-data
13150,no-data
13165,no-data
13219,no-data
13221,no-data
13220,no-data
13222,no-data
13214,no-data
13290,no-data
13291,no-data
13292,no-data
13293,no-data
13294,no-data
13318,no-data
13316,no-data
13339,no-data
13319,no-data
13312,no-data
13342,no-data
13362,no-data
13363,no-data
13364,no-data
13343,no-data
13341,no-data
13330,no-data
13367,no-data
13406,no-data
13407,no-data
13365,no-data
13366,no-data
13460,no-data
13472,no-data
13477,no-data
13480,no-data
13481,stale
13500,no-data
13504,no-data
13516,no-data
13586,no-data
13623,no-data
13609,no-data
13622,no-data
13611,no-data
13625,no-data
13627,no-data
13628,no-data
13630,no-data
13642,no-data
13644,no-data
13643,no-data
13646,no-data
13648,no-data
13651,no-data
13610,no-data
13650,no-data
13653,no-data
13654,no-data
13649,no-data
13660,no-data
13664,no-data
13667,no-data
13668,no-data
13666,no-data
13663,no-data
13669,no-data
13671,no-data
13672,no-data
13665,no-data
13661,no-data
13673,no-data
13670,no-data
13676,no-data
13674,no-data
13675,no-data
13678,no-data
13677,no-data
13679,no-data
13682,no-data
13684,no-data
13685,no-data
13690,no-data
13686,no-data
13691,no-data
13692,no-data
13693,no-data
13694,no-data
13696,no-data
13697,no-data
13687,no-data
13706,no-data
13707,no-data
13709,no-data
13710,no-data
13708,no-data
13695,no-data
13698,no-data
13705,no-data
13714,no-data
13711,no-data
13716,no-data
13715,no-data
13713,no-data
13712,no-data
13718,no-data
13719,no-data
13717,no-data
13721,no-data
13816,no-data
13814,no-data
13817,stale
13818,no-data
13819,no-data
13820,no-data
13842,no-data
13843,no-data
13846,no-data
13847,no-data
13821,stale
13854,no-data
13855,no-data
13848,no-data
13849,no-data
13845,no-data
13844,no-data
13861,no-data
13867,no-data
13859,no-data
13862,no-data
13881,no-data
13891,no-data
13880,no-data
13896,no-data
13899,no-data
13900,no-data
13894,no-data
13906,no-data
13905,no-data
13904,stale
13913,stale
13916,no-data
13915,stale
13918,no-data
13985,no-data
14044,no-data
14082,no-data
14062,no-data
14084,no-data
14083,no-data
14085,no-data
14092,no-data
14105,no-data
14104,no-data
14118,no-data
14128,no-data
14130,no-data
14136,no-data
14138,no-data
14137,no-data
14140,no-data
14143,stale
14139,no-data
14141,no-data
14142,stale
14146,no-data
14144,stale
14363,no-data
14384,no-data
14385,no-data
14386,no-data
14383,no-data
14388,no-data
14387,no-data
14382,no-data
14475,no-data
14481,no-data
14524,no-data
14527,no-data
14532,no-data
14534,no-data
14533,no-data
14550,no-data
14556,no-data
14535,no-data
14575,no-data
14586,no-data
14597,no-data
14618,no-data
14642,no-data
14692,no-data
14698,no-data
14697,no-data
14699,no-data
14696,no-data
14701,no-data
14702,no-data
14700,no-data
14704,no-data
14694,no-data
14703,no-data
14706,no-data
14707,no-data
14705,no-data
14820,no-data
14819,no-data
14818,no-data
14823,no-data
14824,no-data
14822,no-data
14836,no-data
14837,no-data
14873,no-data
14871,no-data
14874,no-data
14875,no-data
14870,no-data
14877,no-data
14881,no-data
14880,no-data
14878,no-data
14882,no-data
14883,no-data
14884,no-data
14885,no-data
14879,no-data
14876,no-data
14887,no-data
14889,no-data
14888,no-data
14890,no-data
14891,no-data
14886,no-data
14893,no-data
15003,no-data
15047,no-data
15048,no-data
15049,no-data
15050,no-data
15060,no-data
15061,no-data
15056,no-data
15064,no-data
15058,no-data
15059,no-data
15066,no-data
15067,no-data
15071,stale
15057,no-data
15078,no-data
15076,no-data
15074,stale
15090,no-data
15095,no-data
15096,no-data
15141,no-data
15326,no-data
15327,no-data
15422,no-data
15423,no-data
15460,no-data
15756,no-data
15771,no-data
15798,no-data
15793,no-data
15807,no-data
15802,no-data
15809,no-data
15810,no-data
15811,no-data
15889,no-data
15769,no-data
15888,no-data
15904,no-data
15906,no-data
15910,no-data
15909,no-data
16004,no-data
16007,no-data
16005,no-data
16030,no-data
16032,no-data
16034,no-data
16027,no-data
16033,no-data
16031,no-data
16035,no-data
16028,no-data
16037,no-data
16036,no-data
16041,no-data
16029,no-data
16042,no-data
16047,no-data
16061,no-data
16063,no-data
16064,no-data
16073,no-data
16075,no-data
16074,no-data
16078,no-data
16070,no-data
16072,no-data
16082,no-data
16083,no-data
16071,no-data
16103,no-data
16102,no-data
16084,no-data
16086,no-data
16106,no-data
16085,no-data
16107,no-data
16108,no-data
16105,no-data
16109,no-data
16104,no-data
16116,no-data
16112,no-data
16117,no-data
16113,no-data
16121,no-data
16118,no-data
16119,no-data
16124,no-data
16120,no-data
16122,no-data
16125,no-data
16123,no-data
16127,no-data
16128,no-data
16126,no-data
16130,no-data
16129,no-data
16133,no-data
16134,no-data
16131,no-data
16132,no-data
16136,no-data
16138,no-data
16139,no-data
16140,no-data
16141,no-data
16137,no-data
16135,no-data
16143,no-data
16151,no-data
16155,no-data
16154,no-data
16156,no-data
16160,no-data
16162,no-data
16163,no-data
16153,no-data
16167,no-data
16165,no-data
16152,no-data
16168,no-data
16169,no-data
16172,no-data
16171,no-data
16164,no-data
16173,no-data
16174,no-data
16166,no-data
16176,no-data
16170,no-data
16177,no-data
16179,no-data
16175,no-data
16183,no-data
16184,no-data
16180,no-data
16181,no-data
16178,no-data
16182,no-data
16185,no-data
16186,no-data
16187,no-data
16212,no-data
16213,no-data
16582,no-data
16339,no-data
16664,no-data
16583,no-data
16792,no-data
16882,no-data
16884,no-data
16885,no-data
16971,no-data
16883,no-data
16979,no-data
16983,no-data
16984,no-data
16988,no-data
16980,no-data
16989,no-data
17013,no-data
17014,no-data
16982,no-data
17015,no-data
16999,no-data
17016,no-data
17163,no-data
17184,no-data
17185,no-data
17183,no-data
17162,no-data
17187,no-data
17189,no-data
17193,no-data
17195,no-data
17198,stale
17190,no-data
17197,stale
17199,no-data
17282,no-data
17302,no-data
17283,no-data
17305,no-data
17307,no-data
17304,no-data
17342,no-data
17343,no-data
17350,no-data
17344,no-data
17408,no-data
17412,no-data
17462,no-data
17482,no-data
17407,no-data
17463,no-data
17406,no-data
17704,no-data
17716,no-data
17721,no-data
17708,no-data
17729,no-data
17405,no-data
17827,no-data
17824,no-data
17826,no-data
17825,no-data
17828,no-data
17829,no-data
17832,no-data
17831,no-data
17834,no-data
17833,no-data
17835,no-data
17837,no-data
17836,no-data
17841,no-data
17840,no-data
17854,no-data
17855,no-data
17851,no-data
17857,no-data
17856,no-data
17859,no-data
17858,no-data
17846,no-data
17860,no-data
17862,no-data
17882,no-data
17884,no-data
17861,no-data
17883,no-data
17885,no-data
17887,no-data
17889,no-data
17890,no-data
17892,no-data
17848,no-data
17888,no-data
17893,no-data
17894,no-data
17895,no-data
17891,no-data
17896,no-data
17898,no-data
17897,no-data
17911,no-data
17942,no-data
17899,no-data
17964,no-data
17965,no-data
17968,no-data
17963,no-data
17910,no-data
17969,no-data
18023,no-data
17967,no-data
18164,no-data
18166,no-data
18167,no-data
18161,no-data
18165,no-data
18168,no-data
18162,no-data
18225,no-data
18154,no-data
18227,no-data
18231,stale
18230,no-data
18234,no-data
18237,no-data
18251,no-data
18263,no-data
18283,stale
18287,no-data
18293,no-data
18288,no-data
18282,no-data
18300,no-data
18407,no-data
18342,no-data
18408,no-data
18409,no-data
18405,no-data
18413,no-data
18419,no-data
18439,no-data
18431,no-data
18433,no-data
18341,no-data
18474,no-data
18446,no-data
18504,no-data
18486,no-data
18508,no-data
18509,no-data
18511,no-data
18510,stale
18506,no-data
18567,no-data
18596,no-data
18599,no-data
18644,no-data
18645,stale
18638,no-data
18651,no-data
18639,no-data
18666,no-data
18664,no-data
18668,no-data
18669,no-data
18671,no-data
18673,no-data
18676,no-data
18677,no-data
18667,no-data
18678,no-data
18675,no-data
18732,no-data
18733,no-data
18764,no-data
18966,no-data
18964,no-data
18965,no-data
18983,no-data
18963,no-data
19008,no-data
19009,no-data
19012,no-data
19010,no-data
19013,no-data
19014,no-data
19007,no-data
19011,no-data
19015,no-data
19043,no-data
19049,no-data
19047,no-data
19026,no-data
19048,no-data
19050,no-data
19056,no-data
19053,no-data
19058,no-data
19044,no-data
19063,no-data
19059,no-data
19052,no-data
19057,no-data
19166,no-data
19165,no-data
19169,stale
19168,no-data
19170,no-data
19184,no-data
19186,no-data
19187,no-data
19163,no-data
19185,no-data
19190,no-data
19192,no-data
19188,no-data
19193,no-data
19191,no-data
19189,no-data
19196,no-data
19201,no-data
19198,no-data
19214,no-data
19222,no-data
19223,no-data
19224,no-data
19225,no-data
19226,no-data
19197,no-data
19286,no-data
19285,no-data
19291,stale
19294,no-data
19296,no-data
19297,no-data
19298,no-data
19300,no-data
19313,no-data
19305,no-data
19404,no-data
19306,no-data
19314,no-data
19427,no-data
19359,no-data
19485,no-data
19484,no-data
19486,no-data
19487,no-data
19502,no-data
19503,no-data
19622,no-data
19504,no-data
19623,no-data
19488,no-data
19682,no-data
19683,no-data
19457,no-data
19684,no-data
19686,no-data
19483,no-data
19685,no-data
19662,no-data
19690,no-data
19687,no-data
19691,no-data
19689,no-data
19693,no-data
19688,no-data
19694,no-data
19742,no-data
19743,no-data
19692,no-data
19763,no-data
19695,no-data
19810,no-data
19811,no-data
19988,no-data
19985,no-data
19983,no-data
19981,no-data
19987,no-data
20002,no-data
19998,no-data
19999,no-data
20004,no-data
20007,no-data
20015,no-data
20016,no-data
20030,no-data
19980,no-data
20147,no-data
20148,no-data
20039,no-data
20133,no-data
20238,no-data
20146,no-data
20245,no-data
20149,no-data
20267,no-data
20259,no-data
20261,no-data
20280,no-data
20269,no-data
20285,no-data
20294,no-data
20295,no-data
20297,no-data
20311,no-data
20328,no-data
20300,no-data
20325,no-data
20324,no-data
20338,no-data
20339,no-data
20342,no-data
20314,no-data
20352,no-data
20364,no-data
20355,no-data
20417,no-data
20468,no-data
20423,no-data
20473,no-data
20476,no-data
20479,no-data
20478,no-data
20484,no-data
20486,no-data
20481,no-data
20412,no-data
20477,no-data
20480,no-data
20523,no-data
20499,no-data
20529,no-data
20538,no-data
20537,no-data
20539,no-data
20547,no-data
20550,no-data
20549,no-data
20583,no-data
20584,no-data
20592,no-data
20593,no-data
20595,no-data
20591,no-data
20594,no-data
20597,no-data
20596,no-data
20598,no-data
20588,no-data
20590,no-data
20652,no-data
20589,no-data
20656,no-data
20670,no-data
20667,no-data
20692,no-data
20695,no-data
20694,no-data
20718,no-data
20693,no-data
20708,no-data
20697,no-data
20737,no-data
20719,no-data
20720,no-data
20722,no-data
20721,no-data
20738,no-data
20751,no-data
20777,no-data
20776,no-data
20775,no-data
20785,no-data
20784,no-data
20773,no-data
20774,no-data
20786,no-data
20787,no-data
20770,no-data
20789,no-data
20790,no-data
20791,no-data
20792,no-data
20793,no-data
20788,no-data
20794,no-data
20795,no-data
20796,no-data
20811,no-data
20812,no-data
20813,no-data
20814,no-data
20819,no-data
20834,no-data
20842,no-data
20843,no-data
20844,no-data
20845,no-data
20846,no-data
20848,no-data
20850,no-data
20849,no-data
20829,no-data
20847,no-data
20851,no-data
20852,no-data
20853,no-data
20857,no-data
20891,no-data
20895,no-data
20894,no-data
20893,no-data
20898,no-data
20905,no-data
20908,no-data
20902,no-data
20914,no-data
20916,no-data
20903,no-data
20917,no-data
20918,no-data
20920,no-data
20919,no-data
20922,no-data
20921,no-data
20956,no-data
20962,no-data
20965,no-data
20968,no-data
20972,no-data
20957,no-data
20981,no-data
20977,no-data
20983,no-data
20979,no-data
20984,no-data
20986,no-data
20987,no-data
20985,no-data
20988,no-data
20989,no-data
20990,no-data
21003,no-data
21005,no-data
21002,no-data
21009,no-data
21010,no-data
21007,no-data
21022,no-data
21023,stale
21021,no-data
21020,no-data
21024,no-data
21026,no-data
21034,no-data
21030,no-data
21025,no-data
21031,no-data
21036,no-data
21035,no-data
21045,no-data
21047,no-data
21046,no-data
21033,no-data
21051,no-data
21052,no-data
21054,no-data
21048,no-data
21050,no-data
21053,no-data
21049,no-data
21056,no-data
21055,no-data
21062,no-data
21065,no-data
21066,no-data
21058,no-data
21070,no-data
21069,no-data
21068,no-data
21067,no-data
21064,no-data
21079,no-data
21075,no-data
21085,no-data
21081,no-data
21082,no-data
21087,no-data
21086,no-data
21088,no-data
21089,no-data
21084,no-data
21090,no-data
21091,no-data
21080,no-data
21093,no-data
21092,no-data
21096,no-data
21098,no-data
21083,no-data
21097,no-data
21121,no-data
21094,no-data
21122,no-data
21113,no-data
21129,no-data
21123,no-data
21095,no-data
21135,no-data
21142,no-data
21150,no-data
21140,no-data
21169,no-data
21163,no-data
21168,no-data
21170,no-data
21173,no-data
21172,no-data
21193,no-data
21214,no-data
21195,no-data
21239,no-data
21231,no-data
21228,no-data
21243,no-data
21267,no-data
21274,no-data
21280,no-data
21233,no-data
21234,no-data
21279,no-data
21282,no-data
21283,no-data
21281,no-data
21278,no-data
21286,no-data
21285,no-data
21284,no-data
21287,no-data
21288,no-data
21289,no-data
21290,no-data
21292,no-data
21293,no-data
21297,stale
21296,no-data
21298,no-data
21294,no-data
21300,stale
21299,no-data
21295,no-data
21302,no-data
21303,no-data
21306,stale
21304,no-data
21307,no-data
21369,no-data
21342,no-data
21425,no-data
21424,no-data
21429,no-data
21427,no-data
21428,no-data
21430,no-data
21432,no-data
21431,no-data
21434,no-data
21435,no-data
21433,no-data
21439,no-data
21440,no-data
21441,no-data
21437,no-data
21448,no-data
21449,no-data
21451,no-data
21450,no-data
21465,no-data
21549,no-data
21426,no-data
21550,no-data
21548,no-data
21553,no-data
21555,no-data
21551,no-data
21554,no-data
21556,no-data
21560,no-data
21564,no-data
21572,no-data
21569,no-data
21573,no-data
21574,no-data
21570,no-data
21577,no-data
21629,no-data
21630,no-data
21632,no-data
21631,no-data
21633,no-data
21636,no-data
21634,no-data
21638,no-data
21628,no-data
21637,no-data
21642,no-data
21643,no-data
21591,no-data
21644,no-data
21641,no-data
21649,no-data
21653,no-data
21654,no-data
21655,no-data
21657,no-data
21659,no-data
21660,no-data
21661,no-data
21714,no-data
21716,no-data
21737,no-data
21738,no-data
21759,no-data
21772,no-data
21773,no-data
21766,no-data
21774,no-data
21782,no-data
21780,no-data
21779,no-data
21792,no-data
21794,no-data
21786,no-data
21796,no-data
21785,no-data
21797,no-data
21795,no-data
21798,no-data
21799,no-data
21793,no-data
21800,no-data
21802,no-data
21804,no-data
21817,no-data
21818,no-data
21819,no-data
21816,no-data
21820,no-data
21822,no-data
21821,no-data
21829,no-data
21832,no-data
21823,no-data
21830,no-data
21834,no-data
21831,no-data
21835,no-data
21833,no-data
21857,no-data
21860,no-data
21865,no-data
21863,stale
21869,stale
21871,stale
21866,stale
21867,stale
21868,no-data
21870,no-data
21874,stale
21875,no-data
21878,no-data
21879,no-data
21883,no-data
21922,no-data
21950,no-data
21951,no-data
21961,no-data
21965,no-data
21968,no-data
21967,no-data
21958,no-data
21969,no-data
21970,no-data
21971,no-data
21972,no-data
21976,no-data
21974,no-data
21977,no-data
21973,no-data
21978,no-data
21975,no-data
21980,no-data
21992,no-data
21981,no-data
22012,no-data
22019,no-data
21993,no-data
21979,no-data
22018,no-data
22022,no-data
22020,no-data
22021,no-data
22027,no-data
22033,no-data
22034,no-data
22030,no-data
22029,no-data
22036,no-data
22037,no-data
22038,no-data
22031,no-data
22041,no-data
22042,no-data
22040,no-data
22032,no-data
22045,no-data
22035,no-data
22043,no-data
22054,no-data
22055,no-data
22058,no-data
22039,no-data
22103,no-data
22104,no-data
22117,no-data
22105,no-data
22119,no-data
22122,no-data
22118,no-data
22123,no-data
22125,no-data
22124,no-data
22121,no-data
22130,no-data
22129,no-data
22120,no-data
22140,no-data
22127,no-data
22141,no-data
22136,no-data
22143,no-data
22144,no-data
22142,no-data
22147,no-data
22157,no-data
22161,no-data
22162,no-data
22163,no-data
22164,no-data
22166,no-data
22156,no-data
22159,no-data
22165,no-data
22160,no-data
22167,no-data
22169,no-data
22168,no-data
22158,no-data
22170,no-data
22171,no-data
22172,no-data
22173,no-data
22174,no-data
22176,no-data
22178,no-data
22191,no-data
22175,no-data
22177,no-data
22195,no-data
22194,no-data
22196,no-data
22197,no-data
22199,no-data
22210,no-data
22198,no-data
22213,no-data
22200,no-data
22215,no-data
22211,no-data
22218,no-data
22222,no-data
22261,no-data
22263,no-data
22262,no-data
22293,no-data
22294,no-data
22288,no-data
22291,no-data
22295,no-data
22292,no-data
22296,no-data
22299,no-data
22300,no-data
22297,no-data
22289,no-data
22298,no-data
22290,no-data
22323,no-data
22341,no-data
22346,no-data
22316,no-data
22324,no-data
22383,no-data
22384,no-data
22385,no-data
22454,no-data
22455,no-data
22453,no-data
22584,no-data
22564,no-data
22586,no-data
22587,no-data
22588,no-data
22585,no-data
22596,no-data
22643,no-data
22652,no-data
22654,no-data
22655,no-data
22658,no-data
22660,no-data
22661,no-data
22663,no-data
22662,no-data
22664,no-data
22666,no-data
22665,no-data
22669,no-data
22670,no-data
22682,no-data
22724,no-data
22709,no-data
22671,no-data
22738,no-data
22756,no-data
22758,no-data
22751,no-data
22759,no-data
22761,no-data
22760,no-data
22757,no-data
22763,no-data
22847,stale
22895,no-data
23052,no-data
23093,no-data
23091,no-data
23092,no-data
23022,no-data
23102,no-data
23097,no-data
23106,stale
23135,no-data
23131,no-data
23140,no-data
23141,no-data
23137,no-data
23174,no-data
23157,no-data
23202,no-data
23204,no-data
23209,no-data
23159,no-data
23212,no-data
23213,no-data
23210,no-data
23225,no-data
23208,no-data
23232,no-data
23230,no-data
23224,no-data
23158,no-data
23236,no-data
23233,no-data
23240,no-data
23241,no-data
23234,no-data
23245,no-data
23328,no-data
23321,no-data
23322,no-data
23331,no-data
23332,no-data
23333,no-data
23335,no-data
23330,no-data
23344,no-data
23235,no-data
23351,no-data
23346,no-data
23347,no-data
23364,no-data
23362,no-data
23366,no-data
23363,no-data
23369,no-data
23388,no-data
23428,no-data
23418,no-data
23419,no-data
23416,no-data
23450,no-data
23463,no-data
23470,no-data
23472,no-data
23474,no-data
23471,no-data
23477,no-data
23475,no-data
23479,no-data
23478,no-data
23481,no-data
23508,stale
23510,stale
23512,no-data
23511,no-data
23513,stale
23514,no-data
23509,stale
23515,no-data
23507,stale
23516,no-data
23517,stale
23506,no-data
23518,no-data
23519,no-data
23520,no-data
23521,no-data
23522,no-data
23523,no-data
23524,no-data
23527,stale
23526,no-data
23530,no-data
23531,no-data
23525,stale
23532,no-data
23537,stale
23536,no-data
23538,stale
23535,no-data
23533,no-data
23539,no-data
23540,no-data
23544,no-data
23546,no-data
23543,no-data
23555,no-data
23554,no-data
23567,no-data
23556,no-data
23542,no-data
23576,no-data
23578,no-data
23579,no-data
23583,no-data
23616,no-data
23641,no-data
23647,no-data
23649,no-data
23648,no-data
23651,no-data
23696,no-data
23698,no-data
23684,no-data
23700,no-data
23701,no-data
23704,no-data
23708,no-data
23699,no-data
23683,no-data
23741,no-data
23747,no-data
23761,no-data
23766,stale
23770,no-data
23812,no-data
23813,no-data
23822,no-data
23823,no-data
23824,no-data
23820,no-data
23840,no-data
23825,no-data
23831,no-data
23832,no-data
23858,no-data
23866,stale
23862,no-data
23864,no-data
23867,no-data
23895,no-data
23872,no-data
23905,no-data
23885,no-data
23906,no-data
23889,no-data
23907,no-data
23865,no-data
23857,no-data
23908,no-data
23912,no-data
23915,no-data
23916,no-data
23911,no-data
23913,no-data
23918,no-data
23914,no-data
23917,no-data
23920,no-data
23921,no-data
23922,no-data
23938,no-data
23940,no-data
23943,no-data
23942,no-data
23957,no-data
23961,no-data
23962,no-data
23963,no-data
23954,no-data
23955,no-data
23964,no-data
23966,no-data
23967,no-data
23968,no-data
23960,no-data
23965,no-data
23958,no-data
23971,no-data
23970,no-data
23959,no-data
23974,no-data
23973,no-data
23972,no-data
23975,no-data
23969,no-data
23976,no-data
23982,no-data
23979,no-data
23980,no-data
23991,no-data
23977,no-data
23992,no-data
23978,no-data
23988,no-data
23998,no-data
24011,no-data
24012,no-data
23993,no-data
23996,no-data
24016,no-data
24015,no-data
24018,no-data
24014,no-data
24019,no-data
24017,no-data
24013,no-data
24036,stale
24038,no-data
24034,no-data
24068,no-data
24071,no-data
24070,no-data
24079,no-data
24082,no-data
24095,no-data
24093,no-data
24098,no-data
24097,no-data
24100,no-data
24089,no-data
24106,no-data
24114,no-data
24144,no-data
24145,no-data
24186,stale
24187,no-data
24188,no-data
24191,no-data
24190,no-data
24146,no-data
24228,no-data
24229,no-data
24231,no-data
24232,no-data
24257,stale
24256,no-data
24258,stale
24255,stale
24259,no-data
24260,no-data
24261,no-data
24262,no-data
24263,no-data
24264,no-data
24267,no-data
24251,no-data
24266,no-data
24269,no-data
24250,no-data
24275,stale
24281,no-data
24282,no-data
24283,no-data
24288,no-data
24320,no-data
24319,no-data
24329,no-data
24331,no-data
24321,no-data
24377,no-data
24333,no-data
24345,no-data
24332,no-data
24404,no-data
24328,no-data
24410,no-data
24412,no-data
24420,no-data
24409,no-data
24418,no-data
24443,no-data
24327,no-data
24495,no-data
24491,no-data
24512,no-data
24518,no-data
24517,no-data
24521,no-data
24527,no-data
24525,no-data
24530,no-data
24531,no-data
24529,no-data
24548,no-data
24564,no-data
24565,no-data
24563,no-data
24562,no-data
24569,no-data
24568,no-data
24570,no-data
24566,no-data
24571,no-data
24537,no-data
24572,no-data
24541,no-data
24539,no-data
24577,no-data
24576,no-data
24690,no-data
24792,stale
24798,stale
24799,stale
24800,no-data
24910,no-data
24912,no-data
25020,no-data
25025,stale
25085,stale
25145,no-data
25155,stale
25159,no-data
25173,no-data
25225,no-data
25285,no-data
25323,stale
25337,stale
25338,no-data
25339,no-data
25341,no-data
25342,no-data
25343,no-data
25344,no-data
25346,no-data
25347,no-data
25348,no-data
25359,no-data
25361,no-data
25362,no-data
25364,no-data
25373,stale
25374,no-data
25379,no-data
25380,no-data
25377,no-data
25381,no-data
25389,no-data
25382,no-data
25393,no-data
25394,no-data
25395,no-data
25396,no-data
25399,no-data
25401,no-data
25413,no-data
25417,no-data
25418,no-data
25420,no-data
25421,no-data
25415,no-data
25427,no-data
25428,stale
25411,no-data
25429,no-data
25430,no-data
25412,no-data
25432,no-data
25431,no-data
25414,no-data
25435,no-data
25442,no-data
25443,no-data
25437,no-data
25441,no-data
25445,no-data
25440,no-data
25447,no-data
25444,no-data
25446,no-data
25455,no-data
25493,no-data
25497,no-data
25520,no-data
25457,no-data
25546,no-data
25467,no-data
25547,no-data
25466,no-data
25548,no-data
25627,no-data
25646,no-data
25587,no-data
25652,no-data
25625,no-data
25651,stale
25588,no-data
25626,no-data
25663,no-data
25665,no-data
25680,no-data
25681,stale
25689,stale
25692,no-data
25693,no-data
25690,stale
25679,no-data
25695,no-data
25698,no-data
25704,no-data
25697,stale
25798,no-data
25801,no-data
25758,no-data
25818,no-data
25839,no-data
25816,no-data
25800,no-data
25799,no-data
25859,no-data
25860,no-data
25874,no-data
25871,no-data
25861,no-data
25877,no-data
25873,no-data
25876,no-data
25890,stale
25888,no-data
25879,no-data
25896,stale
25885,no-data
26057,no-data
26061,no-data
26059,no-data
26060,no-data
26062,no-data
26063,no-data
26064,no-data
26067,no-data
26047,no-data
26065,no-data
26068,no-data
26056,no-data
26069,no-data
26070,no-data
26066,no-data
26072,no-data
26073,no-data
26071,no-data
26076,no-data
26077,no-data
26075,no-data
26079,no-data
26080,no-data
26058,no-data
26078,no-data
26087,no-data
26088,no-data
26083,no-data
26089,no-data
26090,no-data
26092,no-data
26093,no-data
26094,no-data
26096,no-data
26091,no-data
26099,no-data
26100,no-data
26097,no-data
26095,no-data
26107,no-data
26110,no-data
26113,no-data
26112,no-data
26111,no-data
26114,no-data
26109,no-data
26106,no-data
26115,no-data
26117,no-data
26116,no-data
26108,no-data
26119,no-data
26122,no-data
26123,no-data
26118,no-data
26121,no-data
26125,no-data
26120,no-data
26124,no-data
26126,no-data
26128,no-data
26130,no-data
26131,no-data
26132,no-data
26129,no-data
26135,no-data
26136,no-data
26127,no-data
26137,no-data
26134,no-data
26133,no-data
26138,no-data
26139,no-data
26141,no-data
26144,no-data
26151,no-data
26147,no-data
26148,no-data
26153,no-data
26152,no-data
26156,no-data
26154,no-data
26158,no-data
26155,no-data
26159,no-data
26150,no-data
26157,no-data
26166,no-data
26160,no-data
26171,no-data
26168,no-data
26167,no-data
26172,no-data
26174,no-data
26176,no-data
26173,no-data
26177,no-data
26179,no-data
26180,no-data
26178,no-data
26183,no-data
26182,no-data
26181,no-data
26184,no-data
26185,no-data
26186,no-data
26169,no-data
26192,no-data
26193,no-data
26194,no-data
26196,no-data
26191,no-data
26199,no-data
26198,no-data
26195,no-data
26197,no-data
26201,no-data
26200,no-data
26202,no-data
26210,no-data
26211,no-data
26212,no-data
26214,no-data
26213,no-data
26215,no-data
26216,no-data
26218,no-data
26207,no-data
26219,no-data
26221,no-data
26217,no-data
26223,no-data
26222,no-data
26224,no-data
26220,no-data
26225,no-data
26228,no-data
26227,no-data
26226,no-data
26231,no-data
26233,no-data
26232,no-data
26209,no-data
26229,no-data
26234,no-data
26238,no-data
26230,no-data
26239,no-data
26237,no-data
26240,no-data
26236,no-data
26242,no-data
26243,no-data
26244,no-data
26246,no-data
26247,no-data
26248,no-data
26245,no-data
26249,no-data
26250,no-data
26253,no-data
26260,no-data
26241,no-data
26259,no-data
26262,no-data
26264,no-data
26256,no-data
26265,no-data
26261,no-data
26274,no-data
26269,no-data
26272,no-data
26270,no-data
26276,no-data
26277,no-data
26278,no-data
26279,no-data
26275,no-data
26283,no-data
26281,no-data
26280,no-data
26273,no-data
26284,no-data
26282,no-data
26286,no-data
26288,no-data
26287,no-data
26291,no-data
26289,no-data
26290,no-data
26292,no-data
26285,no-data
26295,no-data
26293,no-data
26297,no-data
26294,no-data
26302,no-data
26304,no-data
26305,no-data
26300,no-data
26314,no-data
26315,no-data
26316,no-data
26320,no-data
26318,no-data
26321,no-data
26319,no-data
26312,no-data
26313,no-data
26317,no-data
26323,no-data
26324,no-data
26322,no-data
26325,no-data
26327,no-data
26330,no-data
26331,no-data
26332,no-data
26328,no-data
26333,no-data
26334,no-data
26335,no-data
26339,no-data
26336,no-data
26338,no-data
26341,no-data
26340,no-data
26342,no-data
26329,no-data
26326,no-data
26345,no-data
26347,no-data
26337,no-data
26346,no-data
26349,no-data
26351,no-data
26343,no-data
26352,no-data
26350,no-data
26348,no-data
26353,no-data
26354,no-data
26357,no-data
26359,no-data
26355,no-data
26360,no-data
26344,no-data
26371,no-data
26376,no-data
26374,no-data
26377,no-data
26379,no-data
26378,no-data
26369,no-data
26381,no-data
26382,no-data
26372,no-data
26375,no-data
26380,no-data
26383,no-data
26373,no-data
26384,no-data
26385,no-data
26387,no-data
26389,no-data
26392,no-data
26386,no-data
26390,no-data
26393,no-data
26394,no-data
26395,no-data
26396,no-data
26397,no-data
26391,no-data
26398,no-data
26403,no-data
26388,no-data
26399,no-data
26401,no-data
26400,no-data
26402,no-data
26405,no-data
26408,no-data
26409,no-data
26410,no-data
26411,no-data
26407,no-data
26406,no-data
26412,no-data
26413,no-data
26404,no-data
26414,no-data
26415,no-data
26425,no-data
26428,no-data
26426,no-data
26429,no-data
26435,no-data
26437,no-data
26436,no-data
26433,no-data
26438,no-data
26439,no-data
26441,no-data
26440,no-data
26442,no-data
26443,no-data
26424,no-data
26446,no-data
26444,no-data
26445,no-data
26447,no-data
26422,no-data
26448,no-data
26451,no-data
26453,no-data
26450,no-data
26452,no-data
26454,no-data
26456,no-data
26455,no-data
26458,no-data
26459,no-data
26449,no-data
26461,no-data
26460,no-data
26464,no-data
26457,no-data
26473,no-data
26471,no-data
26476,no-data
26472,no-data
26475,no-data
26474,no-data
26477,no-data
26478,no-data
26470,no-data
26469,no-data
26489,no-data
26490,no-data
26484,no-data
26491,no-data
26492,no-data
26485,no-data
26493,no-data
26494,no-data
26496,no-data
26495,no-data
26482,no-data
26488,no-data
26498,no-data
26499,no-data
26500,no-data
26501,no-data
26497,no-data
26503,no-data
26505,no-data
26507,no-data
26508,no-data
26506,no-data
26511,no-data
26512,no-data
26509,no-data
26510,no-data
26514,no-data
26515,no-data
26504,no-data
26518,no-data
26516,no-data
26502,no-data
26513,no-data
26520,no-data
26521,no-data
26519,no-data
26523,no-data
26522,no-data
26524,no-data
26532,no-data
26535,no-data
26533,no-data
26537,no-data
26536,no-data
26538,no-data
26539,no-data
26540,no-data
26542,no-data
26544,no-data
26541,no-data
26543,no-data
26545,no-data
26531,no-data
26547,no-data
26534,no-data
26530,no-data
26553,no-data
26550,no-data
26557,no-data
26556,no-data
26560,no-data
26562,no-data
26561,no-data
26555,no-data
26559,no-data
26558,no-data
26563,no-data
26564,no-data
26565,no-data
26567,no-data
26566,no-data
26568,no-data
26579,no-data
26580,no-data
26575,no-data
26582,no-data
26583,no-data
26576,no-data
26586,no-data
26581,no-data
26577,no-data
26578,no-data
26589,no-data
26587,no-data
26584,no-data
26588,no-data
26590,no-data
26591,no-data
26592,no-data
26594,no-data
26593,no-data
26595,no-data
26585,no-data
26599,no-data
26596,no-data
26602,no-data
26597,no-data
26601,no-data
26606,no-data
26603,no-data
26605,no-data
26604,no-data
26600,no-data
26608,no-data
26609,no-data
26610,no-data
26607,no-data
26611,no-data
26614,no-data
26612,no-data
26621,no-data
26618,no-data
26619,no-data
26620,no-data
26622,no-data
26617,no-data
26623,no-data
26624,no-data
26626,no-data
26625,no-data
26627,no-data
26629,no-data
26633,no-data
26628,no-data
26631,no-data
26639,no-data
26643,no-data
26645,no-data
26642,no-data
26647,no-data
26644,no-data
26646,no-data
26649,no-data
26650,no-data
26638,no-data
26648,no-data
26640,no-data
26651,no-data
26656,no-data
26652,no-data
26654,no-data
26655,no-data
26657,no-data
26641,no-data
26653,no-data
26659,no-data
26660,no-data
26658,no-data
26662,no-data
26664,no-data
26665,no-data
26668,no-data
26667,no-data
26669,no-data
26666,no-data
26672,no-data
26670,no-data
26674,no-data
26675,no-data
26686,no-data
26683,no-data
26682,no-data
26690,no-data
26684,no-data
26691,no-data
26688,no-data
26689,no-data
26693,no-data
26687,no-data
26695,no-data
26696,no-data
26697,no-data
26692,no-data
26694,no-data
26698,no-data
26699,no-data
26700,no-data
26704,no-data
26701,no-data
26706,no-data
26705,no-data
26702,no-data
26703,no-data
26707,no-data
26708,no-data
26712,no-data
26711,no-data
26713,no-data
26715,no-data
26716,no-data
26710,no-data
26720,no-data
26718,no-data
26719,no-data
26721,no-data
26723,no-data
26709,no-data
26724,no-data
26722,no-data
26717,no-data
26714,no-data
26725,no-data
26728,no-data
26729,no-data
26734,no-data
26733,no-data
26730,no-data
26736,no-data
26737,no-data
26731,no-data
26741,no-data
26743,no-data
26744,no-data
26748,no-data
26749,no-data
26747,no-data
26751,no-data
26752,no-data
26746,no-data
26753,no-data
26745,no-data
26755,no-data
26750,no-data
26756,no-data
26754,no-data
26759,no-data
26757,no-data
26763,no-data
26761,no-data
26742,no-data
26764,no-data
26762,no-data
26765,no-data
26760,no-data
26770,no-data
26769,no-data
26767,no-data
26771,no-data
26766,no-data
26773,no-data
26772,no-data
26768,no-data
26774,no-data
26775,no-data
26777,no-data
26758,no-data
26781,no-data
26780,no-data
26782,no-data
26779,no-data
26783,no-data
26784,no-data
26785,no-data
26786,no-data
26776,no-data
26797,no-data
26796,no-data
26798,no-data
26799,no-data
26801,no-data
26793,no-data
26808,no-data
26802,no-data
26809,no-data
26792,no-data
26810,no-data
26813,no-data
26812,no-data
26806,no-data
26807,no-data
26811,no-data
26815,no-data
26814,no-data
26817,no-data
26816,no-data
26819,no-data
26822,no-data
26821,no-data
26823,no-data
26824,no-data
26825,no-data
26826,no-data
26828,no-data
26818,no-data
26829,no-data
26830,no-data
26831,no-data
26827,no-data
26832,no-data
26835,no-data
26820,no-data
26836,no-data
26837,no-data
26834,no-data
26833,no-data
26838,no-data
26839,no-data
26851,no-data
26848,no-data
26849,no-data
26855,no-data
26858,no-data
26859,no-data
26860,no-data
26861,no-data
26863,no-data
26864,no-data
26850,no-data
26866,no-data
26865,no-data
26857,no-data
26862,no-data
26868,no-data
26869,no-data
26867,no-data
26871,no-data
26872,no-data
26875,no-data
26877,no-data
26876,no-data
26874,no-data
26870,no-data
26880,no-data
26873,no-data
26878,no-data
26879,no-data
26884,no-data
26885,no-data
26883,no-data
26881,no-data
26887,no-data
26886,no-data
26890,no-data
26889,no-data
26888,no-data
26891,no-data
26892,no-data
26894,no-data
26882,no-data
26893,no-data
26903,no-data
26906,no-data
26908,no-data
26901,no-data
26907,no-data
26910,no-data
26909,no-data
26911,no-data
26914,no-data
26905,no-data
26916,no-data
26917,no-data
26919,no-data
26920,no-data
26921,no-data
26925,no-data
26924,no-data
26923,no-data
26922,no-data
26927,no-data
26926,no-data
26930,no-data
26928,no-data
26932,no-data
26933,no-data
26929,no-data
26936,no-data
26935,no-data
26937,no-data
26934,no-data
26939,no-data
26940,no-data
26941,no-data
26938,no-data
26942,no-data
26946,no-data
26944,no-data
26931,no-data
26945,no-data
26948,no-data
26943,no-data
26947,no-data
26952,no-data
26951,no-data
26953,no-data
26960,no-data
26962,no-data
26965,no-data
26963,no-data
26966,no-data
26967,no-data
26964,no-data
26968,no-data
26969,no-data
26970,no-data
26959,no-data
26977,no-data
26961,no-data
26978,no-data
26981,no-data
26976,no-data
26979,no-data
26958,no-data
26982,no-data
26985,no-data
26983,no-data
26987,no-data
26980,no-data
26986,no-data
26990,no-data
26988,no-data
26989,no-data
26992,no-data
26993,no-data
26995,no-data
26994,no-data
26996,no-data
26997,no-data
26984,no-data
26991,no-data
26999,no-data
27001,no-data
27004,no-data
27003,no-data
27000,no-data
27002,no-data
27012,no-data
27011,no-data
27016,no-data
27017,no-data
27015,no-data
27018,no-data
27014,no-data
27022,no-data
27023,no-data
27021,no-data
27020,no-data
27019,no-data
27024,no-data
27025,no-data
27010,no-data
27027,no-data
27026,no-data
27013,no-data
27028,no-data
27032,no-data
27036,no-data
27037,no-data
27029,no-data
27039,no-data
27035,no-data
27044,no-data
27041,no-data
27045,no-data
27040,no-data
27047,no-data
27042,no-data
27043,no-data
27048,no-data
27049,no-data
27046,no-data
27051,no-data
27052,no-data
27054,no-data
27050,no-data
27057,no-data
27053,no-data
27056,no-data
27055,no-data
27059,no-data
27065,no-data
27068,no-data
27067,no-data
27073,no-data
27072,no-data
27069,no-data
27074,no-data
27071,no-data
27075,no-data
27076,no-data
27077,no-data
27078,no-data
27079,no-data
27081,no-data
27083,no-data
27080,no-data
27084,no-data
27070,no-data
27082,no-data
27085,no-data
27089,no-data
27092,no-data
27095,no-data
27096,no-data
27097,no-data
27093,no-data
27098,no-data
27101,no-data
27094,no-data
27099,no-data
27091,no-data
27102,no-data
27103,no-data
27105,no-data
27100,no-data
27108,no-data
27104,no-data
27109,no-data
27110,no-data
27111,no-data
27106,no-data
27113,no-data
27114,no-data
27116,no-data
27115,no-data
27117,no-data
27112,no-data
27107,no-data
27125,no-data
27127,no-data
27130,no-data
27131,no-data
27132,no-data
27128,no-data
27129,no-data
27133,no-data
27136,no-data
27137,no-data
27134,no-data
27135,no-data
27138,no-data
27139,no-data
27124,no-data
27140,no-data
27141,no-data
27142,no-data
27143,no-data
27145,no-data
27126,no-data
27148,no-data
27154,no-data
27151,no-data
27153,no-data
27157,no-data
27158,no-data
27156,no-data
27159,no-data
27160,no-data
27152,no-data
27168,no-data
27170,no-data
27167,no-data
27173,no-data
27171,no-data
27174,no-data
27176,no-data
27177,no-data
27172,no-data
27180,no-data
27181,no-data
27178,no-data
27182,no-data
27175,no-data
27179,no-data
27183,no-data
27185,no-data
27187,no-data
27188,no-data
27184,no-data
27169,no-data
27190,no-data
27192,no-data
27194,no-data
27186,no-data
27195,no-data
27191,no-data
27193,no-data
27189,no-data
27199,no-data
27201,no-data
27196,no-data
27202,no-data
27198,no-data
27203,no-data
27204,no-data
27206,no-data
27205,no-data
27212,no-data
27213,no-data
27214,no-data
27215,no-data
27216,no-data
27197,no-data
27221,no-data
27218,no-data
27219,no-data
27217,no-data
27222,no-data
27231,no-data
27234,no-data
27232,no-data
27235,no-data
27236,no-data
27237,no-data
27238,no-data
27229,no-data
27230,no-data
27239,no-data
27233,no-data
27241,no-data
27228,no-data
27245,no-data
27246,no-data
27242,no-data
27243,no-data
27250,no-data
27240,no-data
27247,no-data
27244,no-data
27248,no-data
27252,no-data
27249,no-data
27254,no-data
27255,no-data
27256,no-data
27258,no-data
27257,no-data
27259,no-data
27260,no-data
27262,no-data
27263,no-data
27264,no-data
27253,no-data
27261,no-data
27251,no-data
27265,no-data
27274,no-data
27278,no-data
27273,no-data
27280,no-data
27275,no-data
27279,no-data
27282,no-data
27283,no-data
27284,no-data
27287,no-data
27289,no-data
27292,no-data
27293,no-data
27291,no-data
27290,no-data
27272,no-data
27294,no-data
27295,no-data
27296,no-data
27298,no-data
27297,no-data
27299,no-data
27300,no-data
27301,no-data
27303,no-data
27302,no-data
27304,no-data
27306,no-data
27307,no-data
27308,no-data
27311,no-data
27305,no-data
27310,no-data
27312,no-data
27313,no-data
27309,no-data
27314,no-data
27316,no-data
27320,no-data
27318,no-data
27321,no-data
27333,no-data
27330,no-data
27331,no-data
27336,no-data
27338,no-data
27339,no-data
27340,no-data
27341,no-data
27342,no-data
27344,no-data
27345,no-data
27337,no-data
27346,no-data
27335,no-data
27334,no-data
27347,no-data
27343,no-data
27352,no-data
27350,no-data
27348,no-data
27349,no-data
27356,no-data
27357,no-data
27353,no-data
27354,no-data
27360,no-data
27355,no-data
27359,no-data
27364,no-data
27358,no-data
27363,no-data
27365,no-data
27361,no-data
27368,no-data
27369,no-data
27351,no-data
27371,no-data
27367,no-data
27366,no-data
27374,no-data
27362,no-data
27372,no-data
27375,no-data
27373,no-data
27385,no-data
27384,no-data
27387,no-data
27382,no-data
27383,no-data
27397,no-data
27405,no-data
27407,no-data
27396,no-data
27394,no-data
27406,no-data
27444,no-data
27482,no-data
27496,no-data
27481,no-data
27446,no-data
27486,no-data
27504,no-data
27560,no-data
27559,no-data
27561,no-data
27562,no-data
27564,no-data
27565,no-data
27558,no-data
27556,no-data
27555,no-data
27566,no-data
27567,no-data
27568,no-data
27570,no-data
27557,no-data
27571,no-data
27563,no-data
27573,no-data
27574,no-data
27576,no-data
27577,no-data
27575,no-data
27579,no-data
27581,no-data
27582,no-data
27580,no-data
27572,no-data
27569,no-data
27584,no-data
27583,no-data
27578,no-data
27585,no-data
27587,no-data
27589,no-data
27586,no-data
27592,no-data
27594,no-data
27595,no-data
27591,no-data
27601,no-data
27603,no-data
27600,no-data
27602,no-data
27593,no-data
27604,no-data
27607,no-data
27608,no-data
27616,no-data
27614,no-data
27609,no-data
27615,no-data
27617,no-data
27620,no-data
27619,no-data
27622,no-data
27618,no-data
27624,no-data
27625,no-data
27623,no-data
27626,no-data
27627,no-data
27621,no-data
27628,no-data
27629,no-data
27630,no-data
27642,no-data
27613,no-data
27670,no-data
27675,no-data
27701,no-data
27782,no-data
27774,no-data
27810,no-data
27811,no-data
27729,no-data
27849,no-data
27819,no-data
27850,no-data
27836,no-data
27851,no-data
27862,no-data
27856,stale
27945,no-data
27951,no-data
27952,no-data
27941,no-data
27953,no-data
27955,no-data
27956,no-data
27957,no-data
27954,no-data
27959,no-data
27960,no-data
27958,no-data
27962,no-data
27933,no-data
27961,no-data
27964,no-data
27965,no-data
27967,no-data
27968,no-data
27969,no-data
27934,no-data
27970,no-data
27966,no-data
27971,no-data
27973,no-data
27963,no-data
27974,no-data
27972,no-data
27975,no-data
27976,no-data
27978,no-data
27982,no-data
27992,no-data
27979,no-data
27999,no-data
27998,no-data
27997,no-data
28001,no-data
28002,no-data
28004,no-data
28000,no-data
28006,no-data
28005,no-data
28017,no-data
28012,no-data
28018,no-data
28020,no-data
28013,no-data
28019,no-data
28021,no-data
28022,no-data
28015,no-data
28025,no-data
28036,no-data
28037,no-data
28035,no-data
28014,no-data
28061,stale
28067,no-data
28076,no-data
28078,no-data
28077,no-data
28081,no-data
28083,no-data
28079,no-data
28080,no-data
28084,no-data
28085,no-data
28086,no-data
28082,no-data
28088,no-data
28089,no-data
28090,no-data
28092,no-data
28087,no-data
28091,no-data
28096,no-data
28097,no-data
28094,no-data
28098,no-data
28095,no-data
28115,no-data
28114,no-data
28122,no-data
28117,no-data
28133,no-data
28165,no-data
28135,no-data
28195,no-data
28125,no-data
28196,no-data
28197,no-data
28198,no-data
28199,no-data
28200,no-data
28208,no-data
28261,no-data
28201,no-data
28289,no-data
28284,no-data
28382,no-data
28365,no-data
28389,no-data
28388,no-data
28456,no-data
28458,no-data
28459,no-data
28460,no-data
28462,no-data
28463,no-data
28466,stale
28467,no-data
28469,no-data
28465,no-data
28480,no-data
28470,no-data
28546,no-data
28650,no-data
28648,no-data
28678,no-data
28736,no-data
28682,no-data
28596,no-data
28737,no-data
28816,no-data
28905,no-data
28798,no-data
29013,no-data
29107,no-data
29010,no-data
29008,no-data
29110,no-data
29114,no-data
29111,no-data
29014,no-data
29120,no-data
29178,no-data
29204,no-data
28965,no-data
29256,no-data
29208,no-data
29310,no-data
29358,no-data
29293,no-data
29393,no-data
29402,no-data
29403,no-data
29378,no-data
29404,no-data
29394,no-data
29406,no-data
29405,no-data
29409,no-data
29401,no-data
29407,no-data
29410,no-data
29412,no-data
29414,no-data
29430,no-data
29432,no-data
29436,no-data
29437,no-data
29435,no-data
29438,no-data
29439,no-data
29440,no-data
29441,no-data
29442,no-data
29446,no-data
29423,no-data
29444,no-data
29431,no-data
29448,no-data
29449,no-data
29450,no-data
29455,no-data
29462,no-data
29484,no-data
29479,no-data
29454,no-data
29483,no-data
29485,no-data
29452,no-data
29486,no-data
29488,no-data
29490,no-data
29494,no-data
29489,no-data
29491,no-data
29495,no-data
29493,no-data
29492,no-data
29497,no-data
29498,no-data
29496,no-data
29499,no-data
29502,no-data
29503,no-data
29500,no-data
29504,no-data
29511,no-data
29514,no-data
29531,no-data
29533,stale
29530,no-data
29512,no-data
29537,no-data
29542,no-data
29538,no-data
29553,stale
29556,no-data
29557,no-data
29551,no-data
29563,no-data
29560,no-data
29564,no-data
29561,no-data
29562,no-data
29566,no-data
29571,stale
29569,no-data
29570,stale
29572,no-data
29574,no-data
29558,no-data
29575,no-data
29573,no-data
29576,stale
29580,no-data
29585,no-data
29577,no-data
29630,no-data
29633,no-data
29631,no-data
29628,no-data
29632,no-data
29634,no-data
29635,no-data
29636,no-data
29639,no-data
29638,no-data
29640,no-data
29637,no-data
29642,no-data
29627,no-data
29643,no-data
29646,no-data
29647,no-data
29641,no-data
29650,no-data
29645,no-data
29629,no-data
29648,no-data
29644,no-data
29654,no-data
29653,no-data
29651,no-data
29655,no-data
29649,no-data
29656,no-data
29657,no-data
29659,no-data
29658,no-data
29661,no-data
29662,no-data
29663,no-data
29681,no-data
29678,no-data
29690,no-data
29688,no-data
29694,no-data
29687,no-data
29679,no-data
29695,no-data
29685,no-data
29680,no-data
29705,no-data
29706,no-data
29707,no-data
29708,no-data
29709,no-data
29697,no-data
29710,no-data
29696,no-data
29711,no-data
29692,no-data
29716,no-data
29712,no-data
29715,no-data
29748,no-data
29752,no-data
29816,no-data
29800,no-data
29820,no-data
29821,no-data
29809,no-data
29819,no-data
29824,no-data
29799,no-data
29825,no-data
29823,no-data
29832,no-data
29833,no-data
29838,no-data
29835,no-data
29834,no-data
29837,no-data
29841,no-data
29842,no-data
29840,no-data
29844,no-data
29845,no-data
29836,no-data
29847,no-data
29839,no-data
29848,no-data
29850,no-data
29846,no-data
29851,no-data
29852,no-data
29857,no-data
29855,no-data
29854,no-data
29859,no-data
29861,no-data
29862,no-data
29863,no-data
29860,no-data
29865,no-data
29868,no-data
29853,no-data
29866,no-data
29869,no-data
29871,no-data
29870,no-data
29867,no-data
29873,no-data
29874,no-data
29864,no-data
29875,no-data
29883,no-data
29881,no-data
29884,no-data
29885,no-data
29878,no-data
29888,no-data
29890,no-data
29891,no-data
29882,no-data
29889,no-data
29895,no-data
29886,no-data
29893,no-data
29892,no-data
29887,no-data
29897,no-data
29896,no-data
29899,no-data
29894,no-data
29900,no-data
29898,no-data
29907,no-data
30032,stale
30038,stale
30040,no-data
30078,no-data
30042,no-data
30036,no-data
30046,no-data
30044,stale
30182,no-data
30202,no-data
30199,no-data
30197,no-data
30208,no-data
30209,no-data
30261,no-data
30203,no-data
30181,no-data
30204,no-data
30282,stale
30310,no-data
30311,no-data
30195,no-data
30314,no-data
30313,no-data
30312,no-data
30317,no-data
30318,no-data
30323,stale
30319,no-data
30347,no-data
30367,no-data
30376,no-data
30316,no-data
30324,stale
30387,no-data
30388,no-data
30389,no-data
30390,no-data
30393,no-data
30355,no-data
30391,no-data
30385,no-data
30407,no-data
30408,no-data
30403,no-data
30405,no-data
30409,no-data
30410,no-data
30411,no-data
30412,no-data
30392,no-data
30406,no-data
30414,no-data
30418,no-data
30441,no-data
30439,no-data
30452,no-data
30456,no-data
30455,no-data
30458,stale
30440,no-data
30445,no-data
30459,no-data
30457,no-data
30461,no-data
30460,no-data
30463,no-data
30464,no-data
30470,no-data
30469,no-data
30465,no-data
30482,no-data
30475,no-data
30476,no-data
30477,no-data
30478,no-data
30485,no-data
30492,no-data
30484,no-data
30496,no-data
30502,no-data
30493,no-data
30495,no-data
30506,no-data
30508,no-data
30507,no-data
30510,no-data
30509,no-data
30577,no-data
30562,no-data
30576,no-data
30580,no-data
30578,no-data
30624,no-data
30625,no-data
30542,stale
30610,no-data
30636,no-data
30647,no-data
30648,no-data
30660,no-data
30662,no-data
30669,no-data
30670,no-data
30661,no-data
30697,no-data
30698,no-data
30544,no-data
30702,no-data
30703,no-data
30699,no-data
30671,no-data
30718,no-data
30714,no-data
30727,stale
30724,no-data
30728,no-data
30732,stale
30734,stale
30735,stale
30731,no-data
30733,stale
30736,no-data
30739,no-data
30737,no-data
30730,stale
30740,no-data
30738,no-data
30741,no-data
30750,no-data
30749,no-data
30751,no-data
30752,no-data
30754,no-data
30790,no-data
30777,no-data
30793,no-data
30801,no-data
30775,no-data
30795,no-data
30784,no-data
30781,no-data
30806,no-data
30802,no-data
30813,no-data
30815,no-data
30771,no-data
30814,no-data
30820,no-data
30821,no-data
30825,no-data
30831,no-data
30837,no-data
30848,no-data
30877,no-data
30935,no-data
30949,no-data
30921,no-data
30920,no-data
30934,no-data
30954,no-data
30963,no-data
30839,no-data
30965,no-data
31167,no-data
31205,no-data
31206,no-data
31207,no-data
31208,no-data
31253,no-data
31259,no-data
31257,no-data
31267,no-data
31265,no-data
31266,no-data
31273,no-data
31274,no-data
31296,no-data
31352,no-data
31348,no-data
31364,no-data
31367,no-data
31369,no-data
31370,no-data
31368,no-data
31385,no-data
31388,no-data
31371,no-data
31466,no-data
31398,no-data
31496,no-data
31399,no-data
31497,no-data
31468,no-data
31500,no-data
31502,no-data
31499,no-data
31467,no-data
31498,no-data
31503,no-data
31570,stale
31507,no-data
31600,no-data
31603,no-data
31602,no-data
31601,no-data
31572,no-data
31608,no-data
31609,no-data
31611,no-data
31605,no-data
31669,no-data
31612,no-data
31667,no-data
31562,stale
31677,stale
31801,no-data
31771,no-data
31803,no-data
31842,no-data
31822,no-data
31848,no-data
31851,no-data
31849,no-data
31860,no-data
31862,no-data
31866,no-data
31850,no-data
31864,no-data
31869,no-data
31871,no-data
31872,no-data
31870,no-data
31897,no-data
31931,no-data
31874,no-data
31934,no-data
31933,no-data
31930,no-data
31932,no-data
31954,no-data
31952,no-data
32065,no-data
32091,no-data
32191,no-data
32066,no-data
31970,no-data
32198,stale
32199,stale
32208,stale
32210,stale
32207,stale
32220,stale
32221,stale
32222,stale
32272,no-data
32246,no-data
32322,no-data
32360,no-data
32371,no-data
32390,no-data
32384,no-data
32391,no-data
32392,no-data
32389,no-data
32393,no-data
32394,no-data
32396,no-data
32395,no-data
32397,no-data
32398,no-data
32399,no-data
32425,no-data
32424,no-data
32426,no-data
32410,stale
32455,no-data
32463,no-data
32477,no-data
32448,no-data
32460,no-data
32453,no-data
32499,no-data
32504,no-data
32530,no-data
32568,stale
32571,no-data
32565,no-data
32577,no-data
32580,no-data
32594,no-data
32595,no-data
32582,no-data
32584,stale
32596,no-data
32599,stale
32586,no-data
32604,no-data
32597,no-data
32607,no-data
32605,no-data
32601,no-data
32600,stale
32612,no-data
32603,no-data
32610,no-data
32613,no-data
32644,no-data
32614,no-data
32615,no-data
32633,no-data
32611,no-data
32664,no-data
32660,no-data
32669,no-data
32667,no-data
32668,no-data
32673,no-data
32671,no-data
32674,no-data
32670,stale
32677,no-data
32685,no-data
32699,no-data
32686,no-data
32672,no-data
32679,stale
32714,no-data
32678,no-data
32719,no-data
32743,no-data
32739,stale
32740,no-data
32753,no-data
32756,no-data
32815,no-data
32826,no-data
32827,no-data
32839,no-data
32776,stale
32841,no-data
32851,no-data
32775,no-data
32855,no-data
32856,no-data
32849,no-data
32854,no-data
32874,no-data
32873,no-data
32875,no-data
32878,no-data
32850,no-data
32880,no-data
32876,no-data
32881,no-data
32877,no-data
32879,no-data
32884,no-data
32885,no-data
32891,no-data
32892,no-data
32886,no-data
32889,no-data
32890,no-data
32893,no-data
32894,no-data
32887,no-data
32911,no-data
32921,no-data
32922,no-data
32913,no-data
32925,no-data
32924,no-data
32923,no-data
32927,no-data
32931,no-data
32930,no-data
32928,no-data
32926,no-data
32933,no-data
32914,no-data
32934,no-data
32937,no-data
32935,no-data
32936,no-data
32932,no-data
32929,no-data
32966,no-data
32969,no-data
33005,no-data
33003,no-data
33011,no-data
33012,no-data
33022,no-data
32953,no-data
33014,no-data
33023,no-data
33024,no-data
33025,no-data
33027,no-data
32952,no-data
33026,no-data
33028,no-data
33029,no-data
33030,no-data
33031,no-data
32965,no-data
33034,no-data
33032,no-data
33033,no-data
33042,no-data
33046,no-data
33035,no-data
33049,no-data
33036,no-data
33043,no-data
33062,no-data
33059,no-data
33073,no-data
33094,no-data
33104,no-data
33096,no-data
33097,no-data
33100,no-data
33118,no-data
33125,no-data
33116,no-data
33145,no-data
33130,no-data
33128,no-data
33168,no-data
33171,no-data
33169,no-data
33170,no-data
33177,no-data
33136,no-data
33172,no-data
33173,no-data
33178,no-data
33181,no-data
33180,no-data
33179,no-data
33193,no-data
33194,no-data
33195,no-data
33196,no-data
33200,no-data
33198,no-data
33199,no-data
33197,no-data
33183,no-data
33204,no-data
33201,no-data
33210,no-data
33218,no-data
33212,no-data
33213,no-data
33209,no-data
33217,no-data
33276,no-data
33254,no-data
33294,no-data
33301,no-data
33288,no-data
33295,no-data
33302,no-data
33315,no-data
33316,no-data
33318,no-data
33319,no-data
33320,no-data
33338,no-data
33358,stale
33360,stale
33363,stale
33362,no-data
33361,no-data
33275,no-data
33350,no-data
33367,no-data
33368,no-data
33366,no-data
33373,stale
33370,no-data
33378,stale
33375,stale
33376,no-data
33377,no-data
33379,no-data
33380,no-data
33382,no-data
33390,no-data
33384,no-data
33385,no-data
33403,no-data
33405,no-data
33404,no-data
33406,no-data
33408,no-data
33412,no-data
33414,no-data
33417,no-data
33401,no-data
33415,no-data
33419,no-data
33416,no-data
33426,stale
33433,no-data
33439,stale
33440,stale
33511,no-data
33521,no-data
33525,no-data
33526,no-data
33542,no-data
33543,no-data
33544,no-data
33550,no-data
33548,no-data
33551,no-data
33553,no-data
33555,no-data
33556,no-data
33564,no-data
33565,no-data
33547,stale
33562,no-data
33569,stale
33572,no-data
33573,no-data
33570,no-data
33560,no-data
33574,no-data
33595,no-data
33594,no-data
33596,no-data
33597,no-data
33598,no-data
33575,no-data
33576,no-data
33600,no-data
33601,no-data
33608,no-data
33609,no-data
33623,no-data
33603,no-data
33624,no-data
33602,no-data
33625,no-data
33631,no-data
33632,no-data
33636,no-data
33648,no-data
33646,no-data
33649,no-data
33644,no-data
33655,no-data
33645,no-data
33657,no-data
33656,no-data
33659,no-data
33647,no-data
33660,no-data
33772,no-data
33658,no-data
33775,no-data
33777,no-data
33773,no-data
33785,no-data
33786,no-data
33787,no-data
33790,no-data
33776,no-data
33789,no-data
33788,no-data
33792,no-data
33798,no-data
33799,no-data
33800,no-data
33795,no-data
33793,no-data
33846,no-data
33856,no-data
33865,no-data
33929,no-data
33932,no-data
33845,no-data
33931,no-data
33933,no-data
33854,no-data
33930,no-data
33963,no-data
33975,no-data
33979,no-data
33958,no-data
33980,no-data
33981,no-data
33983,no-data
33989,no-data
33988,no-data
33982,no-data
33855,no-data
33994,no-data
33998,no-data
33995,no-data
34004,no-data
34005,no-data
34006,no-data
33996,no-data
33992,no-data
34007,no-data
34020,no-data
34017,no-data
34018,no-data
34021,no-data
34022,no-data
34025,no-data
34030,no-data
34034,no-data
34037,no-data
34039,no-data
34038,no-data
34045,no-data
34019,no-data
34047,no-data
34046,no-data
34044,no-data
34036,no-data
34062,no-data
34064,no-data
34063,no-data
34079,no-data
34065,no-data
34071,no-data
34080,no-data
34058,no-data
34094,no-data
34096,no-data
34097,no-data
34093,no-data
34098,no-data
34103,no-data
34095,no-data
34099,no-data
34104,no-data
34106,no-data
34110,no-data
34143,no-data
34150,no-data
34151,no-data
34153,no-data
34142,no-data
34191,no-data
34250,no-data
34265,no-data
34268,no-data
34251,no-data
34266,no-data
34267,no-data
34269,no-data
34271,no-data
34217,no-data
34272,no-data
34274,no-data
34270,no-data
34275,no-data
34277,no-data
34278,no-data
34279,no-data
34280,no-data
34281,no-data
34276,no-data
34282,no-data
34284,no-data
34283,no-data
34273,no-data
34187,no-data
34285,no-data
34290,no-data
34286,no-data
34291,no-data
34287,no-data
34293,no-data
34294,no-data
34296,no-data
34295,no-data
34298,no-data
34289,no-data
34292,no-data
34299,no-data
34307,no-data
34297,no-data
34304,no-data
34312,no-data
34317,no-data
34316,no-data
34318,no-data
34320,no-data
34321,no-data
34323,no-data
34324,no-data
34314,no-data
34325,no-data
34326,no-data
34322,no-data
34327,no-data
34315,no-data
34328,no-data
34361,stale
34313,no-data
34363,no-data
34366,no-data
34367,no-data
34374,no-data
34370,no-data
34376,no-data
34378,no-data
34410,no-data
34449,no-data
34412,no-data
34380,no-data
34451,no-data
34452,no-data
34453,no-data
34372,no-data
34454,no-data
34450,no-data
34455,no-data
34457,no-data
34458,no-data
34461,no-data
34460,no-data
34466,no-data
34494,no-data
34490,no-data
34497,no-data
34496,no-data
34498,no-data
34503,no-data
34495,no-data
34505,no-data
34506,no-data
34507,no-data
34481,no-data
34508,no-data
34467,no-data
34510,no-data
34515,no-data
34509,no-data
34522,no-data
34520,no-data
34523,no-data
34525,no-data
34519,no-data
34524,no-data
34532,no-data
34526,no-data
34521,no-data
34534,no-data
34518,no-data
34531,no-data
34550,no-data
34536,no-data
34548,no-data
34552,no-data
34553,no-data
34588,no-data
34589,no-data
34586,no-data
34591,no-data
34590,no-data
34626,no-data
34551,no-data
34631,no-data
34635,no-data
34636,no-data
34637,no-data
34639,no-data
34638,no-data
34640,no-data
34641,no-data
34642,no-data
34643,no-data
34632,no-data
34645,no-data
34633,no-data
34647,no-data
34634,no-data
34654,no-data
34644,no-data
34668,no-data
34646,no-data
34682,no-data
34693,no-data
34662,no-data
34681,no-data
34663,no-data
34660,no-data
34712,no-data
34723,no-data
34725,no-data
34726,no-data
34718,no-data
34729,no-data
34730,no-data
34731,no-data
34728,no-data
34740,no-data
34741,no-data
34739,no-data
34742,no-data
34743,no-data
34744,no-data
34738,no-data
34727,no-data
34746,no-data
34745,no-data
34770,no-data
34771,no-data
34737,no-data
34805,no-data
34816,no-data
34817,no-data
34818,no-data
34784,no-data
34820,no-data
34819,no-data
34821,no-data
34822,no-data
34823,no-data
34776,no-data
34839,no-data
34841,no-data
34843,no-data
34840,no-data
34846,no-data
34849,no-data
34835,no-data
34874,no-data
34875,no-data
34838,no-data
34860,no-data
34873,no-data
34876,no-data
34879,no-data
34878,no-data
34877,no-data
34884,no-data
34899,no-data
34885,no-data
34966,no-data
34907,no-data
34969,no-data
35120,no-data
34965,no-data
34970,no-data
35117,no-data
35196,stale
35235,no-data
35274,no-data
35236,no-data
35285,stale
35286,no-data
35220,no-data
35312,no-data
35287,no-data
35351,no-data
35314,no-data
35396,no-data
35399,no-data
35398,no-data
35400,no-data
35397,no-data
35417,no-data
35315,stale
35419,no-data
35420,no-data
35421,no-data
35423,no-data
35424,no-data
35418,no-data
35425,no-data
35426,no-data
35429,no-data
35428,no-data
35422,no-data
35427,no-data
35430,no-data
35433,no-data
35434,no-data
35431,no-data
35436,no-data
35435,no-data
35437,no-data
35432,no-data
35439,no-data
35438,no-data
35440,no-data
35443,no-data
35444,no-data
35442,no-data
35441,no-data
35456,no-data
35454,no-data
35457,no-data
35458,no-data
35460,no-data
35455,no-data
35451,no-data
35462,no-data
35510,no-data
35499,no-data
35463,no-data
35501,stale
35503,stale
35515,no-data
35517,no-data
35519,no-data
35512,no-data
35518,no-data
35520,no-data
35534,no-data
35536,no-data
35531,no-data
35529,no-data
35527,no-data
35540,no-data
35526,no-data
35542,no-data
35538,no-data
35544,no-data
35543,no-data
35546,no-data
35541,no-data
35550,no-data
35552,no-data
35555,no-data
35554,no-data
35551,no-data
35553,no-data
35547,no-data
35559,no-data
35561,no-data
35560,no-data
35556,no-data
35626,no-data
35667,no-data
35621,no-data
35684,no-data
35689,no-data
35713,no-data
35714,no-data
35710,no-data
35712,no-data
35724,no-data
35721,no-data
35732,no-data
35735,no-data
35741,no-data
35743,no-data
35742,no-data
35745,no-data
35770,no-data
35771,no-data
35781,no-data
35785,no-data
35786,no-data
35787,no-data
35794,stale
35804,no-data
35805,no-data
35825,no-data
35779,no-data
35939,no-data
35942,no-data
35874,no-data
35945,no-data
35780,no-data
35950,no-data
35793,no-data
35952,no-data
36454,no-data
36477,no-data
36491,no-data
36505,no-data
36519,no-data
36533,no-data
36547,no-data
36589,no-data
36603,no-data
36617,no-data
36645,no-data
36659,no-data
36673,no-data
36687,no-data
36701,no-data
36715,no-data
36761,no-data
36750,no-data
36762,no-data
36749,no-data
36778,no-data
36755,no-data
36797,no-data
36795,no-data
36792,no-data
36801,no-data
36798,no-data
36794,no-data
36789,no-data
36805,no-data
36802,no-data
36806,no-data
36804,no-data
36808,no-data
36817,no-data
36823,stale
36824,stale
36830,no-data
36837,no-data
36838,no-data
36841,no-data
36844,no-data
36845,no-data
36869,no-data
36843,no-data
36890,no-data
36891,no-data
36842,no-data
36894,no-data
36892,no-data
36893,no-data
36898,no-data
36899,no-data
36889,no-data
36900,no-data
36877,stale
36911,no-data
36902,no-data
36915,no-data
36919,no-data
36922,stale
36925,stale
36914,no-data
36931,stale
36928,stale
36963,no-data
36990,no-data
37001,no-data
36987,no-data
37059,no-data
36934,stale
37119,no-data
37126,no-data
37123,no-data
37130,no-data
37120,no-data
37132,no-data
37142,no-data
37133,no-data
37131,no-data
37103,no-data
37154,no-data
37146,no-data
37148,no-data
37168,no-data
37161,no-data
37176,no-data
37249,no-data
37174,no-data
37245,no-data
37253,no-data
37301,no-data
37310,no-data
37244,no-data
37308,no-data
37326,no-data
37330,no-data
37329,no-data
37334,no-data
37345,no-data
37342,no-data
37372,no-data
37348,no-data
37346,no-data
37343,no-data
37430,no-data
37531,no-data
37532,no-data
37533,no-data
37551,no-data
37550,no-data
37549,no-data
37553,no-data
37552,no-data
37554,no-data
37563,no-data
37578,no-data
37561,no-data
37584,no-data
37583,no-data
37579,no-data
37582,no-data
37585,no-data
37596,no-data
37589,no-data
37608,no-data
37609,no-data
37610,no-data
37605,no-data
37588,no-data
37697,no-data
37677,no-data
37698,no-data
37699,no-data
37720,no-data
37706,no-data
37709,no-data
37713,no-data
37674,no-data
37738,no-data
37834,no-data
37838,no-data
37866,no-data
37839,no-data
37934,no-data
37951,no-data
37926,no-data
37975,no-data
37972,no-data
37977,no-data
37979,no-data
37994,no-data
37997,no-data
38009,no-data
38016,no-data
38015,no-data
37919,no-data
37978,no-data
38018,no-data
38019,no-data
37924,no-data
38021,no-data
38022,no-data
38020,no-data
38058,no-data
38061,no-data
38060,no-data
38038,no-data
38017,no-data
38062,no-data
38063,no-data
38064,no-data
38067,no-data
38065,no-data
38069,no-data
38059,no-data
38091,no-data
38099,no-data
38089,no-data
38119,no-data
38075,no-data
38079,no-data
38120,no-data
38121,no-data
38122,no-data
38123,no-data
38125,no-data
38124,no-data
38167,no-data
38168,no-data
38136,no-data
38180,no-data
38182,no-data
38183,no-data
38165,no-data
38139,no-data
38185,no-data
38193,no-data
38199,no-data
38192,no-data
38184,no-data
38200,no-data
38203,no-data
38210,no-data
38211,no-data
38201,no-data
38209,no-data
38205,no-data
38215,no-data
38216,no-data
38179,no-data
38249,no-data
38234,no-data
38236,no-data
38253,no-data
38261,no-data
38260,no-data
38263,no-data
38264,no-data
38235,no-data
38262,no-data
38266,no-data
38267,no-data
38268,no-data
38269,no-data
38272,no-data
38273,no-data
38271,no-data
38270,no-data
38299,no-data
38294,no-data
38306,no-data
38304,no-data
38308,no-data
38307,no-data
38315,no-data
38316,no-data
38296,no-data
38297,no-data
38331,no-data
38298,no-data
38348,no-data
38385,no-data
38387,no-data
38388,no-data
38394,no-data
38395,no-data
38391,no-data
38420,no-data
38421,stale
38423,no-data
38428,no-data
38427,no-data
38432,no-data
38430,no-data
38431,no-data
38429,no-data
38442,no-data
38444,no-data
38445,no-data
38443,no-data
38449,no-data
38450,no-data
38446,no-data
38451,no-data
38447,no-data
38470,no-data
38474,no-data
38448,no-data
38478,no-data
38472,no-data
38479,no-data
38482,no-data
38485,no-data
38487,no-data
38486,no-data
38488,no-data
38489,no-data
38490,no-data
38491,no-data
38495,no-data
38475,no-data
38476,no-data
38503,no-data
38500,no-data
38511,no-data
38518,no-data
38538,no-data
38554,no-data
38526,no-data
38509,no-data
38568,no-data
38570,no-data
38580,no-data
38582,no-data
38520,no-data
38571,no-data
38581,no-data
38569,no-data
38584,no-data
38583,no-data
38586,no-data
38593,no-data
38594,no-data
38595,no-data
38596,no-data
38598,no-data
38599,no-data
38602,no-data
38603,no-data
38604,no-data
38597,no-data
38608,no-data
38587,no-data
38609,no-data
38612,no-data
38605,no-data
38641,no-data
38640,no-data
38635,no-data
38651,no-data
38652,no-data
38649,no-data
38685,no-data
38690,no-data
38692,no-data
38693,no-data
38694,no-data
38704,no-data
38702,no-data
38720,no-data
38724,no-data
38721,no-data
38722,no-data
38723,no-data
38738,no-data
38740,no-data
38742,no-data
38650,no-data
38776,stale
38774,no-data
38788,no-data
38811,no-data
38814,no-data
38815,stale
38893,no-data
38894,stale
38891,no-data
38895,no-data
38887,no-data
38885,no-data
38903,no-data
38904,no-data
38915,no-data
38916,no-data
38927,stale
38923,no-data
38947,stale
38952,no-data
38950,no-data
38956,no-data
38957,no-data
38958,no-data
38969,no-data
38970,no-data
38977,no-data
38982,no-data
38985,no-data
38996,no-data
39000,stale
39008,no-data
39009,no-data
39007,no-data
39012,no-data
39024,no-data
39014,no-data
39032,no-data
39039,no-data
38994,no-data
39042,no-data
39037,no-data
39067,no-data
39069,no-data
39071,no-data
39103,no-data
39101,no-data
39061,no-data
39111,no-data
39106,no-data
39122,no-data
39123,no-data
39126,no-data
39137,no-data
39155,no-data
39184,no-data
39148,no-data
39211,no-data
39212,no-data
39213,no-data
39214,no-data
39219,no-data
39205,stale
39204,no-data
39218,no-data
39287,no-data
39288,no-data
39222,no-data
39289,no-data
39290,no-data
39302,no-data
39304,no-data
39321,no-data
39312,no-data
39300,no-data
39325,no-data
39352,no-data
39381,no-data
39361,no-data
39382,no-data
39384,no-data
39447,no-data
39456,no-data
39359,no-data
39360,no-data
39511,no-data
39522,no-data
39524,no-data
39525,no-data
39527,no-data
39526,no-data
39537,no-data
39533,no-data
39549,no-data
39550,no-data
39552,no-data
39551,no-data
39559,no-data
39563,no-data
39562,no-data
39569,no-data
39584,no-data
39585,no-data
39587,no-data
39586,no-data
39570,no-data
39600,no-data
39659,no-data
39660,no-data
39661,no-data
39705,no-data
39709,no-data
39708,no-data
39711,no-data
39707,no-data
39736,no-data
39741,no-data
39742,no-data
39710,no-data
39744,no-data
39746,no-data
39743,no-data
39750,no-data
39745,no-data
39749,no-data
39752,no-data
39753,no-data
39813,no-data
39754,no-data
39885,no-data
39751,no-data
39879,no-data
39902,no-data
39901,no-data
39913,no-data
39917,no-data
39921,no-data
39924,no-data
39922,no-data
39928,no-data
39923,no-data
39926,no-data
39930,no-data
39931,no-data
39929,no-data
39932,no-data
39925,no-data
39954,no-data
39958,no-data
39962,no-data
39972,no-data
39971,no-data
39977,no-data
39982,no-data
39987,no-data
39988,no-data
39994,no-data
39993,no-data
39991,no-data
40000,no-data
40004,no-data
39995,no-data
40006,no-data
40005,no-data
40007,no-data
39992,no-data
40018,no-data
40021,no-data
40020,no-data
40019,no-data
40083,no-data
40113,no-data
40116,no-data
40115,no-data
40118,no-data
40119,no-data
40114,no-data
40120,no-data
40121,no-data
40122,no-data
40117,no-data
40123,no-data
40127,no-data
40124,no-data
40125,no-data
40126,no-data
40128,no-data
40140,no-data
40138,no-data
40141,no-data
40136,no-data
40142,no-data
40144,no-data
40143,no-data
40135,no-data
40145,no-data
40147,no-data
40148,no-data
40139,no-data
40137,no-data
40146,no-data
40151,no-data
40149,no-data
40150,no-data
40153,no-data
40154,no-data
40155,no-data
40156,no-data
40152,no-data
40157,no-data
40159,no-data
40158,no-data
40160,no-data
40164,no-data
40163,no-data
40162,no-data
40166,no-data
40161,no-data
40167,no-data
40168,no-data
40170,no-data
40174,no-data
40178,no-data
40172,no-data
40177,no-data
40183,no-data
40180,no-data
40181,no-data
40179,no-data
40182,no-data
40221,no-data
40222,no-data
40224,no-data
40223,no-data
40225,no-data
40226,no-data
40218,no-data
40227,no-data
40228,no-data
40220,no-data
40219,no-data
40229,no-data
40230,no-data
40231,no-data
40232,no-data
40248,no-data
40276,no-data
40308,no-data
40309,no-data
40310,no-data
40312,no-data
40311,no-data
40313,no-data
40314,no-data
40355,no-data
40356,no-data
40359,no-data
40357,no-data
40358,no-data
40361,no-data
40391,no-data
40393,no-data
40404,no-data
40413,no-data
40392,no-data
40360,no-data
40478,no-data
40487,no-data
40484,no-data
40485,no-data
40501,no-data
40534,no-data
40537,no-data
40464,no-data
40542,no-data
40535,no-data
40596,no-data
40597,no-data
40604,no-data
40598,no-data
40606,no-data
40540,no-data
40607,no-data
40609,no-data
40605,no-data
40608,no-data
40644,no-data
40646,no-data
40647,no-data
40648,no-data
40649,no-data
40655,no-data
40654,no-data
40651,no-data
40658,no-data
40656,no-data
40660,no-data
40657,no-data
40659,no-data
40661,no-data
40662,no-data
40663,no-data
40667,no-data
40664,no-data
40677,no-data
40687,no-data
40735,no-data
40727,no-data
40729,no-data
40725,no-data
40760,no-data
40759,no-data
40761,no-data
40763,no-data
40765,no-data
40764,no-data
40766,no-data
40754,no-data
40770,no-data
40794,no-data
40795,no-data
40776,no-data
40800,no-data
40813,no-data
40793,no-data
40854,no-data
40834,no-data
40855,no-data
40876,no-data
40885,no-data
40911,no-data
40894,no-data
40929,no-data
40935,no-data
40948,no-data
40941,no-data
40956,no-data
40997,no-data
40981,no-data
40996,no-data
41009,no-data
41003,no-data
41015,no-data
41021,no-data
41022,no-data
41029,no-data
41035,no-data
40980,no-data
41040,no-data
41053,no-data
41046,no-data
41067,no-data
41072,no-data
40985,no-data
41077,no-data
41062,no-data
40968,no-data
41083,no-data
41090,no-data
41093,no-data
41089,no-data
41057,no-data
41091,no-data
41111,no-data
41145,no-data
41118,no-data
41139,no-data
41177,no-data
41175,no-data
41176,no-data
41180,no-data
41178,no-data
41201,no-data
41213,no-data
41207,no-data
41244,no-data
41232,no-data
41246,no-data
41259,no-data
41261,no-data
41263,no-data
41277,no-data
41264,no-data
41256,no-data
41283,no-data
41289,no-data
41300,no-data
41306,no-data
41318,no-data
41295,no-data
41323,no-data
41312,no-data
41329,no-data
41343,no-data
41358,no-data
41365,no-data
41373,no-data
41374,no-data
41404,no-data
41403,no-data
41405,no-data
41406,no-data
41409,no-data
41402,no-data
41408,no-data
41407,no-data
41411,no-data
41412,no-data
41410,no-data
41413,no-data
41414,no-data
41416,no-data
41417,no-data
41418,no-data
41419,no-data
41415,no-data
41420,no-data
41422,no-data
41423,no-data
41421,no-data
41425,no-data
41443,no-data
41445,no-data
41455,no-data
41476,no-data
41478,no-data
41480,no-data
41487,no-data
41471,no-data
41474,no-data
41486,no-data
41499,no-data
41632,no-data
41623,no-data
41685,no-data
41691,no-data
41695,no-data
41741,no-data
41674,no-data
41748,no-data
41729,no-data
41680,no-data
41753,no-data
41769,no-data
41775,no-data
41764,no-data
41750,no-data
41717,no-data
41804,no-data
41823,no-data
41834,no-data
41866,no-data
41871,no-data
41842,no-data
41856,no-data
41876,no-data
41883,no-data
41887,no-data
41889,no-data
41861,no-data
41906,no-data
41917,no-data
41929,no-data
41895,no-data
41942,no-data
41936,no-data
41948,no-data
41923,no-data
41838,no-data
41952,no-data
41961,no-data
41967,no-data
41973,no-data
41955,no-data
41978,no-data
41979,no-data
42049,no-data
42050,no-data
42052,no-data
41981,no-data
42053,no-data
42054,no-data
42048,no-data
42051,no-data
42085,no-data
42087,no-data
42086,no-data
42089,no-data
42091,no-data
42090,no-data
42084,no-data
42088,no-data
42120,no-data
42121,no-data
42139,no-data
42125,no-data
42141,no-data
42127,no-data
42140,no-data
42161,no-data
42165,no-data
42166,no-data
42099,no-data
42168,no-data
42167,no-data
42171,no-data
42170,no-data
42174,no-data
42169,no-data
42211,no-data
42179,no-data
42239,no-data
42240,no-data
42283,no-data
42293,no-data
42288,no-data
42325,no-data
42330,no-data
42263,no-data
42273,no-data
42320,no-data
42278,no-data
42268,no-data
42335,no-data
42357,no-data
42355,no-data
42349,no-data
42358,no-data
42367,no-data
42363,no-data
42360,no-data
42361,no-data
42368,no-data
42370,no-data
42373,no-data
42374,no-data
42369,no-data
42376,no-data
42375,no-data
42380,no-data
42379,no-data
42387,no-data
42378,no-data
42377,no-data
42393,no-data
42426,no-data
42427,no-data
42432,no-data
42437,no-data
42436,no-data
42452,no-data
42438,no-data
42440,no-data
42477,no-data
42488,no-data
42478,no-data
42474,no-data
42528,no-data
42534,no-data
42543,no-data
42540,no-data
42516,no-data
42544,no-data
42522,no-data
42562,no-data
42567,no-data
42509,no-data
42547,no-data
42573,no-data
42548,no-data
42581,no-data
42600,no-data
42605,no-data
42623,no-data
42764,no-data
42759,no-data
42773,no-data
42775,no-data
42777,no-data
42776,no-data
42778,no-data
42855,no-data
42856,no-data
42756,no-data
42873,no-data
42757,no-data
42919,no-data
42920,no-data
42921,no-data
42924,no-data
42929,no-data
42923,no-data
42941,no-data
42953,no-data
42938,no-data
42939,no-data
42937,no-data
42940,no-data
42986,no-data
43003,no-data
43002,no-data
43008,no-data
43014,no-data
43048,no-data
43049,no-data
43050,no-data
43051,no-data
43052,no-data
43053,no-data
43044,no-data
43045,no-data
43054,no-data
43056,no-data
43055,no-data
43046,no-data
43058,no-data
43060,no-data
43061,no-data
43063,no-data
43064,no-data
43047,no-data
43067,no-data
43062,no-data
43065,no-data
43057,no-data
43066,no-data
43086,no-data
43087,no-data
43098,no-data
43111,no-data
43112,no-data
43113,no-data
43110,no-data
43152,no-data
43175,no-data
43199,no-data
43196,no-data
43205,no-data
43216,no-data
43170,no-data
43220,no-data
43223,no-data
43219,no-data
43224,no-data
43226,no-data
43222,no-data
43221,no-data
43227,no-data
43231,no-data
43230,no-data
43234,no-data
43232,no-data
43236,stale
43233,no-data
43295,no-data
43294,no-data
43296,no-data
43301,no-data
43292,no-data
43307,no-data
43293,no-data
43325,no-data
43326,no-data
43328,no-data
43330,no-data
43329,no-data
43337,no-data
43321,no-data
43333,no-data
43341,no-data
43362,no-data
43383,no-data
43384,no-data
43468,no-data
43477,no-data
43479,no-data
43482,no-data
43496,no-data
43498,no-data
43503,no-data
43487,no-data
43514,no-data
43519,no-data
43520,no-data
43521,no-data
43518,no-data
43522,no-data
43540,no-data
43557,no-data
43558,no-data
43559,no-data
43561,no-data
43560,no-data
43562,no-data
43563,no-data
43574,no-data
43580,no-data
43584,stale
43598,no-data
43581,no-data
43602,no-data
43603,no-data
43605,no-data
43604,no-data
43596,no-data
43606,no-data
43579,no-data
43623,no-data
43620,no-data
43622,no-data
43621,no-data
43624,no-data
43614,no-data
43625,no-data
43607,no-data
43649,no-data
43642,no-data
43658,no-data
43692,no-data
43700,no-data
43695,no-data
43886,no-data
43901,no-data
43957,no-data
43902,no-data
43967,no-data
43960,no-data
43887,no-data
43965,no-data
44056,no-data
44209,no-data
44233,no-data
44232,no-data
44237,no-data
44236,no-data
44238,no-data
44227,no-data
44252,no-data
44299,no-data
44254,no-data
44300,no-data
44207,no-data
44317,no-data
44318,no-data
44316,no-data
44389,no-data
44425,no-data
44426,no-data
44390,no-data
44427,no-data
44432,no-data
44439,no-data
44475,no-data
44454,no-data
44482,no-data
44499,no-data
44481,no-data
44501,no-data
44507,no-data
44572,no-data
44508,no-data
44506,no-data
44598,no-data
44599,no-data
44580,no-data
44600,no-data
44601,no-data
44602,no-data
44578,no-data
44617,no-data
44610,no-data
44616,no-data
44613,no-data
44619,no-data
44618,no-data
44624,no-data
44622,no-data
44628,no-data
44630,no-data
44627,no-data
44626,no-data
44633,no-data
44629,no-data
44632,no-data
44635,no-data
44636,no-data
44637,no-data
44634,no-data
44639,no-data
44638,no-data
44641,no-data
44640,no-data
44642,no-data
44643,no-data
44644,no-data
44646,no-data
44645,no-data
44652,no-data
44648,no-data
44654,no-data
44655,no-data
44663,no-data
44678,no-data
44706,no-data
44699,no-data
44705,no-data
44709,no-data
44712,no-data
44720,no-data
44715,no-data
44714,no-data
44716,no-data
44700,no-data
44727,no-data
44730,no-data
44733,no-data
44726,no-data
44744,no-data
44743,no-data
44762,no-data
44760,no-data
44759,no-data
44764,no-data
44763,no-data
44765,no-data
44767,no-data
44768,no-data
44758,no-data
44766,no-data
44772,stale
44761,no-data
44770,no-data
44771,no-data
44773,no-data
44775,no-data
44787,no-data
44795,no-data
44797,no-data
44786,no-data
44798,no-data
44799,no-data
44796,no-data
44801,no-data
44783,no-data
44813,no-data
44814,no-data
44816,no-data
44805,no-data
44821,no-data
44804,no-data
44823,no-data
44824,no-data
44822,no-data
44827,no-data
44828,no-data
44829,no-data
44832,no-data
44826,no-data
44836,no-data
44835,no-data
44834,no-data
44825,no-data
44833,no-data
44846,no-data
44848,no-data
44854,no-data
44853,no-data
44851,no-data
44855,no-data
44857,no-data
44865,no-data
44856,no-data
44867,no-data
44852,no-data
44915,no-data
44885,no-data
44926,no-data
44847,no-data
44940,no-data
44946,no-data
44952,no-data
44941,no-data
44943,no-data
44951,no-data
44984,no-data
45008,no-data
45010,no-data
45041,no-data
45002,no-data
45048,no-data
45009,no-data
44974,no-data
44980,no-data
45055,no-data
45081,no-data
45054,no-data
45084,no-data
45088,no-data
45089,no-data
45090,no-data
45091,no-data
45087,no-data
45053,no-data
45092,no-data
45094,no-data
45095,no-data
45097,no-data
45096,no-data
45098,no-data
45093,no-data
45101,no-data
45100,no-data
45099,no-data
45102,no-data
45104,no-data
45105,no-data
45103,no-data
45107,no-data
45120,no-data
45141,no-data
45173,no-data
45172,no-data
45124,no-data
45167,no-data
45123,no-data
45174,no-data
45191,no-data
45188,no-data
45189,no-data
45175,no-data
45195,no-data
45197,no-data
45277,no-data
45280,no-data
45322,no-data
45366,no-data
45301,no-data
45407,no-data
45316,no-data
45499,no-data
45493,no-data
45480,no-data
45528,no-data
45504,no-data
45468,no-data
45550,no-data
45551,no-data
45552,no-data
45555,no-data
45553,no-data
45557,no-data
45554,no-data
45556,no-data
45558,no-data
45560,no-data
45562,no-data
45559,no-data
45564,no-data
45561,no-data
45565,no-data
45566,no-data
45567,no-data
45575,no-data
45606,no-data
45563,no-data
45668,no-data
45664,no-data
45669,no-data
45667,no-data
45671,no-data
45666,no-data
45672,no-data
45670,no-data
45692,no-data
45673,no-data
45674,no-data
45630,no-data
45727,no-data
45680,no-data
45726,no-data
45709,no-data
45704,no-data
45763,no-data
45851,no-data
45850,no-data
45856,no-data
45852,no-data
45853,no-data
45874,no-data
45900,no-data
45891,no-data
45908,no-data
45913,no-data
45910,no-data
45914,no-data
45915,no-data
45916,no-data
45918,no-data
45907,no-data
45920,no-data
45890,no-data
45922,no-data
45926,no-data
45975,no-data
45927,no-data
45985,no-data
45942,no-data
45986,no-data
46000,no-data
46003,no-data
46020,no-data
46001,no-data
46026,no-data
46054,no-data
46029,no-data
46055,no-data
46089,no-data
46009,no-data
46090,no-data
46093,no-data
46092,no-data
46103,no-data
46104,no-data
46098,no-data
46327,no-data
46329,no-data
46330,no-data
46334,no-data
46333,no-data
46332,no-data
46335,no-data
46328,no-data
46326,no-data
46336,no-data
46358,no-data
46368,no-data
46361,no-data
46369,no-data
46371,no-data
46375,no-data
46393,no-data
46394,no-data
46547,no-data
46399,no-data
46400,no-data
46401,no-data
46689,no-data
46402,no-data
46403,no-data
46733,no-data
46712,no-data
46717,no-data
46842,no-data
46837,no-data
46846,no-data
46844,no-data
46845,no-data
46847,no-data
46854,no-data
46862,no-data
46864,no-data
46799,no-data
46863,no-data
46852,no-data
46865,no-data
46866,no-data
46820,no-data
46873,no-data
46821,no-data
46891,no-data
46887,no-data
46888,no-data
46890,no-data
46894,no-data
46981,no-data
46982,no-data
46970,no-data
46987,no-data
46998,no-data
46983,no-data
47005,no-data
46957,no-data
47013,no-data
47024,no-data
47027,no-data
47026,no-data
47014,no-data
46984,no-data
47031,no-data
47028,no-data
47030,no-data
47032,no-data
47119,no-data
47103,no-data
47118,no-data
47120,no-data
47123,no-data
47125,no-data
47122,no-data
47127,no-data
47124,no-data
47128,no-data
47117,no-data
47149,no-data
47158,no-data
47162,no-data
47160,no-data
47161,no-data
47223,no-data
47257,no-data
47315,no-data
47331,no-data
47278,no-data
47334,no-data
47332,no-data
47333,no-data
47291,no-data
47297,no-data
47335,no-data
47337,no-data
47340,no-data
47342,no-data
47339,no-data
47341,no-data
47345,no-data
47343,no-data
47338,no-data
47336,no-data
47344,no-data
47348,no-data
47346,no-data
47351,no-data
47353,no-data
47349,no-data
47354,no-data
47355,no-data
47352,no-data
47357,no-data
47356,no-data
47359,no-data
47358,no-data
47347,no-data
47361,no-data
47350,no-data
47370,no-data
47368,no-data
47371,no-data
47372,no-data
47373,no-data
47374,no-data
47369,no-data
47376,no-data
47363,no-data
47377,no-data
47380,no-data
47383,no-data
47386,no-data
47381,no-data
47387,no-data
47385,no-data
47384,no-data
47388,no-data
47389,no-data
47390,no-data
47391,no-data
47392,no-data
47382,no-data
47393,no-data
47394,no-data
47396,no-data
47399,no-data
47397,no-data
47400,no-data
47402,no-data
47403,no-data
47404,no-data
47405,no-data
47401,no-data
47543,no-data
47544,no-data
47555,no-data
47411,no-data
47556,no-data
47505,no-data
47570,no-data
47542,no-data
47572,no-data
47488,no-data
47573,no-data
47574,no-data
47571,no-data
47575,no-data
47576,no-data
47580,no-data
47577,no-data
47581,no-data
47582,no-data
47579,no-data
47584,no-data
47586,no-data
47585,no-data
47583,no-data
47591,no-data
47587,no-data
47588,no-data
47596,no-data
47598,no-data
47590,no-data
47595,no-data
47599,no-data
47601,no-data
47600,no-data
47603,no-data
47604,no-data
47605,no-data
47623,no-data
47622,no-data
47624,no-data
47602,no-data
47606,no-data
47625,no-data
47626,no-data
47628,no-data
47629,no-data
47627,no-data
47630,no-data
47631,no-data
47633,no-data
47632,no-data
47635,no-data
47636,no-data
47634,no-data
47646,no-data
47647,no-data
47640,no-data
47648,no-data
47645,no-data
47652,no-data
47649,no-data
47651,no-data
47650,no-data
47655,no-data
47643,no-data
47653,no-data
47656,no-data
47654,no-data
47644,no-data
47842,no-data
47844,no-data
47846,no-data
47657,no-data
48311,no-data
48416,no-data
48601,no-data
48663,no-data
48949,no-data
48984,no-data
48947,no-data
48985,no-data
48995,no-data
48996,no-data
48986,no-data
49020,no-data
49072,no-data
49122,no-data
49148,no-data
49070,no-data
49225,no-data
49223,no-data
49198,no-data
49224,no-data
49282,no-data
49206,no-data
49284,no-data
49291,no-data
49285,no-data
49286,no-data
49292,no-data
49290,no-data
49293,no-data
49311,no-data
49341,no-data
49342,no-data
49344,no-data
49294,no-data
49334,no-data
49345,no-data
49283,no-data
49353,no-data
49358,no-data
49346,no-data
49372,no-data
49349,no-data
49363,no-data
49374,no-data
49637,no-data
49373,no-data
49638,no-data
49654,no-data
49659,no-data
49640,no-data
49357,no-data
49660,no-data
49692,no-data
49713,no-data
49719,no-data
49720,no-data
49721,no-data
49722,no-data
49724,no-data
49726,no-data
49728,no-data
49689,no-data
49729,no-data
49727,no-data
49730,no-data
49731,no-data
49690,no-data
49732,no-data
49725,no-data
49736,no-data
49738,no-data
49737,no-data
49735,no-data
49762,no-data
49761,no-data
49767,no-data
49768,no-data
49773,no-data
49764,no-data
49774,no-data
49777,no-data
49814,no-data
49775,no-data
49734,no-data
49763,no-data
49856,no-data
49859,no-data
49863,no-data
49857,no-data
49862,no-data
49858,no-data
49861,no-data
49860,no-data
49894,no-data
49895,no-data
49897,no-data
49896,no-data
49898,no-data
49901,no-data
49902,no-data
49903,no-data
49900,no-data
49899,no-data
49904,no-data
49905,no-data
49893,no-data
49906,no-data
49911,no-data
49914,no-data
49907,no-data
49908,no-data
49916,no-data
49918,no-data
49923,no-data
49922,no-data
49926,no-data
50007,no-data
49967,no-data
50001,no-data
50004,no-data
49994,no-data
50013,no-data
50029,no-data
50015,no-data
50020,no-data
50043,no-data
49984,no-data
50038,no-data
50039,no-data
50066,no-data
50057,no-data
50058,no-data
50083,no-data
50076,no-data
50084,no-data
50085,no-data
50069,no-data
50111,no-data
50119,no-data
50120,no-data
50102,no-data
50121,no-data
50123,no-data
50110,no-data
50112,no-data
50129,no-data
50104,no-data
50103,no-data
50124,no-data
50151,no-data
50132,no-data
50163,no-data
50201,no-data
50182,no-data
50175,no-data
50133,no-data
50164,no-data
50217,no-data
50224,no-data
50225,no-data
50216,no-data
50246,no-data
50221,no-data
50245,no-data
50248,no-data
50280,no-data
50281,no-data
50257,no-data
50282,no-data
50329,no-data
50321,no-data
50330,no-data
50331,no-data
50332,no-data
50347,no-data
50322,no-data
50323,no-data
50419,no-data
50422,no-data
50350,no-data
50449,no-data
50450,no-data
50452,no-data
50472,no-data
50453,no-data
50475,no-data
50476,no-data
50478,no-data
50479,no-data
50451,no-data
50444,no-data
50482,no-data
50480,no-data
50477,no-data
50483,no-data
50481,no-data
50487,no-data
50488,no-data
50447,no-data
50490,no-data
50485,no-data
50491,no-data
50492,no-data
50493,no-data
50486,no-data
50495,no-data
50496,no-data
50494,no-data
50497,no-data
50499,no-data
50484,no-data
50500,no-data
50498,no-data
50502,no-data
50503,no-data
50506,no-data
50510,no-data
50512,no-data
50501,no-data
50513,no-data
50511,no-data
50514,no-data
50518,no-data
50517,no-data
50519,no-data
50529,no-data
50527,no-data
50531,no-data
50532,no-data
50530,no-data
50533,no-data
50534,no-data
50525,no-data
50536,no-data
50537,no-data
50524,no-data
50535,no-data
50528,no-data
50538,no-data
50540,no-data
50541,no-data
50526,no-data
50543,no-data
50539,no-data
50544,no-data
50542,no-data
50547,no-data
50548,no-data
50551,no-data
50549,no-data
50552,no-data
50550,no-data
50546,no-data
50555,no-data
50545,no-data
50553,no-data
50557,no-data
50558,no-data
50556,no-data
50559,no-data
50554,no-data
50565,no-data
50567,no-data
50569,no-data
50568,no-data
50571,no-data
50570,no-data
50572,no-data
50573,no-data
50563,no-data
50581,no-data
50583,no-data
50585,no-data
50586,no-data
50582,no-data
50588,no-data
50589,no-data
50587,no-data
50574,no-data
50580,no-data
50591,no-data
50584,no-data
50594,no-data
50593,no-data
50595,no-data
50590,no-data
50596,no-data
50597,no-data
50598,no-data
50599,no-data
50600,no-data
50592,no-data
50601,no-data
50662,no-data
50634,no-data
50666,no-data
50683,no-data
50669,no-data
50637,no-data
50747,no-data
50748,no-data
50750,no-data
50749,no-data
50751,no-data
50752,no-data
50754,no-data
50753,no-data
50756,no-data
50758,no-data
50814,no-data
50817,no-data
50755,no-data
50870,no-data
50873,no-data
50757,no-data
50880,no-data
50887,no-data
50882,no-data
50888,no-data
50889,no-data
50890,no-data
50891,no-data
50883,no-data
50885,no-data
50895,no-data
50893,no-data
50894,no-data
50898,no-data
50899,no-data
50896,no-data
50900,no-data
50897,no-data
50901,no-data
50884,no-data
50892,no-data
50904,no-data
50902,no-data
50907,no-data
50903,no-data
50908,no-data
50909,no-data
50905,no-data
50906,no-data
50911,no-data
50914,no-data
50922,no-data
50924,no-data
50920,no-data
50921,no-data
50925,no-data
50928,no-data
50927,no-data
50926,no-data
50929,no-data
50918,no-data
50923,no-data
50932,no-data
50940,no-data
50941,no-data
50919,no-data
50930,no-data
50944,no-data
50943,no-data
50945,no-data
50947,no-data
50946,no-data
50948,no-data
50936,no-data
50949,no-data
50952,no-data
50939,no-data
50950,no-data
50953,no-data
50955,no-data
50954,no-data
50942,no-data
50951,no-data
50956,no-data
50958,no-data
50957,no-data
50961,no-data
50964,no-data
50963,no-data
50959,no-data
51029,no-data
50962,no-data
51031,no-data
51032,no-data
51033,no-data
50960,no-data
51030,no-data
51028,no-data
51034,no-data
51045,no-data
51043,no-data
51046,no-data
51048,no-data
51044,no-data
51049,no-data
51050,no-data
51047,no-data
51051,no-data
51053,no-data
51041,no-data
51054,no-data
51056,no-data
51052,no-data
51042,no-data
51057,no-data
51061,no-data
51060,no-data
51059,no-data
51069,no-data
51068,no-data
51070,no-data
51071,no-data
51067,no-data
51073,no-data
51072,no-data
51074,no-data
51058,no-data
51075,no-data
51077,no-data
51080,no-data
51079,no-data
51081,no-data
51082,no-data
51083,no-data
51085,no-data
51078,no-data
51084,no-data
51076,no-data
51092,no-data
51097,no-data
51099,no-data
51098,no-data
51100,no-data
51101,no-data
51095,no-data
51096,no-data
51102,no-data
51094,no-data
51103,no-data
51104,no-data
51105,no-data
51107,no-data
51108,no-data
51110,no-data
51106,no-data
51112,no-data
51111,no-data
51114,no-data
51116,no-data
51093,no-data
51118,no-data
51117,no-data
51119,no-data
51109,no-data
51113,no-data
51123,no-data
51121,no-data
51115,no-data
51322,no-data
51120,no-data
51588,no-data
51587,no-data
51593,no-data
51122,no-data
51323,no-data
51594,no-data
51597,no-data
51595,no-data
51600,no-data
51598,no-data
51602,no-data
51599,no-data
51610,no-data
51612,no-data
51608,no-data
51607,no-data
51614,no-data
51611,no-data
51616,no-data
51609,no-data
51618,no-data
51615,no-data
51617,no-data
51619,no-data
51620,no-data
51621,no-data
51623,no-data
51622,no-data
51624,no-data
51626,no-data
51613,no-data
51625,no-data
51631,no-data
51627,no-data
51628,no-data
51632,no-data
51634,no-data
51633,no-data
51630,no-data
51638,no-data
51635,no-data
51636,no-data
51639,no-data
51642,no-data
51641,no-data
51644,no-data
51643,no-data
51629,no-data
51649,no-data
51650,no-data
51652,no-data
51648,no-data
51662,no-data
51664,no-data
51665,no-data
51660,no-data
51666,no-data
51663,no-data
51658,no-data
51667,no-data
51659,no-data
51669,no-data
51670,no-data
51668,no-data
51671,no-data
51672,no-data
51675,no-data
51676,no-data
51673,no-data
51674,no-data
51678,no-data
51661,no-data
51677,no-data
51949,no-data
51679,no-data
51986,no-data
51681,no-data
52009,no-data
51988,no-data
51680,no-data
52008,no-data
52012,no-data
52010,no-data
52016,no-data
52015,no-data
52007,no-data
52037,no-data
52042,no-data
52034,no-data
52020,no-data
52058,no-data
52033,no-data
52200,no-data
52686,no-data
52361,no-data
53056,no-data
53055,no-data
53096,no-data
53474,no-data
53475,no-data
52359,no-data
52357,no-data
53477,no-data
53473,no-data
53476,no-data
53785,no-data
53933,no-data
53934,no-data
53935,no-data
53936,no-data
52358,no-data
53835,no-data
53938,no-data
53963,no-data
54468,no-data
53937,no-data
54068,no-data
54069,no-data
54291,no-data
54555,no-data
54470,no-data
54647,no-data
54469,stale
54848,no-data
54612,no-data
54822,no-data
90,no-data
93,no-data
97,no-data
98,no-data
95,no-data
115,no-data
100,no-data
119,no-data
120,no-data
121,no-data
122,no-data
711,no-data
714,no-data
759,no-data
784,no-data
763,no-data
788,no-data
777,no-data
798,no-data
799,no-data
875,no-data
876,no-data
964,no-data
966,no-data
968,no-data
973,no-data
967,no-data
975,no-data
985,no-data
992,no-data
996,no-data
974,no-data
1072,no-data
994,no-data
1100,no-data
1085,no-data
1105,no-data
1108,no-data
1096,no-data
1109,no-data
1166,no-data
1167,no-data
1170,no-data
1259,no-data
1267,no-data
1174,no-data
1272,no-data
1279,no-data
1269,no-data
1298,no-data
1313,no-data
1312,no-data
1385,no-data
1388,no-data
1392,no-data
1321,no-data
1472,no-data
1571,no-data
1568,no-data
1591,no-data
1599,no-data
1589,no-data
1658,no-data
1612,no-data
1684,no-data
1680,no-data
1742,stale
1797,no-data
1886,no-data
1900,no-data
1903,no-data
1895,no-data
1897,no-data
1905,no-data
1904,no-data
1907,no-data
1908,no-data
1906,no-data
1977,no-data
2065,no-data
2071,no-data
2115,no-data
2119,no-data
2121,no-data
2122,no-data
2123,no-data
2125,no-data
2126,no-data
2127,no-data
2128,no-data
2201,no-data
2206,no-data
2208,no-data
2288,no-data
2209,no-data
2377,no-data
2380,no-data
2383,no-data
2381,no-data
2392,no-data
2391,no-data
2393,no-data
2448,no-data
2451,no-data
2487,no-data
2496,no-data
2498,no-data
2499,no-data
2500,no-data
2497,no-data
2502,no-data
2501,no-data
2505,no-data
2503,no-data
2645,no-data
2685,no-data
2693,no-data
2695,no-data
2692,no-data
2703,no-data
2706,no-data
2847,no-data
2931,no-data
2940,no-data
2947,no-data
2948,no-data
2946,no-data
3007,no-data
3043,no-data
3038,no-data
3044,no-data
3054,no-data
3046,no-data
3050,no-data
3063,no-data
3064,no-data
3062,no-data
3122,no-data
3135,no-data
3131,no-data
3137,no-data
3139,no-data
3138,no-data
3141,no-data
3142,no-data
3140,no-data
3144,no-data
3143,no-data
3145,no-data
3219,no-data
3221,no-data
3222,no-data
3366,no-data
3364,no-data
3367,no-data
3432,no-data
3368,no-data
3433,no-data
3441,no-data
3459,no-data
3436,no-data
3464,no-data
3469,no-data
3479,no-data
3494,no-data
3525,no-data
3533,no-data
3532,no-data
3535,no-data
3529,no-data
3534,no-data
3756,no-data
3766,no-data
3767,no-data
3768,no-data
3769,no-data
3772,no-data
3878,no-data
3970,no-data
3973,no-data
3993,no-data
3991,no-data
3995,no-data
3994,no-data
3999,no-data
4158,no-data
4165,no-data
4169,no-data
4170,no-data
4167,no-data
4176,no-data
4171,no-data
4178,no-data
4177,no-data
4179,no-data
4180,no-data
4181,no-data
4216,no-data
4217,no-data
4218,no-data
4221,no-data
4268,no-data
4271,no-data
4220,no-data
4272,no-data
4274,no-data
4273,no-data
4275,no-data
4276,no-data
4284,no-data
4283,no-data
4282,no-data
4286,no-data
4285,no-data
4427,no-data
4437,no-data
4686,no-data
4688,no-data
4691,no-data
4728,no-data
4730,no-data
4763,no-data
4764,no-data
5005,no-data
5008,no-data
5010,no-data
5015,no-data
5044,no-data
5043,no-data
5049,no-data
5046,no-data
5053,no-data
5210,no-data
5211,no-data
5259,no-data
5260,no-data
5258,no-data
5262,no-data
5261,no-data
5265,no-data
5280,no-data
5284,no-data
5283,no-data
5285,no-data
5433,no-data
5435,no-data
5286,no-data
5436,no-data
5441,no-data
5447,no-data
5446,no-data
5448,no-data
5473,no-data
5451,no-data
5478,no-data
5491,no-data
5510,no-data
5517,no-data
5518,no-data
5598,no-data
5601,no-data
5600,no-data
5599,no-data
5663,no-data
5671,no-data
5673,no-data
5670,no-data
5674,no-data
5676,no-data
5706,no-data
5708,no-data
5709,no-data
5710,no-data
5704,no-data
5711,no-data
5758,no-data
5760,no-data
5759,no-data
5968,no-data
6038,no-data
6118,no-data
6119,no-data
6138,no-data
6088,no-data
6141,no-data
6142,no-data
6140,no-data
6144,no-data
6243,no-data
6143,no-data
6254,no-data
6255,no-data
6334,no-data
6261,no-data
6343,no-data
6345,no-data
6322,no-data
6351,no-data
6352,no-data
6455,no-data
6456,no-data
6606,no-data
6827,no-data
6834,no-data
6837,no-data
7147,no-data
7167,no-data
7168,no-data
7171,no-data
7186,no-data
7170,no-data
7467,no-data
7947,no-data
8075,no-data
8076,no-data
7954,no-data
8077,no-data
8079,no-data
8080,no-data
8078,no-data
8083,no-data
8084,no-data
8089,no-data
8088,no-data
8147,no-data
8195,no-data
8366,no-data
8502,no-data
8503,no-data
8769,no-data
8504,no-data
8768,no-data
8771,no-data
8772,no-data
8770,no-data
8773,no-data
8781,no-data
8782,no-data
8783,no-data
8785,no-data
8786,no-data
8821,no-data
8824,no-data
8784,no-data
8828,no-data
8829,no-data
8830,no-data
8832,no-data
8833,no-data
8841,no-data
8834,no-data
8840,no-data
8842,no-data
8886,no-data
8881,no-data
8888,no-data
8889,no-data
8887,no-data
8890,no-data
8880,no-data
8891,no-data
8892,no-data
8905,no-data
8907,no-data
8930,no-data
8906,no-data
8934,no-data
8935,no-data
8931,no-data
8936,no-data
8937,no-data
8955,no-data
8960,no-data
8963,no-data
8965,no-data
8967,no-data
8982,no-data
8984,no-data
8985,no-data
8988,no-data
8986,no-data
8987,no-data
9031,no-data
9032,no-data
9033,no-data
9037,no-data
9035,no-data
9042,no-data
9045,no-data
9047,no-data
9034,no-data
9046,no-data
9049,no-data
9083,no-data
9085,no-data
9048,no-data
9086,no-data
9089,no-data
9090,no-data
9091,no-data
9092,no-data
9093,no-data
9096,no-data
9098,no-data
9167,no-data
9161,no-data
9169,no-data
9168,no-data
9170,no-data
9175,no-data
9100,no-data
9176,no-data
9180,no-data
9183,no-data
9184,no-data
9182,no-data
9211,no-data
9209,no-data
9212,no-data
9213,no-data
9215,no-data
9310,no-data
9216,no-data
9334,no-data
9317,no-data
9367,no-data
9357,no-data
9376,no-data
9377,no-data
10322,no-data
10449,no-data
10457,no-data
10463,no-data
10580,no-data
10585,no-data
10685,no-data
10588,no-data
10716,no-data
10719,no-data
10596,no-data
10723,no-data
10721,no-data
10726,no-data
10756,no-data
10878,no-data
11182,no-data
11317,no-data
11322,no-data
11588,no-data
11589,no-data
11586,no-data
11591,no-data
11323,no-data
11605,no-data
11607,no-data
11763,no-data
11608,no-data
11838,no-data
11806,no-data
12033,no-data
12407,no-data
12423,no-data
12429,no-data
12439,no-data
12441,no-data
12456,no-data
12591,no-data
12586,no-data
12745,no-data
12748,no-data
12749,no-data
12750,no-data
12751,no-data
12754,no-data
12794,no-data
12797,no-data
12801,no-data
12802,no-data
12816,no-data
12831,no-data
12798,no-data
12832,no-data
12961,no-data
12972,no-data
12962,no-data
12980,no-data
12981,no-data
12991,no-data
12993,no-data
12986,no-data
12995,no-data
13078,no-data
13604,no-data
13605,no-data
13607,no-data
13606,no-data
13608,no-data
13629,no-data
13612,no-data
13631,no-data
13645,no-data
13647,no-data
13652,no-data
13632,no-data
13657,no-data
13655,no-data
13656,no-data
13658,no-data
13659,no-data
13680,no-data
13681,no-data
13662,no-data
13683,no-data
13688,no-data
13722,no-data
13689,no-data
13724,no-data
13723,no-data
13750,no-data
13753,no-data
13751,no-data
13874,no-data
13875,no-data
13912,no-data
13919,no-data
13922,no-data
13923,no-data
13925,no-data
13924,no-data
14389,no-data
14391,no-data
14392,no-data
14390,no-data
14393,no-data
14394,no-data
14488,no-data
14609,no-data
14643,no-data
14689,no-data
14690,no-data
14691,no-data
14695,no-data
14693,no-data
14845,no-data
14892,no-data
15052,no-data
15053,no-data
15054,no-data
15055,no-data
15070,no-data
15081,no-data
15068,no-data
15079,no-data
15089,no-data
15085,no-data
16009,no-data
16008,no-data
16023,no-data
16038,no-data
16062,no-data
16065,no-data
16026,no-data
16068,no-data
16066,no-data
16076,no-data
16069,no-data
16079,no-data
16077,no-data
16080,no-data
16081,no-data
16144,no-data
16142,no-data
16145,no-data
16147,no-data
16148,no-data
16146,no-data
16157,no-data
16149,no-data
16158,no-data
16150,no-data
16159,no-data
16188,no-data
16161,no-data
16211,no-data
16747,no-data
17019,no-data
17024,no-data
17030,no-data
17033,no-data
17027,no-data
17041,no-data
17040,no-data
17123,no-data
17382,no-data
17308,no-data
17383,no-data
17402,no-data
17403,no-data
17404,stale
17838,no-data
17830,no-data
17839,no-data
17842,no-data
17843,no-data
17844,no-data
17852,no-data
17853,no-data
17845,no-data
17847,no-data
18105,no-data
18062,no-data
18002,no-data
18122,no-data
18106,no-data
18163,no-data
18226,no-data
18229,no-data
18233,no-data
18235,no-data
18236,no-data
18636,no-data
18634,no-data
18637,no-data
18763,no-data
18765,no-data
18967,no-data
19004,no-data
19005,no-data
18985,no-data
19006,no-data
19082,no-data
19148,no-data
19149,no-data
19156,no-data
19157,no-data
19162,no-data
19164,no-data
19167,no-data
19195,no-data
19194,no-data
19199,no-data
19200,no-data
19428,no-data
19429,no-data
19440,no-data
19455,no-data
19762,no-data
19809,no-data
19916,no-data
19917,no-data
19456,no-data
19924,no-data
19936,no-data
19938,no-data
19977,no-data
20351,no-data
20337,no-data
20365,no-data
20366,no-data
20367,no-data
20372,no-data
20380,no-data
20370,no-data
20386,no-data
20421,no-data
20551,no-data
20586,no-data
20587,no-data
20585,no-data
20766,no-data
20767,no-data
20768,no-data
20779,no-data
20778,no-data
20780,no-data
20781,no-data
20782,no-data
20783,no-data
20822,no-data
20904,no-data
20825,no-data
20896,no-data
20911,no-data
20912,no-data
20913,no-data
20923,no-data
20924,no-data
20915,no-data
20925,no-data
20952,no-data
20953,no-data
21008,no-data
21013,no-data
21014,no-data
21057,no-data
21059,no-data
21060,no-data
21038,no-data
21061,no-data
21063,no-data
21073,no-data
21074,no-data
21077,no-data
21078,no-data
21162,no-data
21164,no-data
21076,no-data
21192,no-data
21171,no-data
21174,no-data
21194,no-data
21222,no-data
21223,no-data
21224,no-data
21226,stale
21225,no-data
21227,no-data
21419,no-data
21313,no-data
21420,no-data
21421,no-data
21422,no-data
21423,no-data
21442,no-data
21443,no-data
21444,no-data
21447,no-data
21446,no-data
21575,no-data
21580,no-data
21445,no-data
21578,no-data
21646,no-data
21656,no-data
21658,no-data
21662,no-data
21717,no-data
21718,no-data
21719,no-data
21720,no-data
21721,no-data
21722,no-data
21723,no-data
21847,stale
21848,no-data
21846,no-data
21924,no-data
21927,no-data
21959,no-data
21960,no-data
22024,no-data
21966,no-data
22025,no-data
22023,no-data
22026,no-data
22028,no-data
22126,no-data
22132,no-data
22133,no-data
22131,no-data
22135,no-data
22145,no-data
22134,no-data
22155,no-data
22154,no-data
22236,no-data
22237,no-data
22203,no-data
22238,no-data
22239,no-data
22249,no-data
22283,no-data
22285,no-data
22286,no-data
22287,no-data
22284,no-data
22546,no-data
22762,no-data
22764,no-data
22765,no-data
22781,no-data
22782,no-data
22871,no-data
23055,no-data
23080,no-data
23076,no-data
23090,no-data
23144,no-data
23147,no-data
23086,no-data
23148,no-data
23151,no-data
23152,no-data
23153,no-data
23348,no-data
23349,no-data
23356,no-data
23350,no-data
23382,no-data
23359,no-data
23383,no-data
23384,no-data
23496,no-data
23582,no-data
23640,no-data
23650,no-data
23652,no-data
23653,no-data
23656,no-data
23673,no-data
23724,no-data
23725,no-data
23727,no-data
23728,no-data
23854,no-data
23842,no-data
23855,no-data
23856,no-data
23939,no-data
23941,no-data
23945,no-data
23946,no-data
23947,no-data
23944,no-data
23948,no-data
23949,no-data
23950,no-data
23951,no-data
23952,no-data
23953,no-data
24080,no-data
24086,no-data
24085,no-data
24092,no-data
24115,no-data
24116,stale
24117,stale
24121,no-data
24087,no-data
24122,no-data
24234,no-data
24123,no-data
24235,no-data
24242,no-data
24249,no-data
24244,no-data
24324,no-data
24322,no-data
24325,no-data
24506,no-data
24326,no-data
24509,no-data
24516,no-data
24524,no-data
24519,no-data
24515,no-data
24532,no-data
24528,no-data
24533,no-data
24535,no-data
24536,no-data
24534,no-data
25026,stale
25027,stale
25197,no-data
25351,no-data
25353,no-data
25358,no-data
25360,no-data
25370,no-data
25357,no-data
25376,no-data
25378,no-data
25407,no-data
25408,no-data
25410,no-data
25521,no-data
25550,no-data
25551,no-data
25571,no-data
25582,no-data
25572,no-data
25664,no-data
25675,no-data
25685,no-data
25682,no-data
25686,no-data
25688,no-data
25724,no-data
25723,no-data
25709,no-data
26003,no-data
26046,no-data
26081,no-data
26082,no-data
26074,no-data
26084,no-data
26085,no-data
26086,no-data
26098,no-data
26101,no-data
26102,no-data
26103,no-data
26105,no-data
26140,no-data
26142,no-data
26143,no-data
26104,no-data
26145,no-data
26149,no-data
26161,no-data
26146,no-data
26162,no-data
26163,no-data
26165,no-data
26175,no-data
26164,no-data
26187,no-data
26170,no-data
26190,no-data
26189,no-data
26188,no-data
26203,no-data
26204,no-data
26205,no-data
26206,no-data
26208,no-data
26235,no-data
26251,no-data
26252,no-data
26254,no-data
26257,no-data
26258,no-data
26255,no-data
26266,no-data
26268,no-data
26267,no-data
26263,no-data
26271,no-data
26296,no-data
26298,no-data
26299,no-data
26301,no-data
26303,no-data
26306,no-data
26307,no-data
26308,no-data
26309,no-data
26311,no-data
26310,no-data
26356,no-data
26358,no-data
26361,no-data
26362,no-data
26364,no-data
26365,no-data
26366,no-data
26367,no-data
26368,no-data
26363,no-data
26416,no-data
26370,no-data
26419,no-data
26417,no-data
26418,no-data
26420,no-data
26421,no-data
26423,no-data
26430,no-data
26431,no-data
26427,no-data
26432,no-data
26462,no-data
26463,no-data
26465,no-data
26466,no-data
26434,no-data
26467,no-data
26479,no-data
26468,no-data
26480,no-data
26481,no-data
26483,no-data
26486,no-data
26517,no-data
26525,no-data
26487,no-data
26528,no-data
26527,no-data
26526,no-data
26529,no-data
26546,no-data
26549,no-data
26551,no-data
26548,no-data
26552,no-data
26554,no-data
26569,no-data
26571,no-data
26572,no-data
26573,no-data
26570,no-data
26574,no-data
26613,no-data
26616,no-data
26598,no-data
26630,no-data
26615,no-data
26632,no-data
26635,no-data
26636,no-data
26637,no-data
26661,no-data
26634,no-data
26663,no-data
26671,no-data
26673,no-data
26677,no-data
26679,no-data
26676,no-data
26681,no-data
26678,no-data
26685,no-data
26726,no-data
26680,no-data
26727,no-data
26738,no-data
26735,no-data
26732,no-data
26739,no-data
26778,no-data
26787,no-data
26740,no-data
26788,no-data
26789,no-data
26790,no-data
26791,no-data
26794,no-data
26800,no-data
26803,no-data
26795,no-data
26804,no-data
26805,no-data
26842,no-data
26841,no-data
26840,no-data
26844,no-data
26843,no-data
26845,no-data
26846,no-data
26847,no-data
26852,no-data
26853,no-data
26856,no-data
26854,no-data
26895,no-data
26896,no-data
26898,no-data
26899,no-data
26902,no-data
26900,no-data
26912,no-data
26913,no-data
26904,no-data
26915,no-data
26918,no-data
26897,no-data
26950,no-data
26949,no-data
26954,no-data
26955,no-data
26956,no-data
26971,no-data
26957,no-data
26972,no-data
26974,no-data
26973,no-data
26975,no-data
26998,no-data
27006,no-data
27005,no-data
27008,no-data
27007,no-data
27030,no-data
27009,no-data
27033,no-data
27034,no-data
27058,no-data
27031,no-data
27038,no-data
27060,no-data
27061,no-data
27062,no-data
27063,no-data
27064,no-data
27066,no-data
27087,no-data
27086,no-data
27090,no-data
27088,no-data
27120,no-data
27119,no-data
27121,no-data
27118,no-data
27122,no-data
27123,no-data
27146,no-data
27147,no-data
27144,no-data
27149,no-data
27150,no-data
27155,no-data
27162,no-data
27161,no-data
27164,no-data
27165,no-data
27163,no-data
27207,no-data
27200,no-data
27208,no-data
27166,no-data
27210,no-data
27209,no-data
27211,no-data
27220,no-data
27223,no-data
27225,no-data
27226,no-data
27224,no-data
27227,no-data
27266,no-data
27268,no-data
27269,no-data
27270,no-data
27267,no-data
27271,no-data
27276,no-data
27281,no-data
27277,no-data
27285,no-data
27286,no-data
27288,no-data
27315,no-data
27319,no-data
27322,no-data
27324,no-data
27325,no-data
27326,no-data
27327,no-data
27323,no-data
27328,no-data
27329,no-data
27332,no-data
27370,no-data
27376,no-data
27379,no-data
27378,no-data
27381,no-data
27380,no-data
27377,no-data
27386,no-data
27391,no-data
27392,no-data
27393,no-data
27395,no-data
27511,no-data
27513,no-data
27554,no-data
27590,no-data
27588,no-data
27596,no-data
27530,no-data
27599,no-data
27598,no-data
27597,no-data
27606,no-data
27610,no-data
27611,no-data
27605,no-data
27612,no-data
27852,no-data
27853,no-data
27894,no-data
27863,no-data
27864,no-data
27923,no-data
27940,no-data
27935,no-data
27932,no-data
27944,no-data
27950,no-data
28007,no-data
28003,no-data
28009,no-data
28010,no-data
28008,no-data
28011,no-data
28023,no-data
28016,no-data
28056,no-data
28058,no-data
28059,no-data
28093,no-data
28113,no-data
28291,no-data
28326,no-data
28330,no-data
28354,no-data
28366,no-data
28464,no-data
28487,no-data
28329,no-data
28488,no-data
28489,no-data
28914,no-data
28916,no-data
28932,no-data
28958,no-data
28906,no-data
28961,no-data
29413,no-data
29408,no-data
29415,no-data
29416,no-data
29417,no-data
29420,no-data
29419,no-data
29422,no-data
29421,no-data
29424,no-data
29418,no-data
29433,no-data
29506,no-data
29507,no-data
29505,no-data
29509,no-data
29508,no-data
29510,no-data
29541,no-data
29543,no-data
29544,no-data
29552,no-data
29619,no-data
29620,no-data
29554,no-data
29621,no-data
29623,no-data
29622,no-data
29626,no-data
29660,no-data
29652,no-data
29665,no-data
29666,no-data
29667,no-data
29668,no-data
29670,no-data
29671,no-data
29676,no-data
29683,no-data
29686,no-data
29826,no-data
29827,no-data
29830,no-data
29829,no-data
29831,no-data
29843,no-data
29856,no-data
29849,no-data
29876,no-data
29872,no-data
29858,no-data
29877,no-data
29879,no-data
29880,no-data
30128,no-data
30147,no-data
30176,no-data
30178,no-data
30179,no-data
30180,no-data
30193,no-data
30191,no-data
30198,no-data
30423,no-data
30427,no-data
30424,no-data
30466,no-data
30471,no-data
30467,no-data
30472,no-data
30473,no-data
30474,no-data
30494,no-data
30512,no-data
30511,no-data
30537,no-data
30557,no-data
30715,no-data
30528,no-data
30711,no-data
30726,no-data
30723,no-data
30725,no-data
30758,no-data
30759,no-data
30757,no-data
30765,no-data
30760,no-data
31081,no-data
31082,no-data
31083,no-data
31088,no-data
31301,no-data
31309,no-data
31302,no-data
31311,no-data
31325,no-data
31353,no-data
31506,no-data
31551,no-data
31505,no-data
31327,no-data
31654,no-data
31604,no-data
31743,no-data
31676,no-data
31805,no-data
31806,no-data
31843,no-data
31844,no-data
31824,no-data
31846,no-data
31845,no-data
31847,no-data
32202,stale
32205,stale
32400,no-data
32401,no-data
32402,no-data
32403,no-data
32404,no-data
32484,no-data
32498,no-data
32562,no-data
32507,no-data
32511,no-data
32632,no-data
32574,no-data
32655,stale
32658,stale
32656,stale
32659,no-data
32722,no-data
32725,no-data
32728,no-data
32729,no-data
32730,no-data
32731,no-data
32762,no-data
32763,no-data
32764,no-data
32765,no-data
32766,no-data
32938,no-data
32767,no-data
32939,no-data
32951,no-data
32940,no-data
32967,no-data
32970,no-data
32968,no-data
32971,no-data
33000,no-data
33063,no-data
33074,no-data
33002,no-data
33081,no-data
33090,no-data
33075,no-data
33089,no-data
33146,no-data
33092,no-data
33162,no-data
33161,no-data
33167,no-data
33220,no-data
33234,no-data
33226,no-data
33227,no-data
33236,no-data
33383,no-data
33246,no-data
33395,no-data
33396,no-data
33394,no-data
33398,no-data
33400,no-data
33402,no-data
33626,no-data
33633,no-data
33639,no-data
33642,no-data
33641,no-data
33651,no-data
33650,no-data
33652,no-data
33643,no-data
33653,no-data
33654,no-data
33817,no-data
33822,no-data
33984,no-data
33990,no-data
33986,no-data
34048,no-data
33991,no-data
34154,no-data
34152,no-data
34155,no-data
34156,no-data
34159,no-data
34171,no-data
34221,no-data
34249,no-data
34252,no-data
34263,no-data
34258,no-data
34264,no-data
34288,no-data
34302,no-data
34301,no-data
34303,no-data
34300,no-data
34305,no-data
34308,no-data
34306,no-data
34309,no-data
34311,no-data
34456,no-data
34459,no-data
34310,no-data
34462,no-data
34463,no-data
34511,no-data
34465,no-data
34512,no-data
34513,no-data
34514,no-data
34516,no-data
34517,no-data
34464,no-data
34596,no-data
34627,no-data
34628,no-data
34630,no-data
34629,no-data
34694,no-data
34696,no-data
34716,no-data
34724,no-data
34733,no-data
34732,no-data
34734,no-data
34735,no-data
34717,no-data
34824,no-data
34825,no-data
34881,no-data
34880,no-data
34882,no-data
34883,no-data
34886,no-data
35445,no-data
35446,no-data
35447,no-data
35448,no-data
35449,no-data
35452,no-data
35450,no-data
35453,no-data
35461,no-data
35459,no-data
35485,no-data
35581,stale
35674,no-data
35715,no-data
35719,no-data
35727,no-data
35691,no-data
35740,no-data
35773,no-data
35775,no-data
35757,no-data
35778,no-data
35776,no-data
35772,no-data
36790,no-data
36788,no-data
36829,no-data
36831,no-data
36839,no-data
36840,no-data
36791,no-data
37102,no-data
37100,no-data
37266,no-data
37175,no-data
37327,no-data
37328,no-data
37333,no-data
37336,no-data
37335,no-data
37309,no-data
37341,no-data
37337,no-data
37338,no-data
37611,no-data
37659,no-data
37832,no-data
37885,no-data
37916,no-data
37914,no-data
37946,no-data
37917,no-data
37952,no-data
37973,no-data
37974,no-data
38076,no-data
38074,no-data
38066,no-data
38078,no-data
38077,no-data
38113,no-data
38090,no-data
38158,no-data
38159,no-data
38274,no-data
38275,no-data
38166,no-data
38279,no-data
38292,no-data
38352,no-data
38392,no-data
38389,no-data
38390,no-data
38492,no-data
38494,no-data
38496,no-data
38498,no-data
38497,no-data
38501,no-data
38493,no-data
38502,no-data
38499,no-data
38625,no-data
38508,no-data
38507,no-data
38643,no-data
38645,no-data
38646,no-data
38647,no-data
38648,no-data
38725,no-data
38832,no-data
38843,no-data
38881,no-data
38888,no-data
38892,no-data
38886,no-data
38936,stale
38941,no-data
38983,no-data
39107,no-data
39145,no-data
39147,no-data
39149,no-data
39163,no-data
39185,no-data
39186,no-data
39201,no-data
39203,no-data
39356,no-data
39568,no-data
39662,no-data
39663,no-data
39677,no-data
39658,no-data
39699,no-data
39832,no-data
39884,no-data
39892,no-data
39687,no-data
39945,no-data
39950,no-data
40035,no-data
40036,no-data
40082,no-data
40084,no-data
40111,no-data
40129,no-data
40130,no-data
40112,no-data
40132,no-data
40131,no-data
40134,no-data
40165,no-data
40169,no-data
40133,no-data
40171,no-data
40173,no-data
40175,no-data
40176,no-data
40216,no-data
40434,no-data
40435,no-data
40436,no-data
40217,no-data
40452,no-data
40498,no-data
40538,no-data
40479,no-data
40582,no-data
40595,no-data
40553,no-data
40665,no-data
40774,no-data
40814,no-data
40815,no-data
40833,no-data
40835,no-data
40873,no-data
40853,no-data
40874,no-data
40886,no-data
40891,no-data
40958,no-data
40965,no-data
40967,no-data
40957,no-data
41147,no-data
41153,no-data
41159,no-data
41221,no-data
41220,no-data
41222,no-data
41219,no-data
41237,no-data
41247,no-data
41227,no-data
41364,no-data
41360,no-data
41368,no-data
41370,no-data
41369,no-data
41371,no-data
41493,no-data
41583,no-data
41613,no-data
41627,no-data
41637,no-data
41642,no-data
41657,no-data
41619,no-data
41652,no-data
41669,no-data
41663,no-data
41811,no-data
41977,no-data
41980,no-data
41982,no-data
41983,no-data
42094,no-data
42092,no-data
42097,no-data
42230,no-data
42098,no-data
42245,no-data
42251,no-data
42235,no-data
42258,no-data
42365,no-data
42372,no-data
42371,no-data
42493,no-data
42497,no-data
42505,no-data
42506,no-data
42586,no-data
42592,no-data
42507,no-data
42610,no-data
42617,no-data
42925,no-data
42932,no-data
42933,no-data
42934,no-data
42935,no-data
42936,no-data
43038,no-data
43041,no-data
43042,no-data
43043,no-data
43088,no-data
43040,no-data
43091,no-data
43092,no-data
43114,no-data
43097,no-data
43252,no-data
43336,no-data
43474,no-data
43483,no-data
43523,no-data
43525,no-data
43531,stale
43532,no-data
43576,no-data
43575,no-data
43578,no-data
43577,no-data
43999,no-data
44079,no-data
44119,no-data
44142,no-data
44085,no-data
44162,no-data
44163,no-data
44161,no-data
44206,no-data
44172,no-data
44169,no-data
44603,no-data
44604,no-data
44608,no-data
44607,no-data
44611,no-data
44609,no-data
44612,no-data
44620,no-data
44621,no-data
44625,no-data
44679,no-data
44680,no-data
44623,no-data
44752,no-data
44753,no-data
44754,no-data
44755,no-data
44756,no-data
44777,no-data
44769,no-data
44779,no-data
44780,no-data
44781,no-data
44778,no-data
44837,no-data
44838,no-data
44840,no-data
44845,no-data
44839,no-data
44964,no-data
44948,no-data
44965,no-data
44970,no-data
44971,no-data
44982,no-data
44973,no-data
45006,no-data
45007,no-data
45237,no-data
45247,no-data
45274,no-data
45276,no-data
45290,no-data
45450,no-data
45435,no-data
45291,no-data
45629,no-data
45889,no-data
45901,no-data
45884,no-data
45917,no-data
45919,no-data
45923,no-data
45921,no-data
45925,no-data
46107,no-data
46112,no-data
46105,no-data
46229,no-data
46736,no-data
46738,no-data
46319,no-data
46737,no-data
46783,no-data
46784,no-data
46793,no-data
46796,no-data
46797,no-data
46840,no-data
46841,no-data
47025,no-data
46839,no-data
47034,no-data
47065,no-data
47089,no-data
47102,no-data
47134,no-data
47105,no-data
47136,no-data
47159,no-data
47137,no-data
47135,no-data
47362,no-data
47360,no-data
47364,no-data
47366,no-data
47365,no-data
47375,no-data
47378,no-data
47367,no-data
47379,no-data
47398,no-data
47406,no-data
47408,no-data
47409,no-data
47410,no-data
47407,no-data
47589,no-data
47593,no-data
47594,no-data
47592,no-data
47597,no-data
47638,no-data
47637,no-data
47642,no-data
47641,no-data
47639,no-data
48989,no-data
48945,no-data
49016,no-data
49022,no-data
49024,no-data
49018,no-data
49106,no-data
49154,no-data
49156,no-data
49158,no-data
49160,no-data
49152,no-data
49653,no-data
49664,no-data
49675,no-data
49684,no-data
49681,no-data
49666,no-data
49687,no-data
49691,no-data
49709,no-data
49714,no-data
49717,no-data
49864,no-data
49716,no-data
49886,no-data
49873,no-data
49891,no-data
49892,no-data
49924,no-data
49890,no-data
49909,no-data
49931,no-data
49925,no-data
49935,no-data
50091,no-data
49933,no-data
50100,no-data
50092,no-data
50101,no-data
50247,no-data
50099,no-data
50251,no-data
50252,no-data
50256,no-data
50389,no-data
50390,no-data
50249,no-data
50395,no-data
50431,no-data
50433,no-data
50434,no-data
50489,no-data
50504,no-data
50507,no-data
50505,no-data
50508,no-data
50516,no-data
50515,no-data
50520,no-data
50522,no-data
50509,no-data
50560,no-data
50523,no-data
50521,no-data
50564,no-data
50566,no-data
50561,no-data
50562,no-data
50577,no-data
50575,no-data
50576,no-data
50578,no-data
50871,no-data
50579,no-data
50875,no-data
50874,no-data
50872,no-data
50876,no-data
50878,no-data
50877,no-data
50879,no-data
50881,no-data
50886,no-data
50910,no-data
50912,no-data
50915,no-data
50916,no-data
50917,no-data
50931,no-data
50913,no-data
50934,no-data
50935,no-data
50933,no-data
50937,no-data
51035,no-data
51036,no-data
50938,no-data
51037,no-data
51038,no-data
51039,no-data
51040,no-data
51055,no-data
51062,no-data
51064,no-data
51065,no-data
51066,no-data
51063,no-data
51086,no-data
51087,no-data
51088,no-data
51090,no-data
51089,no-data
51324,no-data
51124,no-data
51091,no-data
51589,no-data
51590,no-data
51591,no-data
51592,no-data
51601,no-data
51596,no-data
51603,no-data
51604,no-data
51605,no-data
51606,no-data
51640,no-data
51637,no-data
51646,no-data
51645,no-data
51651,no-data
51653,no-data
51647,no-data
51654,no-data
51656,no-data
51655,no-data
51657,no-data
52021,no-data
52201,no-data
52251,no-data
52252,no-data
52356,no-data
52253,no-data
